hw_id,question_id,student_id,ta_id,ta_role,question_type,has_mistakes,treatment,feedback_provision,feedback_time,feedback_length,feedback_rating,draft_usage,draft_rating,similarity_score,grade_reconsideration
1,55741749,s1,t1,UTA,applied,0.0,1,0,,0.0,,0,3,,keep
1,55741749,s2,t1,UTA,applied,1.0,1,0,0.4767314814814815,108.0,3.0,0,3,0.15873015873015875,keep
1,55741749,s3,t1,UTA,applied,0.0,1,0,,0.0,,0,4,,keep
1,55741749,s4,t1,UTA,applied,1.0,1,0,0.8195416666666667,24.0,,0,3,0.06382978723404255,keep
1,55741749,s5,t1,UTA,applied,1.0,0,0,0.0320434782608695,23.0,4.0,,,,
1,55741749,s6,t1,UTA,applied,0.0,1,0,,0.0,,0,4,,keep
1,55741749,s7,t1,UTA,applied,0.0,0,0,,0.0,,,,,
1,55741749,s8,t1,UTA,applied,0.0,0,0,,0.0,,,,,
1,55741749,s9,t1,UTA,applied,0.0,0,0,,0.0,,,,,
1,55741749,s10,t1,UTA,applied,1.0,0,0,0.0128260869565217,92.0,4.0,,,,
1,55741749,s11,t1,UTA,applied,0.0,1,0,,0.0,,0,4,,keep
1,55741749,s12,t1,UTA,applied,0.0,1,0,,0.0,,0,4,,keep
1,55741749,s13,t1,UTA,applied,0.0,1,0,,0.0,,0,4,,keep
1,55741749,s15,t1,UTA,applied,1.0,1,1,0.0504114583333333,192.0,3.0,0,4,0.21052631578947367,keep
1,55741749,s16,t1,UTA,applied,1.0,1,0,0.15468,25.0,,0,4,0.04878048780487805,keep
1,55741749,s18,t1,UTA,applied,0.0,1,0,,0.0,,0,4,,keep
1,55741749,s19,t1,UTA,applied,0.0,0,0,,0.0,4.0,,,,
1,55741749,s20,t1,UTA,applied,0.0,1,0,,0.0,4.0,0,4,,keep
1,55741749,s21,t1,UTA,applied,1.0,0,0,0.0502173913043478,23.0,4.0,,,,
1,55741749,s22,t1,UTA,applied,0.0,0,0,,0.0,,,,,
1,55741749,s23,t1,UTA,applied,0.0,0,0,,0.0,3.0,,,,
1,55741749,s24,t1,UTA,applied,0.0,0,0,,0.0,,,,,
1,55741749,s25,t1,UTA,applied,0.0,1,0,,0.0,,0,2,,keep
1,55741749,s27,t1,UTA,applied,0.0,1,0,,0.0,,0,4,,keep
1,55741749,s28,t1,UTA,applied,0.0,0,0,,0.0,,,,,
1,55741749,s29,t1,UTA,applied,0.0,1,0,,0.0,,0,4,,keep
1,55741749,s30,t1,UTA,applied,0.0,1,0,,0.0,,0,4,,keep
1,55741749,s31,t1,UTA,applied,0.0,1,0,,0.0,4.0,0,4,,keep
1,55741749,s32,t1,UTA,applied,0.0,0,0,,0.0,3.0,,,,
1,55741749,s33,t1,UTA,applied,1.0,0,1,1.1984237288135593,59.0,,,,,
1,55741749,s34,t1,UTA,applied,0.0,1,0,,0.0,,0,4,,keep
1,55741749,s35,t1,UTA,applied,1.0,1,1,0.048020725388601,386.0,2.0,1,5,1.0,keep
1,55741749,s36,t1,UTA,applied,0.0,1,0,,0.0,,0,4,,keep
1,55741749,s37,t1,UTA,applied,0.0,1,0,,0.0,3.0,0,4,,keep
1,55741749,s38,t1,UTA,applied,0.0,1,0,,0.0,,0,4,,keep
1,55741749,s39,t1,UTA,applied,1.0,0,0,0.0394166666666666,24.0,,,,,
1,55741749,s40,t1,UTA,applied,0.0,1,0,,0.0,,0,4,,keep
1,55741749,s41,t1,UTA,applied,0.0,0,0,,0.0,4.0,,,,
1,55741749,s42,t1,UTA,applied,1.0,0,0,0.0087608695652173,92.0,3.0,,,,
1,55741749,s43,t1,UTA,applied,0.0,1,0,,0.0,,0,3,,keep
1,55741749,s45,t1,UTA,applied,0.0,0,0,,0.0,,,,,
1,55741749,s46,t1,UTA,applied,0.0,1,0,,0.0,,0,4,,keep
1,55741749,s47,t1,UTA,applied,0.0,1,0,,0.0,,0,4,,keep
1,55741749,s48,t1,UTA,applied,0.0,0,0,,0.0,,,,,
1,55741749,s49,t1,UTA,applied,0.0,1,0,,0.0,,0,3,,keep
1,55741749,s50,t1,UTA,applied,1.0,0,1,1.0792619047619048,42.0,4.0,,,,
1,55741749,s51,t1,UTA,applied,0.0,0,0,,0.0,,,,,
1,55741749,s52,t1,UTA,applied,1.0,1,0,0.4716914893617021,94.0,,0,3,0.15584415584415584,keep
1,55741749,s53,t1,UTA,applied,1.0,0,0,0.011695652173913,92.0,,,,,
1,55741749,s54,t1,UTA,applied,0.0,0,0,,0.0,,,,,
1,55741749,s55,t1,UTA,applied,0.0,1,0,,0.0,,0,4,,keep
1,55741749,s56,t1,UTA,applied,0.0,0,0,,0.0,,,,,
1,55741749,s57,t1,UTA,applied,0.0,0,0,,0.0,,,,,
1,55741749,s58,t1,UTA,applied,0.0,0,0,,0.0,5.0,,,,
1,55741749,s59,t1,UTA,applied,0.0,1,0,,0.0,,0,4,,keep
1,55741749,s60,t1,UTA,applied,1.0,0,0,,0.0,4.0,,,,
1,55741749,s61,t1,UTA,applied,1.0,0,1,0.0104767441860465,86.0,5.0,,,,
1,55741749,s62,t1,UTA,applied,1.0,1,0,,0.0,,0,5,,decrease
1,55741749,s63,t1,UTA,applied,0.0,0,0,,0.0,,,,,
1,55741749,s64,t1,UTA,applied,1.0,0,0,0.0137894736842105,76.0,,,,,
1,55741749,s65,t1,UTA,applied,0.0,0,0,,0.0,,,,,
1,55741749,s66,t1,UTA,applied,1.0,1,0,0.0620543478260869,92.0,,0,3,0.07547169811320754,keep
1,55741749,s67,t1,UTA,applied,0.0,0,0,,0.0,,,,,
1,55741749,s68,t1,UTA,applied,0.0,1,0,,0.0,,0,2,,keep
1,55741749,s69,t1,UTA,applied,0.0,1,0,,0.0,,0,4,,keep
1,55741749,s70,t1,UTA,applied,0.0,0,0,,0.0,,,,,
1,55741749,s71,t1,UTA,applied,0.0,1,0,,0.0,,0,4,,keep
1,55741749,s72,t1,UTA,applied,0.0,0,0,,0.0,2.0,,,,
1,55741749,s73,t1,UTA,applied,0.0,0,0,,0.0,3.0,,,,
1,55741749,s74,t1,UTA,applied,0.0,1,0,,0.0,,0,3,,keep
1,55741749,s75,t1,UTA,applied,0.0,0,0,,0.0,4.0,,,,
1,55741749,s76,t1,UTA,applied,0.0,0,0,,0.0,,,,,
1,55741749,s77,t1,UTA,applied,1.0,1,0,0.1730588235294117,51.0,4.0,0,4,0.18181818181818182,keep
1,55741749,s78,t1,UTA,applied,0.0,0,0,,0.0,,,,,
1,55741749,s79,t1,UTA,applied,0.0,1,0,,0.0,,0,4,,keep
1,55741749,s80,t1,UTA,applied,0.0,1,0,,0.0,,0,4,,keep
1,55741749,s82,t1,UTA,applied,0.0,0,0,,0.0,,,,,
1,55741749,s83,t1,UTA,applied,0.0,1,0,,0.0,3.0,0,4,,keep
1,55741749,s85,t1,UTA,applied,1.0,1,0,0.148627659574468,188.0,4.0,0,4,0.8631578947368421,keep
1,55741749,s86,t1,UTA,applied,0.0,1,0,,0.0,,0,3,,keep
1,55741749,s87,t1,UTA,applied,1.0,0,1,5.476628571428571,70.0,,,,,
1,55741749,s88,t1,UTA,applied,0.0,0,0,,0.0,,,,,
1,55741750,s1,t11,GTA,conceptual,0.0,0,0,,0.0,,,,,
1,55741750,s2,t11,GTA,conceptual,0.0,0,0,,0.0,,,,,
1,55741750,s3,t11,GTA,conceptual,1.0,0,0,,0.0,,,,,
1,55741750,s4,t11,GTA,conceptual,0.0,0,0,,0.0,,,,,
1,55741750,s5,t11,GTA,conceptual,0.0,1,0,,0.0,4.0,0,2,,keep
1,55741750,s6,t11,GTA,conceptual,0.0,0,0,,0.0,,,,,
1,55741750,s7,t11,GTA,conceptual,1.0,1,1,0.1905098039215686,51.0,,0,2,0.21621621621621623,keep
1,55741750,s8,t11,GTA,conceptual,0.0,1,0,,0.0,,0,3,,keep
1,55741750,s9,t11,GTA,conceptual,0.0,1,1,0.0766486486486486,74.0,,0,3,0.22580645161290322,keep
1,55741750,s10,t11,GTA,conceptual,1.0,1,1,0.3366388888888889,36.0,4.0,0,2,0.1568627450980392,keep
1,55741750,s11,t11,GTA,conceptual,0.0,0,0,,0.0,,,,,
1,55741750,s12,t11,GTA,conceptual,0.0,0,0,,0.0,,,,,
1,55741750,s13,t11,GTA,conceptual,0.0,0,0,,0.0,,,,,
1,55741750,s15,t11,GTA,conceptual,0.0,0,0,,0.0,3.0,,,,
1,55741750,s16,t11,GTA,conceptual,1.0,0,1,0.1098518518518518,81.0,,,,,
1,55741750,s17,t11,GTA,conceptual,0.0,1,0,,0.0,,0,3,,keep
1,55741750,s18,t11,GTA,conceptual,1.0,0,0,,0.0,,,,,
1,55741750,s19,t11,GTA,conceptual,0.0,1,0,,0.0,4.0,0,3,,keep
1,55741750,s20,t11,GTA,conceptual,1.0,0,0,,0.0,4.0,,,,
1,55741750,s21,t11,GTA,conceptual,0.0,1,0,,0.0,,0,3,,keep
1,55741750,s22,t11,GTA,conceptual,0.0,1,0,,0.0,,0,1,,keep
1,55741750,s23,t11,GTA,conceptual,0.0,1,0,0.1132222222222222,81.0,3.0,0,4,0.19999999999999998,keep
1,55741750,s24,t11,GTA,conceptual,0.0,1,0,,0.0,,0,2,,keep
1,55741750,s25,t11,GTA,conceptual,0.0,0,0,,0.0,,,,,
1,55741750,s26,t11,GTA,conceptual,0.0,0,0,,0.0,,,,,
1,55741750,s27,t11,GTA,conceptual,0.0,0,0,,0.0,,,,,
1,55741750,s28,t11,GTA,conceptual,0.0,1,0,,0.0,,0,3,,keep
1,55741750,s29,t11,GTA,conceptual,1.0,0,1,0.0233061224489795,49.0,4.0,,,,
1,55741750,s30,t11,GTA,conceptual,0.0,0,0,,0.0,,,,,
1,55741750,s31,t11,GTA,conceptual,0.0,0,0,,0.0,4.0,,,,
1,55741750,s32,t11,GTA,conceptual,0.0,1,0,,0.0,3.0,0,3,,keep
1,55741750,s33,t11,GTA,conceptual,0.0,1,0,,0.0,,0,3,,keep
1,55741750,s34,t11,GTA,conceptual,0.0,0,0,,0.0,,,,,
1,55741750,s35,t11,GTA,conceptual,0.0,0,0,,0.0,,,,,
1,55741750,s36,t11,GTA,conceptual,0.0,0,0,,0.0,,,,,
1,55741750,s37,t11,GTA,conceptual,0.0,0,0,,0.0,5.0,,,,
1,55741750,s38,t11,GTA,conceptual,1.0,0,0,,0.0,4.0,,,,
1,55741750,s39,t11,GTA,conceptual,1.0,1,0,,0.0,,0,3,,keep
1,55741750,s40,t11,GTA,conceptual,0.0,0,1,0.015655737704918,61.0,,,,,
1,55741750,s41,t11,GTA,conceptual,1.0,1,1,0.0905941422594142,239.0,5.0,1,5,1.0,keep
1,55741750,s42,t11,GTA,conceptual,0.0,1,0,,0.0,3.0,0,3,,keep
1,55741750,s43,t11,GTA,conceptual,0.0,0,0,,0.0,,,,,
1,55741750,s45,t11,GTA,conceptual,0.0,1,1,0.717010101010101,99.0,,1,2,0.5833333333333334,keep
1,55741750,s46,t11,GTA,conceptual,0.0,0,0,,0.0,,,,,
1,55741750,s47,t11,GTA,conceptual,1.0,0,0,,0.0,,,,,
1,55741750,s48,t11,GTA,conceptual,0.0,1,0,,0.0,,0,3,,keep
1,55741750,s49,t11,GTA,conceptual,0.0,0,0,,0.0,,,,,
1,55741750,s50,t11,GTA,conceptual,0.0,1,1,0.1427391304347826,207.0,,1,5,1.0,keep
1,55741750,s51,t11,GTA,conceptual,0.0,1,0,,0.0,,0,2,,keep
1,55741750,s52,t11,GTA,conceptual,1.0,0,0,,0.0,,,,,
1,55741750,s53,t11,GTA,conceptual,0.0,1,0,,0.0,,0,3,,keep
1,55741750,s54,t11,GTA,conceptual,0.0,1,1,0.2267586206896551,406.0,,1,5,1.0,keep
1,55741750,s55,t11,GTA,conceptual,0.0,0,0,,0.0,,,,,
1,55741750,s56,t11,GTA,conceptual,0.0,1,0,,0.0,,0,3,,keep
1,55741750,s57,t11,GTA,conceptual,1.0,1,1,0.0318681672025723,311.0,,1,5,1.0,keep
1,55741750,s58,t11,GTA,conceptual,0.0,1,0,,0.0,5.0,0,3,,keep
1,55741750,s59,t11,GTA,conceptual,0.0,0,0,,0.0,,,,,
1,55741750,s60,t11,GTA,conceptual,0.0,1,0,,0.0,4.0,0,2,,keep
1,55741750,s61,t11,GTA,conceptual,0.0,1,1,0.004695652173913,345.0,5.0,1,5,1.0,keep
1,55741750,s62,t11,GTA,conceptual,0.0,0,0,,0.0,,,,,
1,55741750,s63,t11,GTA,conceptual,0.0,1,0,,0.0,,0,3,,keep
1,55741750,s64,t11,GTA,conceptual,1.0,1,1,0.0734172839506173,405.0,,1,5,1.0,keep
1,55741750,s65,t11,GTA,conceptual,0.0,1,0,,0.0,,0,3,,keep
1,55741750,s66,t11,GTA,conceptual,0.0,0,0,,0.0,,,,,
1,55741750,s67,t11,GTA,conceptual,0.0,1,0,,0.0,,0,2,,keep
1,55741750,s68,t11,GTA,conceptual,0.0,0,0,,0.0,,,,,
1,55741750,s69,t11,GTA,conceptual,0.0,0,0,,0.0,,,,,
1,55741750,s70,t11,GTA,conceptual,0.0,1,0,,0.0,,0,2,,keep
1,55741750,s71,t11,GTA,conceptual,1.0,0,0,,0.0,,,,,
1,55741750,s72,t11,GTA,conceptual,0.0,1,0,,0.0,2.0,0,3,,keep
1,55741750,s73,t11,GTA,conceptual,0.0,1,0,,0.0,3.0,0,2,,keep
1,55741750,s74,t11,GTA,conceptual,0.0,0,0,,0.0,,,,,
1,55741750,s75,t11,GTA,conceptual,0.0,1,0,,0.0,4.0,0,3,,keep
1,55741750,s76,t11,GTA,conceptual,0.0,1,0,,0.0,,0,3,,keep
1,55741750,s77,t11,GTA,conceptual,0.0,0,0,,0.0,,,,,
1,55741750,s78,t11,GTA,conceptual,0.0,1,1,0.5054434782608695,115.0,,1,2,0.6027397260273972,keep
1,55741750,s79,t11,GTA,conceptual,0.0,0,0,,0.0,,,,,
1,55741750,s80,t11,GTA,conceptual,1.0,0,0,,0.0,,,,,
1,55741750,s81,t11,GTA,conceptual,0.0,1,0,,0.0,,0,2,,keep
1,55741750,s82,t11,GTA,conceptual,1.0,1,1,0.020931506849315,73.0,,0,2,0.14035087719298245,keep
1,55741750,s83,t11,GTA,conceptual,0.0,0,0,,0.0,3.0,,,,
1,55741750,s84,t11,GTA,conceptual,1.0,1,1,0.0701657032755298,519.0,4.0,1,5,0.7607361963190185,keep
1,55741750,s85,t11,GTA,conceptual,0.0,0,0,,0.0,4.0,,,,
1,55741750,s86,t11,GTA,conceptual,0.0,0,0,,0.0,,,,,
1,55741750,s87,t11,GTA,conceptual,0.0,1,1,0.3770286975717439,453.0,,1,5,1.0,keep
1,55741750,s88,t11,GTA,conceptual,1.0,1,1,0.0735757575757575,297.0,,1,5,1.0,keep
1,55741751,s1,t5,GTA,conceptual,1.0,1,1,0.0925777777777777,270.0,,1,4,0.6714285714285714,keep
1,55741751,s2,t5,GTA,conceptual,1.0,1,1,0.0981142857142857,140.0,,1,5,0.5585585585585586,keep
1,55741751,s3,t5,GTA,conceptual,1.0,1,0,,0.0,,0,4,,keep
1,55741751,s4,t5,GTA,conceptual,1.0,1,1,0.0426485507246376,552.0,,1,5,1.0,keep
1,55741751,s5,t5,GTA,conceptual,1.0,0,1,0.0230506329113924,79.0,4.0,,,,
1,55741751,s6,t5,GTA,conceptual,0.0,1,0,,0.0,,0,4,,keep
1,55741751,s7,t5,GTA,conceptual,1.0,0,1,0.1071785714285714,56.0,,,,,
1,55741751,s8,t5,GTA,conceptual,1.0,0,0,,0.0,,,,,
1,55741751,s9,t5,GTA,conceptual,1.0,0,1,0.0121428571428571,140.0,,,,,
1,55741751,s10,t5,GTA,conceptual,1.0,0,1,0.8081772151898734,79.0,2.0,,,,
1,55741751,s11,t5,GTA,conceptual,0.0,1,0,,0.0,,0,4,,keep
1,55741751,s12,t5,GTA,conceptual,1.0,1,1,0.1405375939849624,266.0,,1,5,1.0,keep
1,55741751,s13,t5,GTA,conceptual,0.0,1,0,,0.0,,0,2,,keep
1,55741751,s15,t5,GTA,conceptual,1.0,1,1,0.1210759219088937,461.0,3.0,1,4,0.8044692737430168,keep
1,55741751,s16,t5,GTA,conceptual,1.0,1,1,0.0543976945244956,347.0,,1,5,0.6666666666666666,keep
1,55741751,s17,t5,GTA,conceptual,1.0,0,0,,0.0,3.0,,,,
1,55741751,s18,t5,GTA,conceptual,0.0,1,1,0.2596630434782608,184.0,,1,4,0.6304347826086957,keep
1,55741751,s19,t5,GTA,conceptual,1.0,0,1,0.0254468085106382,94.0,4.0,,,,
1,55741751,s20,t5,GTA,conceptual,1.0,1,1,0.0513931034482758,435.0,4.0,1,5,1.0,keep
1,55741751,s21,t5,GTA,conceptual,1.0,0,0,,0.0,4.0,,,,
1,55741751,s22,t5,GTA,conceptual,0.0,0,0,,0.0,,,,,
1,55741751,s23,t5,GTA,conceptual,0.0,0,0,,0.0,3.0,,,,
1,55741751,s24,t5,GTA,conceptual,1.0,0,1,0.0165949367088607,79.0,,,,,
1,55741751,s26,t5,GTA,conceptual,1.0,1,1,0.0337268993839835,487.0,2.0,1,5,1.0,keep
1,55741751,s27,t5,GTA,conceptual,0.0,1,0,,0.0,4.0,0,3,,keep
1,55741751,s28,t5,GTA,conceptual,1.0,0,1,0.0166049382716049,81.0,,,,,
1,55741751,s30,t5,GTA,conceptual,1.0,1,1,0.0261594982078853,558.0,4.0,1,5,1.0,keep
1,55741751,s31,t5,GTA,conceptual,1.0,1,0,,0.0,4.0,0,1,,keep
1,55741751,s32,t5,GTA,conceptual,1.0,0,0,,0.0,4.0,,,,
1,55741751,s33,t5,GTA,conceptual,1.0,0,0,,0.0,,,,,
1,55741751,s34,t5,GTA,conceptual,1.0,1,0,0.126395061728395,81.0,3.0,0,4,0.11111111111111112,keep
1,55741751,s35,t5,GTA,conceptual,1.0,1,1,0.0181989795918367,588.0,1.0,1,5,1.0,decrease
1,55741751,s36,t5,GTA,conceptual,1.0,1,1,0.1048586387434555,191.0,2.0,1,5,0.7241379310344828,decrease
1,55741751,s37,t5,GTA,conceptual,0.0,1,0,,0.0,3.0,0,4,,keep
1,55741751,s38,t5,GTA,conceptual,1.0,1,1,0.01968,425.0,5.0,1,5,1.0,keep
1,55741751,s39,t5,GTA,conceptual,1.0,0,1,0.0124626865671641,201.0,,,,,
1,55741751,s40,t5,GTA,conceptual,0.0,1,0,,0.0,,0,4,,keep
1,55741751,s41,t5,GTA,conceptual,1.0,0,0,,0.0,4.0,,,,
1,55741751,s42,t5,GTA,conceptual,1.0,0,1,0.0710493827160493,81.0,5.0,,,,
1,55741751,s43,t5,GTA,conceptual,1.0,1,0,,0.0,,0,2,,keep
1,55741751,s45,t5,GTA,conceptual,0.0,0,0,,0.0,,,,,
1,55741751,s46,t5,GTA,conceptual,0.0,1,0,,0.0,,0,1,,keep
1,55741751,s47,t5,GTA,conceptual,0.0,1,0,,0.0,,0,3,,keep
1,55741751,s48,t5,GTA,conceptual,0.0,0,0,,0.0,,,,,
1,55741751,s49,t5,GTA,conceptual,1.0,1,0,,0.0,,0,3,,keep
1,55741751,s50,t5,GTA,conceptual,0.0,0,0,,0.0,,,,,
1,55741751,s51,t5,GTA,conceptual,1.0,0,1,0.2317654320987654,81.0,4.0,,,,
1,55741751,s52,t5,GTA,conceptual,1.0,1,1,0.0454214285714285,140.0,,0,3,0.2716049382716049,keep
1,55741751,s53,t5,GTA,conceptual,1.0,0,0,,0.0,,,,,
1,55741751,s54,t5,GTA,conceptual,0.0,0,0,,0.0,,,,,
1,55741751,s55,t5,GTA,conceptual,0.0,1,0,,0.0,,0,4,,keep
1,55741751,s56,t5,GTA,conceptual,1.0,0,0,,0.0,,,,,
1,55741751,s57,t5,GTA,conceptual,1.0,0,1,0.0167088607594936,79.0,,,,,
1,55741751,s58,t5,GTA,conceptual,0.0,0,0,,0.0,5.0,,,,
1,55741751,s59,t5,GTA,conceptual,1.0,1,1,0.3557370892018779,213.0,3.0,1,5,0.682170542635659,keep
1,55741751,s60,t5,GTA,conceptual,0.0,0,0,,0.0,4.0,,,,
1,55741751,s61,t5,GTA,conceptual,0.0,0,0,,0.0,,,,,
1,55741751,s62,t5,GTA,conceptual,0.0,1,0,,0.0,,0,3,,keep
1,55741751,s63,t5,GTA,conceptual,0.0,0,0,,0.0,,,,,
1,55741751,s64,t5,GTA,conceptual,1.0,0,0,,0.0,,,,,
1,55741751,s65,t5,GTA,conceptual,1.0,0,0,,0.0,,,,,
1,55741751,s66,t5,GTA,conceptual,1.0,1,1,0.2346173913043478,115.0,,1,4,0.2711864406779661,keep
1,55741751,s67,t5,GTA,conceptual,1.0,0,0,,0.0,,,,,
1,55741751,s68,t5,GTA,conceptual,1.0,1,1,0.079679012345679,81.0,,0,3,0.25263157894736843,keep
1,55741751,s69,t5,GTA,conceptual,0.0,1,0,,0.0,,0,4,,keep
1,55741751,s70,t5,GTA,conceptual,1.0,0,1,0.0091428571428571,140.0,3.0,,,,
1,55741751,s71,t5,GTA,conceptual,1.0,1,1,0.028079283887468,391.0,,1,5,1.0,keep
1,55741751,s72,t5,GTA,conceptual,0.0,0,0,,0.0,2.0,,,,
1,55741751,s73,t5,GTA,conceptual,1.0,0,1,0.0260892857142857,56.0,3.0,,,,
1,55741751,s74,t5,GTA,conceptual,1.0,1,1,0.0293210784313725,408.0,,1,4,1.0,keep
1,55741751,s75,t5,GTA,conceptual,1.0,0,1,0.0133827160493827,81.0,4.0,,,,
1,55741751,s76,t5,GTA,conceptual,1.0,0,1,0.3120531914893616,94.0,,,,,
1,55741751,s77,t5,GTA,conceptual,1.0,1,1,0.0745,472.0,4.0,1,4,1.0,keep
1,55741751,s78,t5,GTA,conceptual,0.0,0,0,,0.0,,,,,
1,55741751,s79,t5,GTA,conceptual,1.0,1,1,0.0601635514018691,214.0,4.0,1,5,0.5625,keep
1,55741751,s80,t5,GTA,conceptual,1.0,1,0,,0.0,,0,3,,keep
1,55741751,s81,t5,GTA,conceptual,0.0,0,0,,0.0,,,,,
1,55741751,s82,t5,GTA,conceptual,0.0,0,0,,0.0,,,,,
1,55741751,s83,t5,GTA,conceptual,1.0,1,1,0.0297305936073059,438.0,3.0,1,5,1.0,keep
1,55741751,s84,t5,GTA,conceptual,0.0,0,1,0.2844411764705882,34.0,4.0,,,,
1,55741751,s85,t5,GTA,conceptual,1.0,1,1,0.0431781376518218,247.0,4.0,1,5,0.9272727272727274,keep
1,55741751,s86,t5,GTA,conceptual,0.0,1,1,0.5222916666666667,48.0,,0,3,0.07272727272727272,keep
1,55741751,s87,t5,GTA,conceptual,1.0,0,1,0.0282116788321167,137.0,,,,,
1,55741751,s88,t5,GTA,conceptual,0.0,0,0,,0.0,,,,,
1,55741752,s1,t2,UTA,conceptual,1.0,0,1,,253.0,,,,,
1,55741752,s2,t2,UTA,conceptual,1.0,0,1,,397.0,3.0,,,,
1,55741752,s3,t2,UTA,conceptual,1.0,0,1,,356.0,2.0,,,,
1,55741752,s4,t2,UTA,conceptual,1.0,0,1,,504.0,,,,,
1,55741752,s5,t2,UTA,conceptual,1.0,1,1,,280.0,4.0,0,2,0.42553191489361697,keep
1,55741752,s6,t2,UTA,conceptual,1.0,0,1,,280.0,,,,,
1,55741752,s7,t2,UTA,conceptual,1.0,1,1,,280.0,,0,4,0.42000000000000004,keep
1,55741752,s8,t2,UTA,conceptual,1.0,1,1,,280.0,3.0,0,4,0.38,keep
1,55741752,s9,t2,UTA,conceptual,0.0,1,1,,171.0,,0,2,0.4473684210526316,decrease
1,55741752,s10,t2,UTA,conceptual,1.0,1,1,,253.0,4.0,0,2,0.38,keep
1,55741752,s11,t2,UTA,conceptual,1.0,0,1,,280.0,,,,,
1,55741752,s12,t2,UTA,conceptual,1.0,0,1,,280.0,,,,,
1,55741752,s13,t2,UTA,conceptual,0.0,0,1,,117.0,,,,,
1,55741752,s15,t2,UTA,conceptual,1.0,0,1,,280.0,3.0,,,,
1,55741752,s16,t2,UTA,conceptual,1.0,0,1,,523.0,,,,,
1,55741752,s17,t2,UTA,conceptual,1.0,1,1,,280.0,3.0,0,4,0.32812500000000006,keep
1,55741752,s18,t2,UTA,conceptual,1.0,0,1,,280.0,,,,,
1,55741752,s19,t2,UTA,conceptual,1.0,1,1,,316.0,4.0,1,5,0.9075630252100839,decrease
1,55741752,s20,t2,UTA,conceptual,1.0,0,0,,0.0,4.0,,,,
1,55741752,s21,t2,UTA,conceptual,1.0,1,1,,280.0,4.0,0,3,0.2631578947368421,decrease
1,55741752,s22,t2,UTA,conceptual,1.0,1,1,,280.0,4.0,0,1,0.3703703703703704,keep
1,55741752,s23,t2,UTA,conceptual,1.0,1,1,,280.0,3.0,0,4,0.4175824175824176,keep
1,55741752,s24,t2,UTA,conceptual,1.0,1,1,,280.0,,0,4,,keep
1,55741752,s25,t2,UTA,conceptual,0.0,0,1,,117.0,,,,,
1,55741752,s26,t2,UTA,conceptual,1.0,0,1,,280.0,3.0,,,,
1,55741752,s27,t2,UTA,conceptual,1.0,0,1,,280.0,,,,,
1,55741752,s28,t2,UTA,conceptual,1.0,1,1,,253.0,,0,3,0.3578947368421052,keep
1,55741752,s29,t2,UTA,conceptual,1.0,0,1,,171.0,3.0,,,,
1,55741752,s30,t2,UTA,conceptual,1.0,0,1,,280.0,4.0,,,,
1,55741752,s31,t2,UTA,conceptual,1.0,0,1,,280.0,4.0,,,,
1,55741752,s32,t2,UTA,conceptual,1.0,1,1,,280.0,4.0,0,4,0.4897959183673469,keep
1,55741752,s33,t2,UTA,conceptual,1.0,1,1,,336.0,,1,5,0.6559999999999999,keep
1,55741752,s34,t2,UTA,conceptual,1.0,0,1,,280.0,5.0,,,,
1,55741752,s36,t2,UTA,conceptual,0.0,0,1,,117.0,3.0,,,,
1,55741752,s37,t2,UTA,conceptual,1.0,0,1,,280.0,3.0,,,,
1,55741752,s38,t2,UTA,conceptual,1.0,0,1,,429.0,4.0,,,,
1,55741752,s39,t2,UTA,conceptual,1.0,1,1,,441.0,,1,5,0.9837837837837837,decrease
1,55741752,s40,t2,UTA,conceptual,0.0,0,1,,117.0,,,,,
1,55741752,s41,t2,UTA,conceptual,1.0,1,1,,334.0,4.0,0,4,0.3220338983050847,keep
1,55741752,s42,t2,UTA,conceptual,1.0,1,1,,666.0,5.0,1,5,0.6301369863013699,keep
1,55741752,s43,t2,UTA,conceptual,1.0,0,1,,280.0,4.0,,,,
1,55741752,s45,t2,UTA,conceptual,1.0,1,1,,280.0,,0,4,0.4375,keep
1,55741752,s46,t2,UTA,conceptual,0.0,0,1,,117.0,,,,,
1,55741752,s47,t2,UTA,conceptual,1.0,0,1,,566.0,3.0,,,,
1,55741752,s48,t2,UTA,conceptual,1.0,1,1,,280.0,4.0,0,2,0.4,keep
1,55741752,s49,t2,UTA,conceptual,0.0,0,1,,117.0,4.0,,,,
1,55741752,s50,t2,UTA,conceptual,1.0,1,1,,199.0,2.0,0,1,0.35514018691588783,keep
1,55741752,s51,t2,UTA,conceptual,1.0,1,1,,280.0,4.0,0,4,0.43564356435643564,keep
1,55741752,s52,t2,UTA,conceptual,1.0,0,1,,308.0,,,,,
1,55741752,s53,t2,UTA,conceptual,1.0,1,1,,280.0,,0,4,0.4067796610169492,keep
1,55741752,s54,t2,UTA,conceptual,1.0,1,1,,523.0,3.0,1,5,0.8342857142857143,keep
1,55741752,s55,t2,UTA,conceptual,1.0,0,1,,280.0,,,,,
1,55741752,s56,t2,UTA,conceptual,1.0,1,1,,378.0,,0,4,0.38596491228070173,keep
1,55741752,s57,t2,UTA,conceptual,1.0,1,1,,347.0,,1,5,0.8615384615384616,decrease
1,55741752,s58,t2,UTA,conceptual,0.0,1,1,,117.0,5.0,0,4,0.23076923076923075,keep
1,55741752,s59,t2,UTA,conceptual,1.0,0,1,,280.0,4.0,,,,
1,55741752,s60,t2,UTA,conceptual,1.0,1,1,,280.0,4.0,0,1,0.3146067415730337,keep
1,55741752,s61,t2,UTA,conceptual,0.0,1,1,,117.0,3.0,0,4,0.4067796610169491,keep
1,55741752,s62,t2,UTA,conceptual,1.0,0,1,,280.0,,,,,
1,55741752,s63,t2,UTA,conceptual,1.0,1,1,,280.0,,0,2,0.38636363636363635,keep
1,55741752,s64,t2,UTA,conceptual,1.0,1,1,,0.0,,0,1,,keep
1,55741752,s65,t2,UTA,conceptual,1.0,1,1,,280.0,4.0,0,3,0.39603960396039606,keep
1,55741752,s66,t2,UTA,conceptual,1.0,0,1,,280.0,,,,,
1,55741752,s67,t2,UTA,conceptual,0.0,1,1,,117.0,,0,3,0.3333333333333333,decrease
1,55741752,s68,t2,UTA,conceptual,1.0,0,1,,280.0,,,,,
1,55741752,s69,t2,UTA,conceptual,1.0,0,1,,280.0,3.0,,,,
1,55741752,s70,t2,UTA,conceptual,1.0,1,1,,280.0,2.0,0,1,0.41860465116279066,keep
1,55741752,s71,t2,UTA,conceptual,1.0,0,1,,471.0,,,,,
1,55741752,s72,t2,UTA,conceptual,0.0,1,1,,117.0,1.0,0,3,0.3333333333333333,keep
1,55741752,s73,t2,UTA,conceptual,1.0,1,1,,280.0,3.0,0,1,0.3589743589743589,keep
1,55741752,s74,t2,UTA,conceptual,1.0,0,1,,280.0,,,,,
1,55741752,s75,t2,UTA,conceptual,1.0,1,1,,253.0,4.0,0,1,0.27848101265822783,keep
1,55741752,s76,t2,UTA,conceptual,1.0,1,1,,388.0,,0,3,0.3275862068965517,keep
1,55741752,s77,t2,UTA,conceptual,1.0,0,1,,280.0,4.0,,,,
1,55741752,s78,t2,UTA,conceptual,1.0,1,1,,429.0,,0,4,0.2794117647058823,keep
1,55741752,s79,t2,UTA,conceptual,1.0,0,1,,280.0,4.0,,,,
1,55741752,s80,t2,UTA,conceptual,1.0,0,0,,0.0,,,,,
1,55741752,s81,t2,UTA,conceptual,0.0,1,1,,117.0,4.0,0,2,0.2909090909090909,keep
1,55741752,s82,t2,UTA,conceptual,1.0,1,1,,371.0,,1,4,0.8556149732620321,decrease
1,55741752,s83,t2,UTA,conceptual,1.0,0,1,,280.0,3.0,,,,
1,55741752,s84,t2,UTA,conceptual,1.0,1,1,,280.0,4.0,0,2,0.3764705882352941,keep
1,55741752,s85,t2,UTA,conceptual,0.0,0,1,,117.0,4.0,,,,
1,55741752,s86,t2,UTA,conceptual,1.0,0,1,,280.0,4.0,,,,
1,55741752,s87,t2,UTA,conceptual,1.0,1,1,,221.0,,0,1,0.2278481012658228,keep
1,55741752,s88,t2,UTA,conceptual,1.0,1,1,,280.0,,0,5,0.42016806722689076,decrease
1,55741755,s1,t10,GTA,conceptual,0.0,1,0,,0.0,,0,3,,keep
1,55741755,s3,t10,GTA,conceptual,0.0,1,0,,0.0,,0,3,,keep
1,55741755,s5,t10,GTA,conceptual,0.0,0,0,,0.0,4.0,,,,
1,55741755,s6,t10,GTA,conceptual,0.0,1,0,,0.0,,0,3,,keep
1,55741755,s9,t10,GTA,conceptual,0.0,0,0,,0.0,,,,,
1,55741755,s12,t10,GTA,conceptual,0.0,1,0,,0.0,,0,3,,keep
1,55741755,s13,t10,GTA,conceptual,0.0,1,0,,0.0,,0,3,,keep
1,55741755,s17,t10,GTA,conceptual,0.0,0,0,,0.0,,,,,
1,55741755,s18,t10,GTA,conceptual,0.0,1,0,,0.0,,0,3,,keep
1,55741755,s25,t10,GTA,conceptual,0.0,1,0,,0.0,,0,3,,keep
1,55741755,s26,t10,GTA,conceptual,0.0,1,0,,0.0,,0,3,,keep
1,55741755,s28,t10,GTA,conceptual,1.0,0,1,0.3451666666666667,24.0,,,,,
1,55741755,s29,t10,GTA,conceptual,0.0,1,0,,0.0,,0,3,,keep
1,55741755,s30,t10,GTA,conceptual,0.0,1,0,,0.0,,0,3,,keep
1,55741755,s32,t10,GTA,conceptual,0.0,0,0,,0.0,3.0,,,,
1,55741755,s33,t10,GTA,conceptual,0.0,0,0,,0.0,,,,,
1,55741755,s35,t10,GTA,conceptual,0.0,1,1,0.0660792682926829,164.0,3.0,1,3,1.0,keep
1,55741755,s36,t10,GTA,conceptual,0.0,1,0,,0.0,,0,3,,keep
1,55741755,s37,t10,GTA,conceptual,0.0,1,1,0.0470508474576271,177.0,3.0,1,3,1.0,keep
1,55741755,s41,t10,GTA,conceptual,0.0,0,0,,0.0,4.0,,,,
1,55741755,s43,t10,GTA,conceptual,0.0,1,1,0.0775277777777777,180.0,3.0,1,3,1.0,keep
1,55741755,s45,t10,GTA,conceptual,0.0,0,0,,0.0,,,,,
1,55741755,s47,t10,GTA,conceptual,0.0,1,0,,0.0,,0,3,,keep
1,55741755,s49,t10,GTA,conceptual,0.0,1,0,,0.0,,0,3,,keep
1,55741755,s51,t10,GTA,conceptual,0.0,0,0,,0.0,,,,,
1,55741755,s52,t10,GTA,conceptual,1.0,1,1,0.0247063953488372,344.0,,1,4,1.0,keep
1,55741755,s53,t10,GTA,conceptual,0.0,0,0,,0.0,,,,,
1,55741755,s54,t10,GTA,conceptual,0.0,0,0,,0.0,,,,,
1,55741755,s55,t10,GTA,conceptual,0.0,1,1,0.0465277777777777,252.0,,1,3,1.0,keep
1,55741755,s56,t10,GTA,conceptual,0.0,0,0,,0.0,,,,,
1,55741755,s57,t10,GTA,conceptual,1.0,0,1,0.6957599999999999,25.0,,,,,
1,55741755,s59,t10,GTA,conceptual,0.0,1,0,,0.0,,0,3,,keep
1,55741755,s60,t10,GTA,conceptual,0.0,0,0,,0.0,4.0,,,,
1,55741755,s62,t10,GTA,conceptual,0.0,1,0,,0.0,,0,3,,keep
1,55741755,s63,t10,GTA,conceptual,0.0,0,0,,0.0,,,,,
1,55741755,s64,t10,GTA,conceptual,0.0,0,0,,0.0,,,,,
1,55741755,s65,t10,GTA,conceptual,0.0,0,0,,0.0,,,,,
1,55741755,s66,t10,GTA,conceptual,0.0,1,0,,0.0,,0,3,,keep
1,55741755,s68,t10,GTA,conceptual,1.0,1,1,0.0467788697788697,407.0,,1,4,1.0,keep
1,55741755,s72,t10,GTA,conceptual,0.0,0,0,,0.0,3.0,,,,
1,55741755,s73,t10,GTA,conceptual,0.0,0,0,,0.0,3.0,,,,
1,55741755,s77,t10,GTA,conceptual,0.0,1,1,0.0604139784946236,186.0,4.0,1,4,1.0,keep
1,55741755,s78,t10,GTA,conceptual,0.0,0,0,,0.0,,,,,
1,55741755,s79,t10,GTA,conceptual,0.0,1,1,0.050280487804878,246.0,3.0,1,3,1.0,keep
1,55741755,s82,t10,GTA,conceptual,0.0,0,0,,0.0,,,,,
1,55741755,s86,t10,GTA,conceptual,0.0,1,0,,0.0,,0,3,,keep
1,55741755,s87,t10,GTA,conceptual,0.0,0,0,,0.0,,,,,
1,55741756,s1,t6,GTA,conceptual,1.0,0,1,0.0064864864864864,185.0,,,,,
1,55741756,s2,t6,GTA,conceptual,0.0,0,0,,0.0,,,,,
1,55741756,s3,t6,GTA,conceptual,1.0,0,1,0.1558081395348837,172.0,4.0,,,,
1,55741756,s4,t6,GTA,conceptual,0.0,0,0,,0.0,,,,,
1,55741756,s5,t6,GTA,conceptual,0.0,1,0,,0.0,4.0,0,3,,keep
1,55741756,s6,t6,GTA,conceptual,0.0,0,0,,0.0,,,,,
1,55741756,s7,t6,GTA,conceptual,0.0,1,0,,0.0,,0,3,,keep
1,55741756,s8,t6,GTA,conceptual,0.0,1,0,,0.0,,0,3,,keep
1,55741756,s9,t6,GTA,conceptual,0.0,1,0,,0.0,,0,2,,keep
1,55741756,s10,t6,GTA,conceptual,1.0,1,0,0.0104022346368715,179.0,5.0,0,2,0.2702702702702703,keep
1,55741756,s11,t6,GTA,conceptual,0.0,0,0,,0.0,,,,,
1,55741756,s12,t6,GTA,conceptual,0.0,0,0,,0.0,,,,,
1,55741756,s13,t6,GTA,conceptual,0.0,0,1,0.4856666666666667,9.0,,,,,
1,55741756,s15,t6,GTA,conceptual,1.0,0,1,0.0077828947368421,304.0,3.0,,,,
1,55741756,s16,t6,GTA,conceptual,0.0,0,0,,0.0,,,,,
1,55741756,s17,t6,GTA,conceptual,0.0,1,1,0.0585123152709359,406.0,,1,4,1.0,decrease
1,55741756,s18,t6,GTA,conceptual,0.0,0,0,,0.0,,,,,
1,55741756,s19,t6,GTA,conceptual,0.0,1,0,,0.0,4.0,0,2,,keep
1,55741756,s20,t6,GTA,conceptual,1.0,0,0,0.0651578947368421,19.0,4.0,,,,
1,55741756,s21,t6,GTA,conceptual,0.0,1,0,,0.0,,0,3,,keep
1,55741756,s22,t6,GTA,conceptual,0.0,1,0,,0.0,,0,2,,keep
1,55741756,s23,t6,GTA,conceptual,0.0,1,0,,0.0,3.0,0,3,,keep
1,55741756,s24,t6,GTA,conceptual,0.0,1,1,0.0247723214285714,224.0,,1,5,,decrease
1,55741756,s25,t6,GTA,conceptual,0.0,0,0,,0.0,,,,,
1,55741756,s26,t6,GTA,conceptual,0.0,0,1,1.270888888888889,9.0,,,,,
1,55741756,s27,t6,GTA,conceptual,0.0,0,0,,0.0,,,,,
1,55741756,s28,t6,GTA,conceptual,1.0,1,1,0.1056214689265536,177.0,,0,2,0.3125,keep
1,55741756,s29,t6,GTA,conceptual,0.0,0,0,,0.0,,,,,
1,55741756,s30,t6,GTA,conceptual,0.0,0,1,0.5302222222222223,9.0,2.0,,,,
1,55741756,s31,t6,GTA,conceptual,0.0,0,0,,0.0,4.0,,,,
1,55741756,s32,t6,GTA,conceptual,0.0,1,0,,0.0,3.0,0,2,,keep
1,55741756,s33,t6,GTA,conceptual,0.0,1,0,,0.0,,0,3,,keep
1,55741756,s34,t6,GTA,conceptual,0.0,0,0,,0.0,,,,,
1,55741756,s35,t6,GTA,conceptual,0.0,0,1,0.7674444444444445,9.0,3.0,,,,
1,55741756,s36,t6,GTA,conceptual,0.0,0,0,,0.0,,,,,
1,55741756,s37,t6,GTA,conceptual,0.0,0,0,,0.0,4.0,,,,
1,55741756,s38,t6,GTA,conceptual,0.0,0,0,,0.0,,,,,
1,55741756,s39,t6,GTA,conceptual,0.0,1,0,,0.0,,0,3,,keep
1,55741756,s40,t6,GTA,conceptual,0.0,0,0,,0.0,,,,,
1,55741756,s41,t6,GTA,conceptual,1.0,1,1,0.0053557951482479,371.0,5.0,1,5,0.9130434782608696,decrease
1,55741756,s42,t6,GTA,conceptual,1.0,1,1,0.0382756756756756,185.0,5.0,0,3,0.36363636363636365,keep
1,55741756,s43,t6,GTA,conceptual,0.0,0,1,0.5895555555555556,9.0,3.0,,,,
1,55741756,s45,t6,GTA,conceptual,0.0,1,1,0.0387064220183486,218.0,,1,4,1.0,keep
1,55741756,s46,t6,GTA,conceptual,0.0,0,0,,0.0,,,,,
1,55741756,s47,t6,GTA,conceptual,0.0,0,0,,0.0,,,,,
1,55741756,s48,t6,GTA,conceptual,1.0,1,1,0.0202216216216216,185.0,5.0,0,3,0.3294117647058824,keep
1,55741756,s49,t6,GTA,conceptual,0.0,0,0,,0.0,,,,,
1,55741756,s50,t6,GTA,conceptual,0.0,1,0,,0.0,,0,3,,keep
1,55741756,s51,t6,GTA,conceptual,0.0,1,0,,0.0,,0,3,,keep
1,55741756,s52,t6,GTA,conceptual,1.0,0,1,0.0039942028985507,345.0,,,,,
1,55741756,s53,t6,GTA,conceptual,1.0,1,1,0.0612507374631268,339.0,,1,3,0.9203539823008848,keep
1,55741756,s54,t6,GTA,conceptual,0.0,1,1,0.0455114503816793,131.0,,1,3,1.0,keep
1,55741756,s55,t6,GTA,conceptual,0.0,0,0,,0.0,,,,,
1,55741756,s56,t6,GTA,conceptual,0.0,1,0,,0.0,,0,2,,keep
1,55741756,s57,t6,GTA,conceptual,1.0,1,1,0.1702,345.0,,1,4,0.8769230769230769,keep
1,55741756,s58,t6,GTA,conceptual,0.0,1,0,,0.0,5.0,0,2,,keep
1,55741756,s59,t6,GTA,conceptual,0.0,0,1,0.4858888888888889,9.0,,,,,
1,55741756,s60,t6,GTA,conceptual,0.0,1,1,0.4476871165644172,163.0,3.0,1,3,0.5777777777777777,keep
1,55741756,s61,t6,GTA,conceptual,0.0,1,0,,0.0,,0,3,,keep
1,55741756,s62,t6,GTA,conceptual,0.0,0,0,,0.0,,,,,
1,55741756,s63,t6,GTA,conceptual,0.0,1,0,,0.0,,0,2,,keep
1,55741756,s64,t6,GTA,conceptual,0.0,1,0,,0.0,,0,3,,keep
1,55741756,s65,t6,GTA,conceptual,0.0,1,1,0.0454388714733542,319.0,4.0,1,4,1.0,keep
1,55741756,s66,t6,GTA,conceptual,0.0,0,0,,0.0,,,,,
1,55741756,s67,t6,GTA,conceptual,0.0,1,0,,0.0,,0,1,,keep
1,55741756,s68,t6,GTA,conceptual,0.0,0,0,,0.0,,,,,
1,55741756,s69,t6,GTA,conceptual,0.0,0,0,,0.0,,,,,
1,55741756,s70,t6,GTA,conceptual,1.0,1,1,0.0598222891566265,332.0,4.0,1,4,0.9122807017543859,keep
1,55741756,s71,t6,GTA,conceptual,0.0,0,0,,0.0,,,,,
1,55741756,s72,t6,GTA,conceptual,0.0,1,0,,0.0,3.0,0,3,,keep
1,55741756,s73,t6,GTA,conceptual,1.0,1,1,0.3539511627906977,430.0,3.0,1,5,0.4962406015037594,decrease
1,55741756,s74,t6,GTA,conceptual,0.0,0,0,,0.0,,,,,
1,55741756,s75,t6,GTA,conceptual,0.0,1,0,,0.0,4.0,0,3,,keep
1,55741756,s76,t6,GTA,conceptual,0.0,1,0,,0.0,,0,1,,keep
1,55741756,s77,t6,GTA,conceptual,0.0,0,0,,0.0,,,,,
1,55741756,s78,t6,GTA,conceptual,0.0,1,1,0.0615966386554621,119.0,,1,4,1.0,keep
1,55741756,s79,t6,GTA,conceptual,0.0,0,0,,0.0,,,,,
1,55741756,s81,t6,GTA,conceptual,0.0,1,0,,0.0,,0,3,,keep
1,55741756,s83,t6,GTA,conceptual,0.0,0,0,,0.0,3.0,,,,
1,55741756,s84,t6,GTA,conceptual,0.0,1,0,,0.0,4.0,0,3,,keep
1,55741756,s85,t6,GTA,conceptual,0.0,0,0,,0.0,,,,,
1,55741756,s86,t6,GTA,conceptual,0.0,0,1,0.511,9.0,,,,,
1,55741756,s87,t6,GTA,conceptual,0.0,1,1,0.0651986754966887,151.0,,1,5,1.0,keep
1,55741756,s88,t6,GTA,conceptual,0.0,1,0,,0.0,,0,3,,keep
1,55741757,s1,t4,UTA,applied,0.0,1,1,1.5071232876712328,73.0,,0,2,0.03921568627450981,keep
1,55741757,s2,t4,UTA,applied,0.0,1,1,0.0582230769230769,260.0,,0,4,0.9090909090909092,keep
1,55741757,s3,t4,UTA,applied,0.0,1,1,0.0638148148148148,81.0,3.0,1,4,0.6296296296296297,keep
1,55741757,s4,t4,UTA,applied,0.0,1,1,0.5297777777777778,9.0,,0,2,0.0,keep
1,55741757,s5,t4,UTA,applied,0.0,0,1,0.4868888888888888,9.0,4.0,,,,
1,55741757,s6,t4,UTA,applied,0.0,1,1,0.2429487179487179,39.0,,0,2,0.08,keep
1,55741757,s7,t4,UTA,applied,0.0,0,1,0.6579999999999999,9.0,,,,,
1,55741757,s8,t4,UTA,applied,0.0,0,1,0.3657777777777777,9.0,3.0,,,,
1,55741757,s9,t4,UTA,applied,0.0,0,1,0.4454444444444445,9.0,,,,,
1,55741757,s10,t4,UTA,applied,1.0,0,1,0.2728333333333333,66.0,5.0,,,,
1,55741757,s11,t4,UTA,applied,0.0,1,1,0.1711780821917808,73.0,,1,4,0.5777777777777777,keep
1,55741757,s12,t4,UTA,applied,0.0,1,1,0.0315958904109589,146.0,,1,5,1.0,keep
1,55741757,s13,t4,UTA,applied,0.0,1,1,0.9652222222222222,9.0,,0,2,0.0,keep
1,55741757,s15,t4,UTA,applied,0.0,1,1,0.0297018867924528,265.0,3.0,1,5,1.0,keep
1,55741757,s16,t4,UTA,applied,0.0,1,1,0.0843733333333333,75.0,,1,4,0.5789473684210525,keep
1,55741757,s17,t4,UTA,applied,0.0,0,1,0.382,9.0,,,,,
1,55741757,s18,t4,UTA,applied,0.0,1,1,0.1976493506493506,77.0,,0,2,0.10909090909090909,keep
1,55741757,s19,t4,UTA,applied,0.0,0,1,0.4393333333333333,9.0,4.0,,,,
1,55741757,s20,t4,UTA,applied,1.0,1,1,0.0229509803921568,306.0,4.0,1,5,1.0,keep
1,55741757,s21,t4,UTA,applied,0.0,0,1,0.4582222222222222,9.0,,,,,
1,55741757,s22,t4,UTA,applied,0.0,0,1,0.3488888888888889,9.0,3.0,,,,
1,55741757,s23,t4,UTA,applied,0.0,0,1,0.3554444444444444,9.0,3.0,,,,
1,55741757,s24,t4,UTA,applied,0.0,0,1,0.4027777777777778,9.0,,,,,
1,55741757,s25,t4,UTA,applied,0.0,1,1,0.4439882352941176,85.0,,1,5,1.0,keep
1,55741757,s26,t4,UTA,applied,0.0,1,1,0.6628888888888889,9.0,,0,2,0.0,keep
1,55741757,s27,t4,UTA,applied,0.0,1,1,0.0706,140.0,,1,5,1.0,keep
1,55741757,s28,t4,UTA,applied,0.0,0,1,0.5014000000000001,5.0,,,,,
1,55741757,s29,t4,UTA,applied,0.0,1,1,0.7295555555555555,9.0,,0,2,0.0,keep
1,55741757,s30,t4,UTA,applied,0.0,1,1,0.0450206896551724,145.0,2.0,1,5,1.0,keep
1,55741757,s31,t4,UTA,applied,0.0,1,1,0.0746728971962616,214.0,4.0,1,4,0.6913580246913581,keep
1,55741757,s32,t4,UTA,applied,0.0,0,1,1.4662000000000002,5.0,3.0,,,,
1,55741757,s33,t4,UTA,applied,0.0,0,1,0.2095294117647058,34.0,,,,,
1,55741757,s34,t4,UTA,applied,1.0,1,1,0.036213953488372,215.0,4.0,1,5,1.0,keep
1,55741757,s35,t4,UTA,applied,0.0,1,1,0.0273252427184466,206.0,4.0,1,5,1.0,keep
1,55741757,s36,t4,UTA,applied,0.0,1,1,0.2519558823529411,68.0,3.0,0,2,0.1702127659574468,keep
1,55741757,s37,t4,UTA,applied,0.0,1,1,0.03174,150.0,3.0,1,5,1.0,keep
1,55741757,s38,t4,UTA,applied,0.0,1,1,0.3230428571428571,210.0,,1,5,1.0,keep
1,55741757,s39,t4,UTA,applied,1.0,0,1,0.5085384615384615,39.0,,,,,
1,55741757,s40,t4,UTA,applied,0.0,1,1,0.0453286713286713,143.0,,1,4,0.787878787878788,keep
1,55741757,s41,t4,UTA,applied,0.0,0,1,0.3954444444444445,9.0,4.0,,,,
1,55741757,s42,t4,UTA,applied,0.0,0,1,0.347,9.0,4.0,,,,
1,55741757,s43,t4,UTA,applied,0.0,1,1,0.1063519163763066,287.0,3.0,1,5,1.0,keep
1,55741757,s45,t4,UTA,applied,0.0,0,1,0.4116666666666667,9.0,,,,,
1,55741757,s46,t4,UTA,applied,0.0,1,1,0.11775,228.0,,1,4,0.7037037037037038,keep
1,55741757,s47,t4,UTA,applied,0.0,1,1,0.0365202702702702,148.0,3.0,1,5,1.0,keep
1,55741757,s48,t4,UTA,applied,0.0,0,1,0.4581111111111111,9.0,,,,,
1,55741757,s49,t4,UTA,applied,0.0,1,1,0.5896666666666667,9.0,,0,2,0.0,keep
1,55741757,s50,t4,UTA,applied,0.0,0,1,0.1827222222222222,72.0,,,,,
1,55741757,s51,t4,UTA,applied,0.0,0,1,0.1627777777777778,9.0,3.0,,,,
1,55741757,s52,t4,UTA,applied,0.0,1,1,0.0416118143459915,237.0,,1,5,1.0,keep
1,55741757,s53,t4,UTA,applied,0.0,0,1,0.3816666666666666,9.0,,,,,
1,55741757,s54,t4,UTA,applied,0.0,0,1,0.1913013698630137,73.0,,,,,
1,55741757,s55,t4,UTA,applied,0.0,1,1,0.0997936507936508,63.0,,1,4,0.5263157894736842,keep
1,55741757,s56,t4,UTA,applied,0.0,0,1,0.2092222222222222,9.0,,,,,
1,55741757,s57,t4,UTA,applied,1.0,0,1,0.878530303030303,66.0,,,,,
1,55741757,s58,t4,UTA,applied,0.0,0,1,0.2855714285714286,14.0,5.0,,,,
1,55741757,s59,t4,UTA,applied,0.0,1,1,0.0276220930232558,172.0,,1,5,1.0,keep
1,55741757,s60,t4,UTA,applied,1.0,0,1,0.3826315789473684,38.0,4.0,,,,
1,55741757,s61,t4,UTA,applied,0.0,0,1,0.7148888888888889,9.0,3.0,,,,
1,55741757,s62,t4,UTA,applied,0.0,1,1,0.0716176470588235,102.0,,1,4,0.6415094339622641,keep
1,55741757,s63,t4,UTA,applied,0.0,0,1,0.1702202380952381,168.0,,,,,
1,55741757,s64,t4,UTA,applied,0.0,0,1,0.1661940298507462,67.0,,,,,
1,55741757,s65,t4,UTA,applied,0.0,0,1,0.2270185185185185,54.0,1.0,,,,
1,55741757,s66,t4,UTA,applied,0.0,1,1,1.5997446808510638,47.0,,0,2,0.0909090909090909,keep
1,55741757,s67,t4,UTA,applied,0.0,0,1,0.351,9.0,,,,,
1,55741757,s68,t4,UTA,applied,0.0,1,1,0.8767777777777778,9.0,,0,2,0.0,keep
1,55741757,s69,t4,UTA,applied,0.0,1,1,0.1683541666666666,48.0,,1,4,0.4255319148936171,keep
1,55741757,s70,t4,UTA,applied,0.0,0,1,0.3956666666666666,9.0,3.0,,,,
1,55741757,s71,t4,UTA,applied,0.0,1,1,0.0407384615384615,130.0,,1,5,1.0,keep
1,55741757,s72,t4,UTA,applied,0.0,0,1,0.3754444444444444,9.0,3.0,,,,
1,55741757,s73,t4,UTA,applied,0.0,0,1,0.4082222222222222,9.0,3.0,,,,
1,55741757,s74,t4,UTA,applied,1.0,1,1,0.1620609137055837,197.0,,1,5,1.0,keep
1,55741757,s75,t4,UTA,applied,0.0,0,1,0.1836212121212121,66.0,4.0,,,,
1,55741757,s76,t4,UTA,applied,0.0,0,1,0.8315555555555556,9.0,,,,,
1,55741757,s77,t4,UTA,applied,0.0,1,1,0.0686338028169014,71.0,4.0,1,4,0.5333333333333333,keep
1,55741757,s78,t4,UTA,applied,0.0,0,1,0.4088888888888889,9.0,,,,,
1,55741757,s79,t4,UTA,applied,0.0,1,1,0.1895205479452054,73.0,3.0,0,2,0.03571428571428572,keep
1,55741757,s80,t4,UTA,applied,1.0,1,1,0.0211742738589211,241.0,,1,5,1.0,keep
1,55741757,s81,t4,UTA,applied,0.0,0,1,0.4007777777777778,9.0,4.0,,,,
1,55741757,s82,t4,UTA,applied,1.0,0,1,0.362485294117647,68.0,,,,,
1,55741757,s83,t4,UTA,applied,0.0,1,1,0.2113298969072164,97.0,3.0,0,2,0.1333333333333333,keep
1,55741757,s84,t4,UTA,applied,0.0,0,1,0.3346666666666666,9.0,4.0,,,,
1,55741757,s85,t4,UTA,applied,1.0,1,1,0.082140625,256.0,4.0,1,5,1.0,keep
1,55741757,s86,t4,UTA,applied,0.0,1,1,0.0421643835616438,146.0,,1,5,1.0,keep
1,55741757,s87,t4,UTA,applied,0.0,0,1,0.0289714285714285,70.0,,,,,
1,55741757,s88,t4,UTA,applied,0.0,0,1,0.4754444444444444,9.0,,,,,
1,56805420,s1,t3,UTA,conceptual,0.0,0,0,,0.0,,,,,
1,56805420,s2,t3,UTA,conceptual,0.0,0,0,,0.0,,,,,
1,56805420,s3,t3,UTA,conceptual,0.0,0,0,,0.0,,,,,
1,56805420,s4,t3,UTA,conceptual,1.0,0,1,0.0087851851851851,135.0,,,,,
1,56805420,s5,t3,UTA,conceptual,0.0,1,0,,0.0,4.0,0,3,,keep
1,56805420,s6,t3,UTA,conceptual,0.0,0,0,,0.0,,,,,
1,56805420,s7,t3,UTA,conceptual,0.0,1,0,,0.0,,0,3,,keep
1,56805420,s8,t3,UTA,conceptual,0.0,1,0,,0.0,,0,3,,keep
1,56805420,s9,t3,UTA,conceptual,1.0,1,0,0.0135728155339805,103.0,,0,3,0.16326530612244897,keep
1,56805420,s10,t3,UTA,conceptual,0.0,1,0,,0.0,,0,3,,keep
1,56805420,s11,t3,UTA,conceptual,0.0,0,0,,0.0,,,,,
1,56805420,s13,t3,UTA,conceptual,0.0,0,0,,0.0,,,,,
1,56805420,s15,t3,UTA,conceptual,0.0,0,0,,0.0,3.0,,,,
1,56805420,s16,t3,UTA,conceptual,0.0,0,0,,0.0,,,,,
1,56805420,s18,t3,UTA,conceptual,0.0,0,0,,0.0,,,,,
1,56805420,s19,t3,UTA,conceptual,0.0,1,0,,0.0,4.0,0,3,,keep
1,56805420,s20,t3,UTA,conceptual,1.0,0,0,,0.0,4.0,,,,
1,56805420,s22,t3,UTA,conceptual,0.0,1,0,,0.0,,0,3,,keep
1,56805420,s23,t3,UTA,conceptual,0.0,1,0,,0.0,3.0,0,3,,keep
1,56805420,s24,t3,UTA,conceptual,1.0,1,1,0.0159683544303797,158.0,,0,4,,keep
1,56805420,s25,t3,UTA,conceptual,1.0,0,0,0.02096,75.0,,,,,
1,56805420,s27,t3,UTA,conceptual,1.0,0,0,0.0194375,96.0,4.0,,,,
1,56805420,s28,t3,UTA,conceptual,0.0,1,0,,0.0,,0,3,,keep
1,56805420,s29,t3,UTA,conceptual,0.0,0,0,,0.0,,,,,
1,56805420,s30,t3,UTA,conceptual,0.0,0,1,0.4607022900763358,131.0,4.0,,,,
1,56805420,s31,t3,UTA,conceptual,0.0,0,0,,0.0,4.0,,,,
1,56805420,s32,t3,UTA,conceptual,0.0,1,0,,0.0,3.0,0,3,,keep
1,56805420,s33,t3,UTA,conceptual,0.0,1,0,,0.0,,0,3,,keep
1,56805420,s34,t3,UTA,conceptual,0.0,0,0,,0.0,,,,,
1,56805420,s35,t3,UTA,conceptual,0.0,0,0,,0.0,,,,,
1,56805420,s36,t3,UTA,conceptual,0.0,0,0,,0.0,,,,,
1,56805420,s37,t3,UTA,conceptual,0.0,0,0,,0.0,4.0,,,,
1,56805420,s38,t3,UTA,conceptual,0.0,0,0,,0.0,,,,,
1,56805420,s39,t3,UTA,conceptual,1.0,1,0,0.0657323943661971,71.0,,0,2,0.06557377049180327,keep
1,56805420,s40,t3,UTA,conceptual,0.0,0,0,,0.0,,,,,
1,56805420,s42,t3,UTA,conceptual,1.0,1,1,0.0100935960591133,203.0,4.0,0,3,0.25000000000000006,keep
1,56805420,s43,t3,UTA,conceptual,0.0,0,0,,0.0,,,,,
1,56805420,s45,t3,UTA,conceptual,0.0,1,0,,0.0,,0,3,,keep
1,56805420,s46,t3,UTA,conceptual,0.0,0,0,,0.0,,,,,
1,56805420,s47,t3,UTA,conceptual,1.0,0,1,0.22865625,96.0,4.0,,,,
1,56805420,s48,t3,UTA,conceptual,0.0,1,0,,0.0,,0,3,,keep
1,56805420,s49,t3,UTA,conceptual,0.0,0,0,,0.0,,,,,
1,56805420,s50,t3,UTA,conceptual,1.0,1,1,0.0195845070422535,142.0,2.0,0,3,0.101010101010101,keep
1,56805420,s51,t3,UTA,conceptual,0.0,1,0,,0.0,,0,3,,keep
1,56805420,s54,t3,UTA,conceptual,1.0,1,1,0.166705,400.0,,1,4,1.0,decrease
1,56805420,s55,t3,UTA,conceptual,0.0,0,0,,0.0,,,,,
1,56805420,s56,t3,UTA,conceptual,0.0,1,0,,0.0,,0,3,,keep
1,56805420,s57,t3,UTA,conceptual,1.0,1,0,0.009984375,128.0,,0,3,0.22857142857142854,keep
1,56805420,s58,t3,UTA,conceptual,0.0,1,0,,0.0,5.0,0,3,,keep
1,56805420,s59,t3,UTA,conceptual,0.0,0,1,,0.0,,,,,
1,56805420,s60,t3,UTA,conceptual,0.0,1,0,,0.0,3.0,0,1,,keep
1,56805420,s61,t3,UTA,conceptual,1.0,1,1,0.032490909090909,440.0,5.0,1,4,1.0,keep
1,56805420,s62,t3,UTA,conceptual,0.0,0,0,,0.0,,,,,
1,56805420,s63,t3,UTA,conceptual,0.0,1,0,,0.0,,0,3,,keep
1,56805420,s64,t3,UTA,conceptual,0.0,1,0,,0.0,,0,3,,keep
1,56805420,s65,t3,UTA,conceptual,1.0,1,1,0.0172069716775599,459.0,5.0,1,4,1.0,keep
1,56805420,s66,t3,UTA,conceptual,0.0,0,0,,0.0,,,,,
1,56805420,s67,t3,UTA,conceptual,0.0,1,0,,0.0,,0,3,,keep
1,56805420,s68,t3,UTA,conceptual,0.0,0,0,,0.0,,,,,
1,56805420,s69,t3,UTA,conceptual,0.0,0,0,,0.0,,,,,
1,56805420,s70,t3,UTA,conceptual,0.0,1,0,,0.0,,0,3,,keep
1,56805420,s71,t3,UTA,conceptual,0.0,0,0,,0.0,,,,,
1,56805420,s72,t3,UTA,conceptual,0.0,1,0,,0.0,2.0,0,3,,keep
1,56805420,s73,t3,UTA,conceptual,0.0,1,0,,0.0,3.0,0,3,,keep
1,56805420,s74,t3,UTA,conceptual,0.0,0,0,,0.0,,,,,
1,56805420,s75,t3,UTA,conceptual,0.0,1,0,,0.0,4.0,0,3,,keep
1,56805420,s76,t3,UTA,conceptual,0.0,1,0,,0.0,,0,3,,keep
1,56805420,s77,t3,UTA,conceptual,1.0,0,1,0.0064908256880733,218.0,4.0,,,,
1,56805420,s78,t3,UTA,conceptual,0.0,1,0,,0.0,,0,3,,keep
1,56805420,s79,t3,UTA,conceptual,0.0,0,0,,0.0,,,,,
1,56805420,s82,t3,UTA,conceptual,1.0,1,1,0.0521632124352331,386.0,,1,4,0.8125,keep
1,56805420,s83,t3,UTA,conceptual,0.0,0,0,,0.0,3.0,,,,
1,56805420,s84,t3,UTA,conceptual,0.0,1,0,,0.0,4.0,0,3,,keep
1,56805420,s85,t3,UTA,conceptual,0.0,0,0,,0.0,,,,,
1,56805420,s86,t3,UTA,conceptual,0.0,0,0,,0.0,,,,,
1,56805420,s87,t3,UTA,conceptual,1.0,1,1,1.2001737089201878,213.0,,1,4,0.5277777777777778,keep
1,56805420,s88,t3,UTA,conceptual,0.0,1,0,,0.0,,0,3,,keep
2,55741759,s1,t5,GTA,applied,0.0,1,0,,0.0,,0,4,,keep
2,55741759,s2,t5,GTA,applied,0.0,0,0,,0.0,,,,,
2,55741759,s3,t5,GTA,applied,0.0,1,0,,0.0,,0,3,,keep
2,55741759,s4,t5,GTA,applied,0.0,1,0,,0.0,,0,4,,keep
2,55741759,s5,t5,GTA,applied,0.0,1,0,,0.0,,0,4,,keep
2,55741759,s6,t5,GTA,applied,0.0,1,0,,0.0,,0,3,,keep
2,55741759,s7,t5,GTA,applied,0.0,1,1,0.009,265.0,,1,4,1.0,keep
2,55741759,s8,t5,GTA,applied,0.0,0,0,,0.0,,,,,
2,55741759,s9,t5,GTA,applied,0.0,1,0,,0.0,,0,4,,keep
2,55741759,s10,t5,GTA,applied,0.0,1,0,,0.0,,0,3,,keep
2,55741759,s11,t5,GTA,applied,0.0,0,0,,0.0,,,,,
2,55741759,s12,t5,GTA,applied,0.0,0,0,,0.0,,,,,
2,55741759,s13,t5,GTA,applied,0.0,1,0,,0.0,,0,3,,keep
2,55741759,s14,t5,GTA,applied,1.0,1,1,0.031,226.0,5.0,1,4,1.0,keep
2,55741759,s15,t5,GTA,applied,0.0,0,0,,0.0,,,,,
2,55741759,s17,t5,GTA,applied,0.0,0,0,,0.0,,,,,
2,55741759,s19,t5,GTA,applied,0.0,1,0,,0.0,,0,3,,keep
2,55741759,s20,t5,GTA,applied,1.0,0,0,,0.0,,,,,
2,55741759,s21,t5,GTA,applied,0.0,0,0,,0.0,,,,,
2,55741759,s22,t5,GTA,applied,0.0,0,0,,0.0,,,,,
2,55741759,s23,t5,GTA,applied,0.0,0,0,,0.0,3.0,,,,
2,55741759,s24,t5,GTA,applied,0.0,1,0,,0.0,,0,3,,keep
2,55741759,s25,t5,GTA,applied,0.0,1,0,,0.0,,0,3,,keep
2,55741759,s26,t5,GTA,applied,0.0,0,0,,0.0,3.0,,,,
2,55741759,s27,t5,GTA,applied,0.0,1,0,,0.0,,0,3,,keep
2,55741759,s28,t5,GTA,applied,0.0,1,0,,0.0,,0,3,,keep
2,55741759,s29,t5,GTA,applied,0.0,0,0,,0.0,,,,,
2,55741759,s30,t5,GTA,applied,0.0,0,0,,0.0,,,,,
2,55741759,s31,t5,GTA,applied,1.0,1,1,0.023,344.0,,1,4,1.0,keep
2,55741759,s32,t5,GTA,applied,0.0,1,0,,0.0,,0,3,,keep
2,55741759,s33,t5,GTA,applied,0.0,1,0,,0.0,,0,4,,keep
2,55741759,s34,t5,GTA,applied,1.0,1,1,0.027,352.0,5.0,1,4,1.0,keep
2,55741759,s35,t5,GTA,applied,0.0,0,0,,0.0,,,,,
2,55741759,s36,t5,GTA,applied,0.0,0,0,,0.0,,,,,
2,55741759,s37,t5,GTA,applied,0.0,0,0,,0.0,,,,,
2,55741759,s38,t5,GTA,applied,1.0,0,0,,0.0,,,,,
2,55741759,s39,t5,GTA,applied,1.0,1,1,0.072,320.0,,1,5,1.0,keep
2,55741759,s40,t5,GTA,applied,0.0,0,0,,0.0,,,,,
2,55741759,s41,t5,GTA,applied,0.0,0,0,,0.0,,,,,
2,55741759,s42,t5,GTA,applied,1.0,0,0,,0.0,3.0,,,,
2,55741759,s43,t5,GTA,applied,0.0,1,0,,0.0,,0,2,,keep
2,55741759,s44,t5,GTA,applied,0.0,1,1,0.03,342.0,,1,5,1.0,keep
2,55741759,s45,t5,GTA,applied,0.0,0,0,,0.0,,,,,
2,55741759,s46,t5,GTA,applied,0.0,0,0,,0.0,,,,,
2,55741759,s48,t5,GTA,applied,1.0,0,0,,0.0,,,,,
2,55741759,s49,t5,GTA,applied,0.0,0,0,,0.0,,,,,
2,55741759,s50,t5,GTA,applied,0.0,1,0,,0.0,,0,3,,keep
2,55741759,s51,t5,GTA,applied,0.0,0,0,,0.0,,,,,
2,55741759,s52,t5,GTA,applied,0.0,1,0,,0.0,,0,3,,keep
2,55741759,s54,t5,GTA,applied,0.0,1,0,,0.0,,0,3,,keep
2,55741759,s55,t5,GTA,applied,0.0,1,0,,0.0,,0,3,,keep
2,55741759,s56,t5,GTA,applied,0.0,1,0,,0.0,,0,3,,keep
2,55741759,s57,t5,GTA,applied,0.0,1,0,,0.0,,0,3,,keep
2,55741759,s58,t5,GTA,applied,0.0,1,1,0.032,199.0,5.0,1,5,1.0,keep
2,55741759,s59,t5,GTA,applied,0.0,0,0,,0.0,,,,,
2,55741759,s60,t5,GTA,applied,0.0,1,0,,0.0,,0,3,,keep
2,55741759,s61,t5,GTA,applied,1.0,1,1,0.036,239.0,,1,5,1.0,keep
2,55741759,s62,t5,GTA,applied,0.0,0,0,,0.0,,,,,
2,55741759,s63,t5,GTA,applied,0.0,0,0,,0.0,,,,,
2,55741759,s64,t5,GTA,applied,0.0,0,0,,0.0,,,,,
2,55741759,s66,t5,GTA,applied,0.0,1,0,,0.0,,0,4,,keep
2,55741759,s67,t5,GTA,applied,0.0,1,0,,0.0,,0,4,,keep
2,55741759,s68,t5,GTA,applied,0.0,0,0,,0.0,,,,,
2,55741759,s69,t5,GTA,applied,0.0,1,0,,0.0,,0,3,,keep
2,55741759,s70,t5,GTA,applied,0.0,1,0,,0.0,,0,3,,keep
2,55741759,s71,t5,GTA,applied,0.0,0,0,,0.0,,,,,
2,55741759,s72,t5,GTA,applied,0.0,0,0,,0.0,,,,,
2,55741759,s73,t5,GTA,applied,0.0,1,0,,0.0,,0,3,,keep
2,55741759,s74,t5,GTA,applied,0.0,1,1,0.038,283.0,,1,4,1.0,keep
2,55741759,s75,t5,GTA,applied,0.0,0,0,,0.0,3.0,,,,
2,55741759,s76,t5,GTA,applied,0.0,0,0,,0.0,,,,,
2,55741759,s78,t5,GTA,applied,0.0,1,0,,0.0,,0,2,,keep
2,55741759,s79,t5,GTA,applied,0.0,1,0,,0.0,,0,3,,keep
2,55741759,s80,t5,GTA,applied,0.0,0,0,,0.0,,,,,
2,55741759,s81,t5,GTA,applied,0.0,1,0,,0.0,,0,4,,keep
2,55741759,s82,t5,GTA,applied,0.0,0,0,,0.0,,,,,
2,55741759,s83,t5,GTA,applied,0.0,0,0,,0.0,,,,,
2,55741759,s84,t5,GTA,applied,0.0,0,0,,0.0,,,,,
2,55741759,s85,t5,GTA,applied,0.0,1,1,0.008,324.0,,1,4,1.0,keep
2,55741759,s86,t5,GTA,applied,0.0,0,0,,0.0,,,,,
2,55741759,s87,t5,GTA,applied,0.0,0,0,,0.0,,,,,
2,55741759,s88,t5,GTA,applied,0.0,1,0,,0.0,,0,3,,keep
2,55741761,s1,t2,UTA,conceptual,0.0,0,0,,0.0,,,,,
2,55741761,s2,t2,UTA,conceptual,0.0,1,1,0.014,185.0,4.0,1,5,0.6981132075471698,decrease
2,55741761,s3,t2,UTA,conceptual,0.0,0,0,,0.0,,,,,
2,55741761,s4,t2,UTA,conceptual,0.0,0,0,,0.0,,,,,
2,55741761,s5,t2,UTA,conceptual,0.0,0,0,,0.0,,,,,
2,55741761,s6,t2,UTA,conceptual,0.0,0,0,,0.0,,,,,
2,55741761,s7,t2,UTA,conceptual,0.0,0,0,,0.0,,,,,
2,55741761,s8,t2,UTA,conceptual,0.0,1,0,,0.0,,0,2,,keep
2,55741761,s9,t2,UTA,conceptual,0.0,0,0,,0.0,,,,,
2,55741761,s10,t2,UTA,conceptual,0.0,0,0,,0.0,,,,,
2,55741761,s11,t2,UTA,conceptual,0.0,1,0,,0.0,,0,4,,keep
2,55741761,s12,t2,UTA,conceptual,0.0,1,0,,0.0,,0,2,,keep
2,55741761,s13,t2,UTA,conceptual,0.0,0,0,,0.0,,,,,
2,55741761,s14,t2,UTA,conceptual,1.0,0,1,0.011,107.0,5.0,,,,
2,55741761,s15,t2,UTA,conceptual,0.0,1,0,,0.0,,0,4,,keep
2,55741761,s17,t2,UTA,conceptual,1.0,1,1,0.007,320.0,,1,4,0.8208955223880596,decrease
2,55741761,s19,t2,UTA,conceptual,0.0,0,0,,0.0,,,,,
2,55741761,s20,t2,UTA,conceptual,1.0,1,0,,0.0,,0,4,,keep
2,55741761,s21,t2,UTA,conceptual,0.0,1,0,,0.0,,0,3,,keep
2,55741761,s22,t2,UTA,conceptual,0.0,1,0,,0.0,,0,2,,keep
2,55741761,s23,t2,UTA,conceptual,0.0,1,0,,0.0,3.0,0,3,,keep
2,55741761,s24,t2,UTA,conceptual,0.0,0,0,,0.0,,,,,
2,55741761,s25,t2,UTA,conceptual,0.0,0,0,,0.0,,,,,
2,55741761,s26,t2,UTA,conceptual,0.0,1,0,,0.0,3.0,0,3,,keep
2,55741761,s27,t2,UTA,conceptual,0.0,0,0,,0.0,,,,,
2,55741761,s28,t2,UTA,conceptual,0.0,0,0,,0.0,,,,,
2,55741761,s29,t2,UTA,conceptual,0.0,1,0,,0.0,,0,3,,keep
2,55741761,s30,t2,UTA,conceptual,0.0,1,0,,0.0,,0,4,,keep
2,55741761,s31,t2,UTA,conceptual,0.0,0,0,,0.0,,,,,
2,55741761,s32,t2,UTA,conceptual,0.0,0,0,,0.0,,,,,
2,55741761,s33,t2,UTA,conceptual,0.0,0,0,,0.0,,,,,
2,55741761,s34,t2,UTA,conceptual,0.0,0,0,,0.0,,,,,
2,55741761,s35,t2,UTA,conceptual,0.0,1,0,,0.0,,0,2,,keep
2,55741761,s36,t2,UTA,conceptual,1.0,1,1,0.017,142.0,4.0,0,4,0.1956521739130435,keep
2,55741761,s37,t2,UTA,conceptual,0.0,1,0,,0.0,,0,3,,keep
2,55741761,s38,t2,UTA,conceptual,1.0,1,1,0.016,170.0,4.0,0,1,0.19298245614035092,keep
2,55741761,s39,t2,UTA,conceptual,0.0,0,0,,0.0,,,,,
2,55741761,s40,t2,UTA,conceptual,0.0,1,0,,0.0,,0,3,,keep
2,55741761,s41,t2,UTA,conceptual,0.0,1,0,,0.0,,0,4,,keep
2,55741761,s42,t2,UTA,conceptual,1.0,1,1,0.007,346.0,3.0,1,5,0.918918918918919,decrease
2,55741761,s43,t2,UTA,conceptual,0.0,0,0,,0.0,,,,,
2,55741761,s44,t2,UTA,conceptual,0.0,0,0,,0.0,,,,,
2,55741761,s45,t2,UTA,conceptual,0.0,1,1,1.36,95.0,,1,4,0.5789473684210525,keep
2,55741761,s46,t2,UTA,conceptual,1.0,1,0,,0.0,,0,4,,keep
2,55741761,s47,t2,UTA,conceptual,0.0,0,0,,0.0,,,,,
2,55741761,s48,t2,UTA,conceptual,0.0,1,0,,0.0,,0,3,,keep
2,55741761,s49,t2,UTA,conceptual,0.0,1,0,,0.0,,0,3,,keep
2,55741761,s50,t2,UTA,conceptual,0.0,0,0,,0.0,,,,,
2,55741761,s51,t2,UTA,conceptual,0.0,1,0,,0.0,,0,3,,keep
2,55741761,s52,t2,UTA,conceptual,1.0,0,1,0.008,159.0,,,,,
2,55741761,s54,t2,UTA,conceptual,0.0,0,0,,0.0,,,,,
2,55741761,s55,t2,UTA,conceptual,0.0,0,0,,0.0,,,,,
2,55741761,s56,t2,UTA,conceptual,0.0,0,0,,0.0,,,,,
2,55741761,s57,t2,UTA,conceptual,1.0,0,1,0.01,159.0,,,,,
2,55741761,s58,t2,UTA,conceptual,0.0,0,0,,0.0,5.0,,,,
2,55741761,s59,t2,UTA,conceptual,0.0,1,0,,0.0,,0,4,,keep
2,55741761,s60,t2,UTA,conceptual,0.0,0,0,,0.0,,,,,
2,55741761,s61,t2,UTA,conceptual,0.0,0,0,,0.0,,,,,
2,55741761,s62,t2,UTA,conceptual,0.0,1,0,,0.0,,0,3,,keep
2,55741761,s63,t2,UTA,conceptual,0.0,1,0,,0.0,,0,2,,keep
2,55741761,s64,t2,UTA,conceptual,0.0,1,0,,0.0,,0,3,,keep
2,55741761,s66,t2,UTA,conceptual,0.0,0,0,,0.0,,,,,
2,55741761,s67,t2,UTA,conceptual,0.0,0,0,,0.0,,,,,
2,55741761,s68,t2,UTA,conceptual,0.0,1,0,,0.0,,0,3,,keep
2,55741761,s69,t2,UTA,conceptual,0.0,0,0,,0.0,,,,,
2,55741761,s70,t2,UTA,conceptual,0.0,0,0,,0.0,,,,,
2,55741761,s71,t2,UTA,conceptual,0.0,1,0,,0.0,,0,3,,keep
2,55741761,s72,t2,UTA,conceptual,0.0,1,0,,0.0,,0,4,,keep
2,55741761,s73,t2,UTA,conceptual,0.0,0,0,,0.0,,,,,
2,55741761,s74,t2,UTA,conceptual,0.0,0,0,,0.0,,,,,
2,55741761,s75,t2,UTA,conceptual,0.0,1,0,,0.0,3.0,0,3,,keep
2,55741761,s76,t2,UTA,conceptual,0.0,1,0,,0.0,,0,2,,keep
2,55741761,s78,t2,UTA,conceptual,0.0,0,0,,0.0,,,,,
2,55741761,s79,t2,UTA,conceptual,0.0,0,0,,0.0,,,,,
2,55741761,s80,t2,UTA,conceptual,0.0,1,0,,0.0,,0,4,,keep
2,55741761,s81,t2,UTA,conceptual,0.0,0,0,,0.0,,,,,
2,55741761,s82,t2,UTA,conceptual,0.0,1,0,,0.0,,0,3,,keep
2,55741761,s83,t2,UTA,conceptual,0.0,1,0,,0.0,,0,2,,keep
2,55741761,s84,t2,UTA,conceptual,0.0,1,0,,0.0,,0,2,,keep
2,55741761,s85,t2,UTA,conceptual,0.0,0,0,,0.0,,,,,
2,55741761,s86,t2,UTA,conceptual,0.0,1,0,,0.0,,0,4,,keep
2,55741761,s87,t2,UTA,conceptual,0.0,1,1,0.028,83.0,,1,5,0.5306122448979591,keep
2,55741761,s88,t2,UTA,conceptual,0.0,0,0,,0.0,,,,,
2,55741763,s1,t11,GTA,applied,0.0,0,0,,0.0,,,,,
2,55741763,s2,t11,GTA,applied,0.0,1,0,,0.0,,0,3,,keep
2,55741763,s3,t11,GTA,applied,0.0,0,0,,0.0,,,,,
2,55741763,s4,t11,GTA,applied,0.0,0,0,,0.0,,,,,
2,55741763,s5,t11,GTA,applied,0.0,0,0,,0.0,,,,,
2,55741763,s6,t11,GTA,applied,1.0,0,0,,0.0,,,,,
2,55741763,s7,t11,GTA,applied,0.0,0,0,,0.0,,,,,
2,55741763,s8,t11,GTA,applied,0.0,1,0,,0.0,,0,3,,keep
2,55741763,s9,t11,GTA,applied,1.0,0,1,,0.0,,,,,
2,55741763,s10,t11,GTA,applied,1.0,0,0,,0.0,,,,,
2,55741763,s11,t11,GTA,applied,0.0,1,0,,0.0,,0,3,,keep
2,55741763,s12,t11,GTA,applied,0.0,1,0,,0.0,,0,3,,keep
2,55741763,s13,t11,GTA,applied,0.0,0,0,,0.0,,,,,
2,55741763,s14,t11,GTA,applied,0.0,0,0,,0.0,3.0,,,,
2,55741763,s15,t11,GTA,applied,0.0,1,0,,0.0,,0,3,,keep
2,55741763,s17,t11,GTA,applied,0.0,1,0,,0.0,,0,3,,keep
2,55741763,s19,t11,GTA,applied,0.0,0,0,,0.0,,,,,
2,55741763,s20,t11,GTA,applied,0.0,1,0,,0.0,,0,3,,keep
2,55741763,s21,t11,GTA,applied,1.0,1,1,0.037,42.0,,0,3,0.07407407407407408,keep
2,55741763,s22,t11,GTA,applied,0.0,1,0,,0.0,,0,3,,keep
2,55741763,s23,t11,GTA,applied,0.0,1,0,,0.0,3.0,0,3,,keep
2,55741763,s24,t11,GTA,applied,0.0,0,0,,0.0,,,,,
2,55741763,s25,t11,GTA,applied,0.0,0,0,,0.0,,,,,
2,55741763,s26,t11,GTA,applied,0.0,1,0,,0.0,3.0,0,3,,keep
2,55741763,s27,t11,GTA,applied,0.0,0,0,,0.0,,,,,
2,55741763,s28,t11,GTA,applied,0.0,0,0,,0.0,,,,,
2,55741763,s29,t11,GTA,applied,1.0,1,1,0.224,146.0,,1,3,0.8076923076923076,keep
2,55741763,s30,t11,GTA,applied,0.0,1,0,,0.0,,0,3,,keep
2,55741763,s31,t11,GTA,applied,0.0,0,0,,0.0,,,,,
2,55741763,s32,t11,GTA,applied,0.0,0,0,,0.0,,,,,
2,55741763,s33,t11,GTA,applied,0.0,0,0,,0.0,,,,,
2,55741763,s34,t11,GTA,applied,1.0,0,1,0.007,197.0,4.0,,,,
2,55741763,s35,t11,GTA,applied,1.0,1,1,0.096,228.0,,1,4,1.0,keep
2,55741763,s36,t11,GTA,applied,0.0,1,0,,0.0,,0,3,,keep
2,55741763,s37,t11,GTA,applied,0.0,1,0,,0.0,,0,3,,keep
2,55741763,s38,t11,GTA,applied,0.0,1,0,,0.0,,0,3,,keep
2,55741763,s39,t11,GTA,applied,1.0,0,0,,0.0,,,,,
2,55741763,s40,t11,GTA,applied,0.0,1,0,,0.0,,0,3,,keep
2,55741763,s41,t11,GTA,applied,1.0,1,0,,0.0,,0,3,,keep
2,55741763,s42,t11,GTA,applied,0.0,1,0,,0.0,3.0,0,3,,keep
2,55741763,s43,t11,GTA,applied,0.0,0,0,,0.0,,,,,
2,55741763,s44,t11,GTA,applied,1.0,0,1,0.052,40.0,,,,,
2,55741763,s45,t11,GTA,applied,0.0,1,0,,0.0,,0,3,,keep
2,55741763,s46,t11,GTA,applied,1.0,1,1,0.488,313.0,,1,4,0.8307692307692308,keep
2,55741763,s47,t11,GTA,applied,1.0,0,1,0.018,41.0,,,,,
2,55741763,s49,t11,GTA,applied,0.0,1,0,,0.0,,0,3,,keep
2,55741763,s50,t11,GTA,applied,0.0,0,0,,0.0,,,,,
2,55741763,s51,t11,GTA,applied,0.0,1,0,,0.0,,0,3,,keep
2,55741763,s52,t11,GTA,applied,0.0,0,0,,0.0,,,,,
2,55741763,s54,t11,GTA,applied,0.0,0,0,,0.0,,,,,
2,55741763,s55,t11,GTA,applied,0.0,0,0,,0.0,,,,,
2,55741763,s56,t11,GTA,applied,0.0,0,0,,0.0,,,,,
2,55741763,s57,t11,GTA,applied,0.0,0,0,,0.0,,,,,
2,55741763,s59,t11,GTA,applied,0.0,1,0,,0.0,,0,3,,keep
2,55741763,s60,t11,GTA,applied,0.0,0,0,,0.0,,,,,
2,55741763,s61,t11,GTA,applied,0.0,0,0,,0.0,,,,,
2,55741763,s62,t11,GTA,applied,0.0,1,0,,0.0,,0,3,,keep
2,55741763,s63,t11,GTA,applied,0.0,1,0,,0.0,,0,3,,keep
2,55741763,s64,t11,GTA,applied,0.0,1,0,,0.0,,0,3,,keep
2,55741763,s66,t11,GTA,applied,0.0,0,0,,0.0,,,,,
2,55741763,s67,t11,GTA,applied,0.0,0,0,,0.0,,,,,
2,55741763,s68,t11,GTA,applied,0.0,1,0,,0.0,,0,3,,keep
2,55741763,s69,t11,GTA,applied,0.0,0,0,,0.0,,,,,
2,55741763,s70,t11,GTA,applied,0.0,0,0,,0.0,,,,,
2,55741763,s71,t11,GTA,applied,1.0,1,1,0.083,228.0,,1,4,0.8421052631578947,keep
2,55741763,s72,t11,GTA,applied,0.0,1,0,,0.0,,0,3,,keep
2,55741763,s73,t11,GTA,applied,0.0,0,0,,0.0,,,,,
2,55741763,s74,t11,GTA,applied,0.0,0,0,,0.0,,,,,
2,55741763,s75,t11,GTA,applied,0.0,1,0,,0.0,3.0,0,3,,keep
2,55741763,s76,t11,GTA,applied,0.0,1,1,0.014,142.0,,0,3,0.2962962962962963,keep
2,55741763,s78,t11,GTA,applied,0.0,0,0,,0.0,,,,,
2,55741763,s79,t11,GTA,applied,0.0,0,0,,0.0,,,,,
2,55741763,s80,t11,GTA,applied,0.0,1,0,,0.0,,0,3,,keep
2,55741763,s81,t11,GTA,applied,0.0,0,0,,0.0,,,,,
2,55741763,s82,t11,GTA,applied,0.0,1,0,,0.0,,0,3,,keep
2,55741763,s83,t11,GTA,applied,0.0,1,0,,0.0,,0,3,,keep
2,55741763,s84,t11,GTA,applied,0.0,1,0,,0.0,,0,3,,keep
2,55741763,s85,t11,GTA,applied,0.0,0,0,,0.0,,,,,
2,55741763,s86,t11,GTA,applied,0.0,1,0,,0.0,,0,3,,keep
2,55741763,s87,t11,GTA,applied,0.0,1,0,,0.0,,0,3,,keep
2,55741763,s88,t11,GTA,applied,0.0,0,0,,0.0,,,,,
2,55741765,s1,t3,UTA,applied,0.0,1,0,,0.0,,0,3,,keep
2,55741765,s2,t3,UTA,applied,0.0,0,0,,0.0,,,,,
2,55741765,s3,t3,UTA,applied,0.0,1,0,,0.0,,0,3,,keep
2,55741765,s4,t3,UTA,applied,0.0,1,0,,0.0,,0,3,,keep
2,55741765,s5,t3,UTA,applied,0.0,1,0,,0.0,,0,3,,keep
2,55741765,s6,t3,UTA,applied,0.0,1,0,,0.0,,0,3,,keep
2,55741765,s7,t3,UTA,applied,0.0,1,0,,0.0,,0,3,,keep
2,55741765,s8,t3,UTA,applied,0.0,0,0,,0.0,,,,,
2,55741765,s9,t3,UTA,applied,0.0,1,0,,0.0,,0,3,,keep
2,55741765,s10,t3,UTA,applied,0.0,1,0,,0.0,,0,3,,keep
2,55741765,s11,t3,UTA,applied,0.0,0,0,,0.0,,,,,
2,55741765,s12,t3,UTA,applied,0.0,0,0,,0.0,,,,,
2,55741765,s13,t3,UTA,applied,0.0,1,0,,0.0,,0,3,,keep
2,55741765,s14,t3,UTA,applied,0.0,1,0,,0.0,3.0,0,3,,keep
2,55741765,s15,t3,UTA,applied,0.0,0,0,,0.0,,,,,
2,55741765,s17,t3,UTA,applied,0.0,0,0,,0.0,,,,,
2,55741765,s19,t3,UTA,applied,0.0,1,0,,0.0,,0,3,,keep
2,55741765,s20,t3,UTA,applied,0.0,0,0,,0.0,,,,,
2,55741765,s21,t3,UTA,applied,0.0,0,0,,0.0,,,,,
2,55741765,s22,t3,UTA,applied,0.0,0,0,,0.0,,,,,
2,55741765,s23,t3,UTA,applied,0.0,0,0,,0.0,3.0,,,,
2,55741765,s24,t3,UTA,applied,0.0,1,0,,0.0,,0,3,,keep
2,55741765,s25,t3,UTA,applied,0.0,1,0,,0.0,,0,3,,keep
2,55741765,s26,t3,UTA,applied,0.0,0,0,,0.0,3.0,,,,
2,55741765,s27,t3,UTA,applied,0.0,1,0,,0.0,,0,3,,keep
2,55741765,s28,t3,UTA,applied,0.0,1,0,,0.0,,0,3,,keep
2,55741765,s29,t3,UTA,applied,0.0,0,0,,0.0,,,,,
2,55741765,s30,t3,UTA,applied,0.0,0,0,,0.0,,,,,
2,55741765,s31,t3,UTA,applied,0.0,1,0,,0.0,,0,3,,keep
2,55741765,s32,t3,UTA,applied,0.0,1,0,,0.0,,0,3,,keep
2,55741765,s33,t3,UTA,applied,0.0,1,0,,0.0,,0,3,,keep
2,55741765,s34,t3,UTA,applied,1.0,1,1,0.053,340.0,4.0,1,5,0.9302325581395349,keep
2,55741765,s35,t3,UTA,applied,1.0,0,1,0.017,50.0,,,,,
2,55741765,s36,t3,UTA,applied,0.0,0,0,,0.0,,,,,
2,55741765,s37,t3,UTA,applied,0.0,0,0,,0.0,,,,,
2,55741765,s38,t3,UTA,applied,0.0,0,0,,0.0,,,,,
2,55741765,s39,t3,UTA,applied,0.0,1,0,,0.0,,0,3,,keep
2,55741765,s40,t3,UTA,applied,0.0,0,0,,0.0,,,,,
2,55741765,s41,t3,UTA,applied,0.0,0,0,,0.0,,,,,
2,55741765,s42,t3,UTA,applied,0.0,0,0,,0.0,3.0,,,,
2,55741765,s43,t3,UTA,applied,0.0,1,0,,0.0,,0,2,,keep
2,55741765,s44,t3,UTA,applied,1.0,1,1,0.127,183.0,,1,4,0.7787610619469026,keep
2,55741765,s45,t3,UTA,applied,0.0,0,0,,0.0,,,,,
2,55741765,s46,t3,UTA,applied,1.0,0,1,0.037,29.0,,,,,
2,55741765,s47,t3,UTA,applied,1.0,1,1,0.035,46.0,,0,4,0.13592233009708737,keep
2,55741765,s48,t3,UTA,applied,0.0,0,0,,0.0,,,,,
2,55741765,s49,t3,UTA,applied,0.0,0,0,,0.0,,,,,
2,55741765,s50,t3,UTA,applied,0.0,1,0,,0.0,,0,3,,keep
2,55741765,s51,t3,UTA,applied,0.0,0,0,,0.0,,,,,
2,55741765,s54,t3,UTA,applied,0.0,1,0,,0.0,,0,3,,keep
2,55741765,s55,t3,UTA,applied,0.0,1,0,,0.0,,0,3,,keep
2,55741765,s56,t3,UTA,applied,0.0,1,0,,0.0,,0,3,,keep
2,55741765,s57,t3,UTA,applied,0.0,1,0,,0.0,,0,3,,keep
2,55741765,s58,t3,UTA,applied,0.0,1,0,,0.0,5.0,0,3,,keep
2,55741765,s59,t3,UTA,applied,0.0,0,0,,0.0,,,,,
2,55741765,s60,t3,UTA,applied,0.0,1,1,0.172,196.0,,1,4,0.8380952380952381,keep
2,55741765,s61,t3,UTA,applied,0.0,1,0,,0.0,,0,3,,keep
2,55741765,s62,t3,UTA,applied,0.0,0,0,,0.0,,,,,
2,55741765,s63,t3,UTA,applied,0.0,0,0,,0.0,,,,,
2,55741765,s64,t3,UTA,applied,0.0,0,0,,0.0,,,,,
2,55741765,s66,t3,UTA,applied,0.0,1,0,,0.0,,0,3,,keep
2,55741765,s67,t3,UTA,applied,0.0,1,0,,0.0,,0,3,,keep
2,55741765,s68,t3,UTA,applied,0.0,0,0,,0.0,,,,,
2,55741765,s69,t3,UTA,applied,0.0,1,0,,0.0,,0,3,,keep
2,55741765,s70,t3,UTA,applied,0.0,1,0,,0.0,,0,3,,keep
2,55741765,s71,t3,UTA,applied,0.0,0,0,,0.0,,,,,
2,55741765,s72,t3,UTA,applied,0.0,0,0,,0.0,,,,,
2,55741765,s73,t3,UTA,applied,0.0,1,0,,0.0,,0,3,,keep
2,55741765,s75,t3,UTA,applied,0.0,0,0,,0.0,3.0,,,,
2,55741765,s76,t3,UTA,applied,0.0,0,0,,0.0,,,,,
2,55741765,s78,t3,UTA,applied,0.0,1,0,,0.0,,0,3,,keep
2,55741765,s79,t3,UTA,applied,0.0,1,0,,0.0,,0,3,,keep
2,55741765,s80,t3,UTA,applied,0.0,0,0,,0.0,,,,,
2,55741765,s81,t3,UTA,applied,0.0,1,0,,0.0,,0,3,,keep
2,55741765,s82,t3,UTA,applied,0.0,0,0,,0.0,,,,,
2,55741765,s83,t3,UTA,applied,0.0,0,0,,0.0,,,,,
2,55741765,s84,t3,UTA,applied,0.0,0,0,,0.0,,,,,
2,55741765,s85,t3,UTA,applied,0.0,1,0,,0.0,,0,3,,keep
2,55741765,s86,t3,UTA,applied,0.0,0,0,,0.0,,,,,
2,55741765,s87,t3,UTA,applied,0.0,0,0,,0.0,,,,,
2,55741765,s88,t3,UTA,applied,0.0,1,0,,0.0,,0,2,,keep
2,55741766,s1,t6,GTA,conceptual,0.0,0,0,,0.0,,,,,
2,55741766,s2,t6,GTA,conceptual,0.0,1,0,,0.0,,0,2,,keep
2,55741766,s3,t6,GTA,conceptual,0.0,0,0,,0.0,,,,,
2,55741766,s4,t6,GTA,conceptual,1.0,0,1,0.005,174.0,,,,,
2,55741766,s5,t6,GTA,conceptual,0.0,0,0,,0.0,,,,,
2,55741766,s6,t6,GTA,conceptual,0.0,0,0,,0.0,,,,,
2,55741766,s7,t6,GTA,conceptual,1.0,0,1,0.007,174.0,,,,,
2,55741766,s8,t6,GTA,conceptual,0.0,1,0,,0.0,,0,2,,keep
2,55741766,s9,t6,GTA,conceptual,0.0,0,0,,0.0,,,,,
2,55741766,s10,t6,GTA,conceptual,0.0,0,0,,0.0,,,,,
2,55741766,s11,t6,GTA,conceptual,0.0,1,0,,0.0,,0,2,,keep
2,55741766,s12,t6,GTA,conceptual,0.0,1,0,,0.0,,0,2,,keep
2,55741766,s13,t6,GTA,conceptual,1.0,0,1,0.163,144.0,4.0,,,,
2,55741766,s14,t6,GTA,conceptual,0.0,0,0,,0.0,3.0,,,,
2,55741766,s15,t6,GTA,conceptual,0.0,1,0,,0.0,,0,2,,keep
2,55741766,s17,t6,GTA,conceptual,0.0,1,0,,0.0,,0,1,,keep
2,55741766,s19,t6,GTA,conceptual,0.0,0,0,,0.0,,,,,
2,55741766,s20,t6,GTA,conceptual,1.0,1,0,,0.0,,0,2,,keep
2,55741766,s21,t6,GTA,conceptual,1.0,1,1,0.025,74.0,,0,3,0.15053763440860216,keep
2,55741766,s22,t6,GTA,conceptual,0.0,1,0,,0.0,,0,3,,keep
2,55741766,s23,t6,GTA,conceptual,0.0,1,0,,0.0,3.0,0,2,,keep
2,55741766,s24,t6,GTA,conceptual,1.0,0,1,0.254,173.0,,,,,
2,55741766,s25,t6,GTA,conceptual,1.0,0,1,0.009,174.0,4.0,,,,
2,55741766,s26,t6,GTA,conceptual,0.0,1,0,,0.0,3.0,0,2,,keep
2,55741766,s27,t6,GTA,conceptual,0.0,0,0,,0.0,,,,,
2,55741766,s28,t6,GTA,conceptual,0.0,0,0,,0.0,,,,,
2,55741766,s29,t6,GTA,conceptual,0.0,1,0,,0.0,,0,2,,keep
2,55741766,s30,t6,GTA,conceptual,1.0,1,1,0.035,257.0,3.0,0,4,0.36697247706422026,keep
2,55741766,s31,t6,GTA,conceptual,0.0,0,0,,0.0,,,,,
2,55741766,s32,t6,GTA,conceptual,0.0,0,0,,0.0,,,,,
2,55741766,s33,t6,GTA,conceptual,0.0,0,0,,0.0,,,,,
2,55741766,s34,t6,GTA,conceptual,0.0,0,0,,0.0,,,,,
2,55741766,s35,t6,GTA,conceptual,0.0,1,0,,0.0,,0,2,,keep
2,55741766,s36,t6,GTA,conceptual,1.0,1,1,0.259,257.0,4.0,0,4,0.365079365079365,keep
2,55741766,s37,t6,GTA,conceptual,0.0,1,0,,0.0,,0,2,,keep
2,55741766,s39,t6,GTA,conceptual,1.0,0,1,0.017,74.0,,,,,
2,55741766,s40,t6,GTA,conceptual,0.0,1,0,,0.0,,0,1,,keep
2,55741766,s41,t6,GTA,conceptual,0.0,1,0,,0.0,,0,3,,keep
2,55741766,s42,t6,GTA,conceptual,1.0,1,1,0.026,263.0,5.0,0,3,0.34848484848484845,keep
2,55741766,s43,t6,GTA,conceptual,0.0,0,0,,0.0,,,,,
2,55741766,s44,t6,GTA,conceptual,1.0,0,1,0.005,248.0,,,,,
2,55741766,s45,t6,GTA,conceptual,0.0,1,0,,0.0,,0,2,,keep
2,55741766,s46,t6,GTA,conceptual,0.0,1,0,,0.0,,0,2,,keep
2,55741766,s47,t6,GTA,conceptual,0.0,0,0,,0.0,,,,,
2,55741766,s48,t6,GTA,conceptual,0.0,1,0,,0.0,,0,2,,keep
2,55741766,s49,t6,GTA,conceptual,0.0,1,0,,0.0,,0,1,,keep
2,55741766,s50,t6,GTA,conceptual,0.0,0,0,,0.0,,,,,
2,55741766,s51,t6,GTA,conceptual,0.0,1,0,,0.0,,0,2,,keep
2,55741766,s52,t6,GTA,conceptual,0.0,0,0,,0.0,,,,,
2,55741766,s54,t6,GTA,conceptual,0.0,0,0,,0.0,,,,,
2,55741766,s55,t6,GTA,conceptual,0.0,0,0,,0.0,,,,,
2,55741766,s56,t6,GTA,conceptual,0.0,0,0,,0.0,,,,,
2,55741766,s57,t6,GTA,conceptual,0.0,0,0,,0.0,,,,,
2,55741766,s58,t6,GTA,conceptual,0.0,0,0,,0.0,5.0,,,,
2,55741766,s59,t6,GTA,conceptual,0.0,1,0,,0.0,,0,3,,keep
2,55741766,s60,t6,GTA,conceptual,0.0,0,0,,0.0,,,,,
2,55741766,s61,t6,GTA,conceptual,0.0,0,0,,0.0,,,,,
2,55741766,s62,t6,GTA,conceptual,1.0,1,1,0.044,188.0,,0,3,0.2424242424242424,keep
2,55741766,s63,t6,GTA,conceptual,0.0,1,0,,0.0,,0,2,,keep
2,55741766,s64,t6,GTA,conceptual,0.0,1,0,,0.0,,0,3,,keep
2,55741766,s66,t6,GTA,conceptual,0.0,0,0,,0.0,,,,,
2,55741766,s67,t6,GTA,conceptual,0.0,0,0,,0.0,,,,,
2,55741766,s68,t6,GTA,conceptual,0.0,1,0,,0.0,,0,2,,keep
2,55741766,s69,t6,GTA,conceptual,0.0,0,0,,0.0,,,,,
2,55741766,s70,t6,GTA,conceptual,0.0,0,0,,0.0,,,,,
2,55741766,s71,t6,GTA,conceptual,0.0,1,0,,0.0,,0,1,,keep
2,55741766,s72,t6,GTA,conceptual,0.0,1,0,,0.0,,0,3,,keep
2,55741766,s73,t6,GTA,conceptual,0.0,0,0,,0.0,,,,,
2,55741766,s74,t6,GTA,conceptual,0.0,0,0,,0.0,,,,,
2,55741766,s75,t6,GTA,conceptual,0.0,1,0,,0.0,3.0,0,1,,keep
2,55741766,s76,t6,GTA,conceptual,0.0,1,0,,0.0,,0,2,,keep
2,55741766,s78,t6,GTA,conceptual,1.0,0,1,0.025,58.0,3.0,,,,
2,55741766,s79,t6,GTA,conceptual,0.0,0,0,,0.0,,,,,
2,55741766,s80,t6,GTA,conceptual,1.0,1,1,0.116,58.0,,0,3,0.13636363636363635,keep
2,55741766,s81,t6,GTA,conceptual,0.0,0,0,,0.0,,,,,
2,55741766,s82,t6,GTA,conceptual,0.0,1,0,,0.0,,0,2,,keep
2,55741766,s83,t6,GTA,conceptual,0.0,1,0,,0.0,,0,2,,keep
2,55741766,s84,t6,GTA,conceptual,0.0,1,0,,0.0,,0,2,,keep
2,55741766,s85,t6,GTA,conceptual,0.0,0,0,,0.0,,,,,
2,55741766,s86,t6,GTA,conceptual,0.0,1,0,,0.0,,0,3,,keep
2,55741766,s87,t6,GTA,conceptual,0.0,1,0,,0.0,,0,2,,keep
2,55741766,s88,t6,GTA,conceptual,0.0,0,0,,0.0,,,,,
2,55741768,s1,t8,GTA,applied,0.0,1,0,,0.0,,0,3,,keep
2,55741768,s2,t8,GTA,applied,0.0,0,0,,0.0,,,,,
2,55741768,s3,t8,GTA,applied,0.0,1,0,,0.0,,0,2,,keep
2,55741768,s4,t8,GTA,applied,0.0,1,0,,0.0,,0,2,,keep
2,55741768,s5,t8,GTA,applied,1.0,1,0,,0.0,,0,2,,keep
2,55741768,s6,t8,GTA,applied,0.0,1,0,,0.0,,0,2,,keep
2,55741768,s7,t8,GTA,applied,0.0,1,0,,0.0,,0,3,,keep
2,55741768,s8,t8,GTA,applied,1.0,0,0,,0.0,,,,,
2,55741768,s9,t8,GTA,applied,1.0,1,0,,0.0,,0,2,,keep
2,55741768,s10,t8,GTA,applied,1.0,1,1,0.114,229.0,,1,4,0.8867924528301886,keep
2,55741768,s11,t8,GTA,applied,1.0,0,0,,0.0,,,,,
2,55741768,s12,t8,GTA,applied,0.0,0,0,,0.0,,,,,
2,55741768,s13,t8,GTA,applied,0.0,1,0,,0.0,,0,2,,keep
2,55741768,s14,t8,GTA,applied,0.0,1,0,,0.0,3.0,0,2,,keep
2,55741768,s15,t8,GTA,applied,0.0,0,0,,0.0,,,,,
2,55741768,s17,t8,GTA,applied,0.0,0,0,,0.0,,,,,
2,55741768,s19,t8,GTA,applied,0.0,1,0,,0.0,,0,1,,keep
2,55741768,s20,t8,GTA,applied,1.0,0,0,,0.0,,,,,
2,55741768,s21,t8,GTA,applied,0.0,0,0,,0.0,,,,,
2,55741768,s22,t8,GTA,applied,1.0,0,0,,0.0,,,,,
2,55741768,s23,t8,GTA,applied,0.0,0,0,,0.0,3.0,,,,
2,55741768,s25,t8,GTA,applied,0.0,1,0,,0.0,,0,2,,keep
2,55741768,s26,t8,GTA,applied,0.0,0,0,,0.0,3.0,,,,
2,55741768,s27,t8,GTA,applied,1.0,1,0,,0.0,,0,1,,keep
2,55741768,s28,t8,GTA,applied,1.0,1,0,,0.0,,0,3,,keep
2,55741768,s29,t8,GTA,applied,1.0,0,0,,0.0,,,,,
2,55741768,s30,t8,GTA,applied,0.0,0,1,,0.0,,,,,
2,55741768,s31,t8,GTA,applied,0.0,1,0,,0.0,,0,2,,keep
2,55741768,s32,t8,GTA,applied,0.0,1,0,,0.0,,0,1,,keep
2,55741768,s33,t8,GTA,applied,1.0,1,1,0.025,326.0,1.0,1,4,1.0,keep
2,55741768,s34,t8,GTA,applied,0.0,1,0,,0.0,,0,2,,keep
2,55741768,s35,t8,GTA,applied,0.0,0,0,,0.0,,,,,
2,55741768,s36,t8,GTA,applied,1.0,0,0,,0.0,2.0,,,,
2,55741768,s37,t8,GTA,applied,1.0,0,0,,0.0,,,,,
2,55741768,s38,t8,GTA,applied,1.0,0,0,,0.0,,,,,
2,55741768,s39,t8,GTA,applied,1.0,1,0,,0.0,,0,4,,keep
2,55741768,s40,t8,GTA,applied,0.0,0,0,,0.0,,,,,
2,55741768,s41,t8,GTA,applied,1.0,0,0,,0.0,,,,,
2,55741768,s42,t8,GTA,applied,0.0,0,0,,0.0,3.0,,,,
2,55741768,s43,t8,GTA,applied,0.0,1,0,,0.0,,0,1,,keep
2,55741768,s44,t8,GTA,applied,0.0,1,0,,0.0,,0,2,,keep
2,55741768,s45,t8,GTA,applied,0.0,0,0,,0.0,,,,,
2,55741768,s46,t8,GTA,applied,1.0,0,0,,0.0,,,,,
2,55741768,s47,t8,GTA,applied,0.0,1,0,,0.0,,0,2,,keep
2,55741768,s48,t8,GTA,applied,1.0,0,0,,0.0,,,,,
2,55741768,s49,t8,GTA,applied,0.0,0,0,,0.0,,,,,
2,55741768,s50,t8,GTA,applied,1.0,1,0,,0.0,,0,1,,keep
2,55741768,s51,t8,GTA,applied,1.0,0,0,,0.0,,,,,
2,55741768,s52,t8,GTA,applied,1.0,1,1,0.118,223.0,,0,2,0.2162162162162162,keep
2,55741768,s54,t8,GTA,applied,0.0,1,0,,0.0,,0,1,,keep
2,55741768,s55,t8,GTA,applied,1.0,1,1,0.045,230.0,4.0,1,4,0.8282828282828283,keep
2,55741768,s56,t8,GTA,applied,0.0,1,0,,0.0,,0,2,,keep
2,55741768,s57,t8,GTA,applied,1.0,1,1,0.184,223.0,,1,4,0.7843137254901961,keep
2,55741768,s58,t8,GTA,applied,0.0,1,0,,0.0,5.0,0,2,,keep
2,55741768,s59,t8,GTA,applied,1.0,0,0,,0.0,,,,,
2,55741768,s60,t8,GTA,applied,1.0,1,1,2.043,20.0,,0,1,0.0392156862745098,keep
2,55741768,s61,t8,GTA,applied,0.0,1,0,,0.0,,0,2,,keep
2,55741768,s62,t8,GTA,applied,0.0,0,0,,0.0,,,,,
2,55741768,s63,t8,GTA,applied,0.0,0,0,,0.0,,,,,
2,55741768,s64,t8,GTA,applied,1.0,0,0,,0.0,,,,,
2,55741768,s66,t8,GTA,applied,1.0,1,0,,0.0,,0,2,,keep
2,55741768,s67,t8,GTA,applied,0.0,1,0,,0.0,,0,2,,keep
2,55741768,s68,t8,GTA,applied,0.0,0,0,,0.0,,,,,
2,55741768,s69,t8,GTA,applied,0.0,1,0,,0.0,,0,2,,keep
2,55741768,s70,t8,GTA,applied,1.0,1,0,,0.0,,0,3,,keep
2,55741768,s71,t8,GTA,applied,1.0,0,0,,0.0,,,,,
2,55741768,s72,t8,GTA,applied,0.0,0,0,,0.0,,,,,
2,55741768,s73,t8,GTA,applied,0.0,1,0,,0.0,,0,2,,keep
2,55741768,s74,t8,GTA,applied,1.0,1,0,,0.0,,0,1,,keep
2,55741768,s75,t8,GTA,applied,1.0,0,0,,0.0,4.0,,,,
2,55741768,s76,t8,GTA,applied,1.0,0,0,,0.0,,,,,
2,55741768,s78,t8,GTA,applied,0.0,1,0,,0.0,,0,2,,keep
2,55741768,s80,t8,GTA,applied,1.0,0,0,,0.0,,,,,
2,55741768,s81,t8,GTA,applied,1.0,1,1,0.073,219.0,4.0,1,4,0.88,keep
2,55741768,s82,t8,GTA,applied,0.0,0,0,,0.0,,,,,
2,55741768,s83,t8,GTA,applied,0.0,0,0,,0.0,,,,,
2,55741768,s84,t8,GTA,applied,1.0,0,0,,0.0,4.0,,,,
2,55741768,s85,t8,GTA,applied,1.0,1,1,0.067,221.0,4.0,1,4,0.8958333333333334,keep
2,55741768,s86,t8,GTA,applied,0.0,0,0,,0.0,,,,,
2,55741768,s87,t8,GTA,applied,1.0,0,0,0.328,34.0,,,,,
2,55741768,s88,t8,GTA,applied,0.0,1,0,,0.0,,0,1,,keep
2,55741771,s1,t4,UTA,applied,0.0,0,1,11.618,9.0,,,,,
2,55741771,s2,t4,UTA,applied,0.0,1,1,0.066,118.0,4.0,1,4,0.6666666666666666,keep
2,55741771,s3,t4,UTA,applied,1.0,0,1,0.556,40.0,,,,,
2,55741771,s4,t4,UTA,applied,0.0,0,1,0.345,9.0,,,,,
2,55741771,s5,t4,UTA,applied,0.0,0,1,0.33,9.0,,,,,
2,55741771,s6,t4,UTA,applied,0.0,0,1,0.365,9.0,,,,,
2,55741771,s7,t4,UTA,applied,0.0,0,1,0.403,10.0,,,,,
2,55741771,s8,t4,UTA,applied,0.0,1,1,0.098,106.0,,1,4,0.7307692307692308,keep
2,55741771,s9,t4,UTA,applied,0.0,0,1,0.336,9.0,,,,,
2,55741771,s10,t4,UTA,applied,0.0,0,1,0.304,9.0,,,,,
2,55741771,s11,t4,UTA,applied,0.0,1,1,0.041,166.0,,1,4,0.7297297297297298,keep
2,55741771,s12,t4,UTA,applied,0.0,1,1,0.045,162.0,,1,4,0.7837837837837839,keep
2,55741771,s13,t4,UTA,applied,0.0,0,1,0.309,9.0,,,,,
2,55741771,s14,t4,UTA,applied,0.0,0,1,0.327,9.0,3.0,,,,
2,55741771,s15,t4,UTA,applied,0.0,1,1,0.039,166.0,,1,4,0.7671232876712328,keep
2,55741771,s17,t4,UTA,applied,0.0,1,1,0.109,101.0,,1,4,0.5517241379310345,keep
2,55741771,s19,t4,UTA,applied,0.0,0,1,0.338,9.0,,,,,
2,55741771,s20,t4,UTA,applied,1.0,1,1,1.701,2.0,,0,1,0.0,keep
2,55741771,s21,t4,UTA,applied,0.0,1,1,0.069,94.0,,1,4,0.5098039215686275,keep
2,55741771,s22,t4,UTA,applied,0.0,1,1,0.074,173.0,3.0,1,4,0.835820895522388,keep
2,55741771,s23,t4,UTA,applied,0.0,1,1,0.836,9.0,3.0,0,1,0.0,keep
2,55741771,s24,t4,UTA,applied,1.0,0,1,0.378,89.0,,,,,
2,55741771,s25,t4,UTA,applied,0.0,0,1,0.405,9.0,,,,,
2,55741771,s26,t4,UTA,applied,0.0,1,1,0.047,109.0,3.0,1,4,0.6153846153846153,keep
2,55741771,s27,t4,UTA,applied,0.0,0,1,0.402,9.0,,,,,
2,55741771,s28,t4,UTA,applied,0.0,0,1,0.342,9.0,,,,,
2,55741771,s29,t4,UTA,applied,0.0,1,1,0.111,81.0,,1,4,0.5384615384615384,keep
2,55741771,s30,t4,UTA,applied,0.0,1,1,0.033,209.0,1.0,1,5,1.0,keep
2,55741771,s31,t4,UTA,applied,0.0,0,1,0.389,9.0,,,,,
2,55741771,s32,t4,UTA,applied,0.0,0,1,0.314,9.0,,,,,
2,55741771,s33,t4,UTA,applied,0.0,0,1,0.321,9.0,3.0,,,,
2,55741771,s34,t4,UTA,applied,0.0,0,1,0.353,9.0,4.0,,,,
2,55741771,s35,t4,UTA,applied,1.0,1,1,0.513,126.0,,0,1,0.22535211267605632,keep
2,55741771,s36,t4,UTA,applied,0.0,1,1,0.069,102.0,3.0,1,3,0.5714285714285715,keep
2,55741771,s37,t4,UTA,applied,0.0,1,1,0.11,133.0,,1,4,1.0,keep
2,55741771,s38,t4,UTA,applied,0.0,1,1,0.242,106.0,5.0,1,4,0.6101694915254238,keep
2,55741771,s39,t4,UTA,applied,1.0,0,1,0.24,28.0,,,,,
2,55741771,s40,t4,UTA,applied,0.0,1,1,0.034,170.0,,1,5,1.0,keep
2,55741771,s41,t4,UTA,applied,0.0,1,1,0.056,104.0,,1,4,0.5964912280701754,keep
2,55741771,s42,t4,UTA,applied,0.0,1,1,0.034,145.0,3.0,1,5,1.0,keep
2,55741771,s43,t4,UTA,applied,0.0,0,1,0.382,9.0,,,,,
2,55741771,s44,t4,UTA,applied,0.0,0,1,0.354,9.0,,,,,
2,55741771,s45,t4,UTA,applied,0.0,1,1,0.056,93.0,,1,4,0.5614035087719299,keep
2,55741771,s46,t4,UTA,applied,0.0,1,1,0.043,158.0,,1,4,0.7012987012987013,keep
2,55741771,s47,t4,UTA,applied,0.0,0,1,0.211,21.0,,,,,
2,55741771,s48,t4,UTA,applied,1.0,1,1,0.807,198.0,,1,4,0.5714285714285714,keep
2,55741771,s49,t4,UTA,applied,0.0,1,1,0.058,87.0,,1,4,0.5384615384615384,keep
2,55741771,s50,t4,UTA,applied,0.0,0,1,0.315,9.0,3.0,,,,
2,55741771,s51,t4,UTA,applied,0.0,1,1,0.069,100.0,3.0,1,4,0.5806451612903226,keep
2,55741771,s52,t4,UTA,applied,1.0,0,1,0.292,92.0,,,,,
2,55741771,s54,t4,UTA,applied,0.0,0,1,0.314,9.0,,,,,
2,55741771,s55,t4,UTA,applied,1.0,0,1,0.168,72.0,3.0,,,,
2,55741771,s56,t4,UTA,applied,0.0,0,1,0.515,9.0,,,,,
2,55741771,s57,t4,UTA,applied,1.0,0,1,0.492,104.0,,,,,
2,55741771,s58,t4,UTA,applied,0.0,0,1,0.295,9.0,5.0,,,,
2,55741771,s59,t4,UTA,applied,0.0,1,1,0.054,105.0,1.0,1,4,0.7391304347826086,keep
2,55741771,s60,t4,UTA,applied,0.0,0,1,0.348,9.0,,,,,
2,55741771,s61,t4,UTA,applied,0.0,0,1,0.317,9.0,,,,,
2,55741771,s62,t4,UTA,applied,0.0,1,1,0.631,9.0,,0,1,0.0,keep
2,55741771,s63,t4,UTA,applied,0.0,1,1,0.033,194.0,,1,5,1.0,keep
2,55741771,s64,t4,UTA,applied,0.0,1,1,0.053,109.0,,1,4,0.6779661016949152,keep
2,55741771,s66,t4,UTA,applied,0.0,0,1,0.31,9.0,,,,,
2,55741771,s67,t4,UTA,applied,0.0,0,1,0.316,9.0,,,,,
2,55741771,s68,t4,UTA,applied,0.0,1,1,2.078,9.0,3.0,0,1,0.0,keep
2,55741771,s69,t4,UTA,applied,0.0,0,1,0.18,28.0,,,,,
2,55741771,s70,t4,UTA,applied,0.0,0,1,0.312,9.0,3.0,,,,
2,55741771,s71,t4,UTA,applied,1.0,1,1,0.049,222.0,,1,4,0.8453608247422679,keep
2,55741771,s72,t4,UTA,applied,0.0,1,1,0.055,119.0,,1,4,0.6557377049180327,keep
2,55741771,s73,t4,UTA,applied,0.0,0,1,0.33,9.0,,,,,
2,55741771,s74,t4,UTA,applied,0.0,0,1,0.316,9.0,,,,,
2,55741771,s75,t4,UTA,applied,0.0,1,1,0.049,132.0,4.0,1,4,0.6896551724137931,keep
2,55741771,s76,t4,UTA,applied,1.0,1,1,0.218,172.0,,1,4,0.6722689075630253,keep
2,55741771,s78,t4,UTA,applied,0.0,0,1,0.346,9.0,3.0,,,,
2,55741771,s79,t4,UTA,applied,0.0,0,1,0.37,9.0,,,,,
2,55741771,s80,t4,UTA,applied,0.0,1,1,0.058,120.0,,1,4,0.5666666666666667,keep
2,55741771,s81,t4,UTA,applied,0.0,0,1,0.32,9.0,3.0,,,,
2,55741771,s82,t4,UTA,applied,0.0,1,1,0.038,143.0,,1,4,0.676470588235294,keep
2,55741771,s83,t4,UTA,applied,0.0,1,1,0.048,127.0,,1,4,0.7741935483870968,keep
2,55741771,s84,t4,UTA,applied,0.0,1,1,0.069,167.0,4.0,1,4,0.7671232876712328,keep
2,55741771,s85,t4,UTA,applied,0.0,0,1,0.409,9.0,,,,,
2,55741771,s86,t4,UTA,applied,0.0,1,1,0.059,113.0,,1,4,0.7058823529411764,keep
2,55741771,s87,t4,UTA,applied,0.0,1,1,0.082,102.0,,1,3,0.6071428571428571,keep
2,55741771,s88,t4,UTA,applied,0.0,0,1,0.332,9.0,,,,,
2,57733261,s1,t1,UTA,applied,0.0,1,0,,0.0,,0,4,,keep
2,57733261,s2,t1,UTA,applied,0.0,0,0,,0.0,,,,,
2,57733261,s3,t1,UTA,applied,0.0,1,0,,0.0,,0,4,,keep
2,57733261,s4,t1,UTA,applied,0.0,1,0,,0.0,,0,4,,keep
2,57733261,s5,t1,UTA,applied,0.0,1,0,,0.0,,0,4,,keep
2,57733261,s6,t1,UTA,applied,0.0,1,0,,0.0,,0,4,,keep
2,57733261,s7,t1,UTA,applied,0.0,1,0,,0.0,,0,4,,keep
2,57733261,s8,t1,UTA,applied,0.0,0,0,,0.0,,,,,
2,57733261,s9,t1,UTA,applied,0.0,1,0,,0.0,,0,4,,keep
2,57733261,s10,t1,UTA,applied,0.0,1,0,,0.0,,0,4,,keep
2,57733261,s11,t1,UTA,applied,0.0,0,0,,0.0,,,,,
2,57733261,s12,t1,UTA,applied,0.0,0,0,,0.0,,,,,
2,57733261,s13,t1,UTA,applied,0.0,1,0,,0.0,,0,4,,keep
2,57733261,s14,t1,UTA,applied,0.0,1,0,,0.0,3.0,0,4,,keep
2,57733261,s15,t1,UTA,applied,0.0,0,0,,0.0,,,,,
2,57733261,s17,t1,UTA,applied,0.0,0,0,,0.0,,,,,
2,57733261,s19,t1,UTA,applied,0.0,1,0,,0.0,,0,4,,keep
2,57733261,s20,t1,UTA,applied,1.0,0,0,,0.0,,,,,
2,57733261,s21,t1,UTA,applied,0.0,0,0,,0.0,,,,,
2,57733261,s22,t1,UTA,applied,0.0,0,0,,0.0,,,,,
2,57733261,s23,t1,UTA,applied,0.0,0,0,,0.0,3.0,,,,
2,57733261,s24,t1,UTA,applied,0.0,1,0,,0.0,,0,4,,keep
2,57733261,s25,t1,UTA,applied,0.0,1,0,,0.0,,0,4,,keep
2,57733261,s26,t1,UTA,applied,0.0,0,0,,0.0,3.0,,,,
2,57733261,s27,t1,UTA,applied,0.0,1,0,,0.0,,0,4,,keep
2,57733261,s28,t1,UTA,applied,0.0,1,0,,0.0,,0,4,,keep
2,57733261,s29,t1,UTA,applied,1.0,0,0,0.027,46.0,,,,,
2,57733261,s30,t1,UTA,applied,0.0,0,0,,0.0,,,,,
2,57733261,s31,t1,UTA,applied,0.0,1,0,,0.0,,0,4,,keep
2,57733261,s32,t1,UTA,applied,0.0,1,0,,0.0,,0,4,,keep
2,57733261,s33,t1,UTA,applied,0.0,1,0,,0.0,,0,3,,keep
2,57733261,s34,t1,UTA,applied,0.0,1,0,,0.0,,0,4,,keep
2,57733261,s35,t1,UTA,applied,0.0,0,0,,0.0,,,,,
2,57733261,s36,t1,UTA,applied,0.0,0,0,,0.0,,,,,
2,57733261,s37,t1,UTA,applied,0.0,0,0,,0.0,,,,,
2,57733261,s38,t1,UTA,applied,1.0,0,1,0.625,30.0,5.0,,,,
2,57733261,s39,t1,UTA,applied,1.0,1,0,0.003,329.0,,0,4,1.0,decrease
2,57733261,s40,t1,UTA,applied,0.0,0,0,,0.0,,,,,
2,57733261,s41,t1,UTA,applied,0.0,0,0,,0.0,,,,,
2,57733261,s42,t1,UTA,applied,0.0,0,0,,0.0,3.0,,,,
2,57733261,s43,t1,UTA,applied,0.0,1,0,,0.0,,0,2,,keep
2,57733261,s44,t1,UTA,applied,1.0,1,1,0.032,355.0,,1,5,1.0,keep
2,57733261,s45,t1,UTA,applied,0.0,0,0,,0.0,,,,,
2,57733261,s46,t1,UTA,applied,1.0,0,0,0.031,32.0,,,,,
2,57733261,s47,t1,UTA,applied,0.0,1,0,,0.0,,0,4,,keep
2,57733261,s48,t1,UTA,applied,1.0,0,0,0.012,53.0,,,,,
2,57733261,s49,t1,UTA,applied,0.0,0,0,,0.0,,,,,
2,57733261,s50,t1,UTA,applied,0.0,1,0,,0.0,,0,4,,keep
2,57733261,s51,t1,UTA,applied,0.0,0,0,,0.0,,,,,
2,57733261,s52,t1,UTA,applied,0.0,1,0,,0.0,,0,4,,keep
2,57733261,s54,t1,UTA,applied,0.0,1,0,,0.0,,0,4,,keep
2,57733261,s55,t1,UTA,applied,0.0,1,0,,0.0,,0,4,,keep
2,57733261,s56,t1,UTA,applied,0.0,1,0,,0.0,,0,4,,keep
2,57733261,s57,t1,UTA,applied,0.0,1,0,,0.0,,0,4,,keep
2,57733261,s58,t1,UTA,applied,0.0,1,0,,0.0,5.0,0,4,,keep
2,57733261,s59,t1,UTA,applied,0.0,0,0,,0.0,,,,,
2,57733261,s60,t1,UTA,applied,0.0,1,0,,0.0,,0,4,,keep
2,57733261,s61,t1,UTA,applied,0.0,1,0,,0.0,,0,4,,keep
2,57733261,s62,t1,UTA,applied,0.0,0,0,,0.0,,,,,
2,57733261,s63,t1,UTA,applied,0.0,0,0,,0.0,,,,,
2,57733261,s64,t1,UTA,applied,0.0,0,0,,0.0,,,,,
2,57733261,s66,t1,UTA,applied,0.0,1,0,,0.0,,0,3,,keep
2,57733261,s67,t1,UTA,applied,0.0,1,0,,0.0,,0,4,,keep
2,57733261,s68,t1,UTA,applied,0.0,0,0,,0.0,,,,,
2,57733261,s69,t1,UTA,applied,0.0,1,0,,0.0,,0,4,,keep
2,57733261,s70,t1,UTA,applied,0.0,1,0,,0.0,,0,4,,keep
2,57733261,s71,t1,UTA,applied,0.0,0,0,,0.0,,,,,
2,57733261,s72,t1,UTA,applied,0.0,0,0,,0.0,,,,,
2,57733261,s73,t1,UTA,applied,0.0,1,0,,0.0,,0,1,,keep
2,57733261,s74,t1,UTA,applied,0.0,1,0,,0.0,,0,4,,keep
2,57733261,s75,t1,UTA,applied,1.0,0,0,0.016,88.0,5.0,,,,
2,57733261,s76,t1,UTA,applied,0.0,0,0,,0.0,,,,,
2,57733261,s78,t1,UTA,applied,1.0,1,1,1.323,24.0,3.0,1,4,0.023255813953488372,keep
2,57733261,s79,t1,UTA,applied,0.0,1,0,,0.0,,0,3,,keep
2,57733261,s80,t1,UTA,applied,0.0,0,0,,0.0,,,,,
2,57733261,s81,t1,UTA,applied,0.0,1,0,,0.0,,0,3,,keep
2,57733261,s82,t1,UTA,applied,0.0,0,0,,0.0,,,,,
2,57733261,s83,t1,UTA,applied,0.0,0,0,,0.0,,,,,
2,57733261,s84,t1,UTA,applied,0.0,0,0,,0.0,,,,,
2,57733261,s85,t1,UTA,applied,0.0,1,0,,0.0,,0,4,,keep
2,57733261,s86,t1,UTA,applied,0.0,0,0,,0.0,,,,,
2,57733261,s87,t1,UTA,applied,0.0,0,0,,0.0,,,,,
2,57733261,s88,t1,UTA,applied,0.0,1,0,,0.0,,0,4,,keep
2,57733683,s1,t7,GTA,conceptual,0.0,0,0,,0.0,,,,,
2,57733683,s3,t7,GTA,conceptual,1.0,0,0,,0.0,,,,,
2,57733683,s4,t7,GTA,conceptual,1.0,0,0,,0.0,,,,,
2,57733683,s6,t7,GTA,conceptual,0.0,0,0,,0.0,,,,,
2,57733683,s9,t7,GTA,conceptual,0.0,0,0,,0.0,,,,,
2,57733683,s10,t7,GTA,conceptual,0.0,0,0,,0.0,,,,,
2,57733683,s11,t7,GTA,conceptual,0.0,1,0,,0.0,,0,3,,keep
2,57733683,s12,t7,GTA,conceptual,0.0,1,0,,0.0,,0,2,,keep
2,57733683,s14,t7,GTA,conceptual,0.0,0,0,,0.0,3.0,,,,
2,57733683,s15,t7,GTA,conceptual,0.0,1,0,,0.0,,0,2,,keep
2,57733683,s17,t7,GTA,conceptual,0.0,1,0,,0.0,,0,3,,keep
2,57733683,s20,t7,GTA,conceptual,1.0,1,0,,0.0,,0,2,,keep
2,57733683,s21,t7,GTA,conceptual,0.0,1,0,,0.0,,0,3,,keep
2,57733683,s22,t7,GTA,conceptual,0.0,1,0,,0.0,,0,2,,keep
2,57733683,s23,t7,GTA,conceptual,0.0,1,0,,0.0,3.0,0,3,,keep
2,57733683,s24,t7,GTA,conceptual,1.0,0,0,,0.0,,,,,
2,57733683,s25,t7,GTA,conceptual,0.0,0,0,,0.0,,,,,
2,57733683,s26,t7,GTA,conceptual,0.0,1,0,,0.0,3.0,0,3,,keep
2,57733683,s33,t7,GTA,conceptual,0.0,0,0,,0.0,,,,,
2,57733683,s34,t7,GTA,conceptual,0.0,0,0,,0.0,,,,,
2,57733683,s38,t7,GTA,conceptual,1.0,1,1,0.057,265.0,5.0,1,4,0.7936507936507937,keep
2,57733683,s39,t7,GTA,conceptual,0.0,0,0,,0.0,,,,,
2,57733683,s40,t7,GTA,conceptual,0.0,1,0,,0.0,,0,2,,keep
2,57733683,s41,t7,GTA,conceptual,0.0,1,0,,0.0,,0,3,,keep
2,57733683,s42,t7,GTA,conceptual,0.0,1,0,,0.0,3.0,0,3,,keep
2,57733683,s44,t7,GTA,conceptual,0.0,0,0,,0.0,,,,,
2,57733683,s45,t7,GTA,conceptual,0.0,1,1,0.05,331.0,,1,3,1.0,keep
2,57733683,s46,t7,GTA,conceptual,1.0,1,1,0.609,116.0,,0,3,0.18181818181818182,keep
2,57733683,s47,t7,GTA,conceptual,1.0,0,1,0.277,80.0,,,,,
2,57733683,s48,t7,GTA,conceptual,0.0,1,0,,0.0,,0,3,,keep
2,57733683,s49,t7,GTA,conceptual,0.0,1,0,,0.0,,0,2,,keep
2,57733683,s51,t7,GTA,conceptual,0.0,1,0,,0.0,,0,2,,keep
2,57733683,s52,t7,GTA,conceptual,0.0,0,0,,0.0,,,,,
2,57733683,s55,t7,GTA,conceptual,0.0,0,0,,0.0,,,,,
2,57733683,s56,t7,GTA,conceptual,0.0,0,0,,0.0,,,,,
2,57733683,s57,t7,GTA,conceptual,0.0,0,0,,0.0,,,,,
2,57733683,s58,t7,GTA,conceptual,0.0,0,0,,0.0,5.0,,,,
2,57733683,s59,t7,GTA,conceptual,0.0,1,1,0.051,285.0,3.0,1,4,0.706766917293233,keep
2,57733683,s61,t7,GTA,conceptual,0.0,0,0,,0.0,,,,,
2,57733683,s62,t7,GTA,conceptual,0.0,1,0,,0.0,,0,3,,keep
2,57733683,s63,t7,GTA,conceptual,0.0,1,0,,0.0,,0,3,,keep
2,57733683,s64,t7,GTA,conceptual,0.0,1,0,,0.0,,0,2,,keep
2,57733683,s66,t7,GTA,conceptual,0.0,0,0,,0.0,,,,,
2,57733683,s67,t7,GTA,conceptual,0.0,0,0,,0.0,,,,,
2,57733683,s68,t7,GTA,conceptual,0.0,1,1,0.037,184.0,4.0,1,3,1.0,keep
2,57733683,s69,t7,GTA,conceptual,0.0,0,0,,0.0,,,,,
2,57733683,s70,t7,GTA,conceptual,1.0,0,0,,0.0,,,,,
2,57733683,s74,t7,GTA,conceptual,0.0,0,0,,0.0,,,,,
2,57733683,s75,t7,GTA,conceptual,0.0,1,0,,0.0,3.0,0,3,,keep
2,57733683,s76,t7,GTA,conceptual,0.0,1,0,,0.0,,0,3,,keep
2,57733683,s85,t7,GTA,conceptual,0.0,0,0,,0.0,,,,,
3,55741777,s1,t5,GTA,conceptual,0.0,1,0,,0.0,,0,3,,keep
3,55741777,s2,t5,GTA,conceptual,0.0,1,0,,0.0,,0,4,,keep
3,55741777,s3,t5,GTA,conceptual,0.0,1,0,,0.0,,0,4,,keep
3,55741777,s4,t5,GTA,conceptual,1.0,1,1,0.051,397.0,,1,5,1.0,decrease
3,55741777,s5,t5,GTA,conceptual,0.0,0,0,,0.0,,,,,
3,55741777,s6,t5,GTA,conceptual,0.0,1,0,,0.0,,0,4,,keep
3,55741777,s7,t5,GTA,conceptual,0.0,1,0,,0.0,,0,4,,keep
3,55741777,s8,t5,GTA,conceptual,0.0,0,0,,0.0,,,,,
3,55741777,s9,t5,GTA,conceptual,0.0,0,0,,0.0,,,,,
3,55741777,s10,t5,GTA,conceptual,0.0,0,0,,0.0,,,,,
3,55741777,s11,t5,GTA,conceptual,1.0,1,1,0.05,404.0,,1,4,,decrease
3,55741777,s12,t5,GTA,conceptual,0.0,1,0,,0.0,,0,4,,keep
3,55741777,s13,t5,GTA,conceptual,0.0,0,0,,0.0,3.0,,,,
3,55741777,s14,t5,GTA,conceptual,0.0,0,0,,0.0,,,,,
3,55741777,s15,t5,GTA,conceptual,0.0,1,0,,0.0,,0,4,,keep
3,55741777,s16,t5,GTA,conceptual,0.0,1,0,,0.0,,0,4,,keep
3,55741777,s18,t5,GTA,conceptual,1.0,1,1,0.022,356.0,,1,4,1.0,keep
3,55741777,s19,t5,GTA,conceptual,0.0,0,0,,0.0,,,,,
3,55741777,s22,t5,GTA,conceptual,0.0,1,0,,0.0,,0,4,,keep
3,55741777,s23,t5,GTA,conceptual,0.0,1,0,,0.0,3.0,0,4,,keep
3,55741777,s25,t5,GTA,conceptual,0.0,0,0,,0.0,,,,,
3,55741777,s26,t5,GTA,conceptual,0.0,1,0,,0.0,,0,4,,keep
3,55741777,s27,t5,GTA,conceptual,0.0,1,0,,0.0,,0,4,,keep
3,55741777,s28,t5,GTA,conceptual,1.0,1,1,0.03,385.0,,1,4,0.9942857142857142,decrease
3,55741777,s29,t5,GTA,conceptual,0.0,1,0,,0.0,,0,4,,keep
3,55741777,s30,t5,GTA,conceptual,0.0,0,0,,0.0,,,,,
3,55741777,s31,t5,GTA,conceptual,0.0,0,0,,0.0,,,,,
3,55741777,s32,t5,GTA,conceptual,0.0,1,0,,0.0,,0,4,,keep
3,55741777,s33,t5,GTA,conceptual,0.0,0,0,,0.0,,,,,
3,55741777,s34,t5,GTA,conceptual,0.0,1,0,,0.0,,0,4,,keep
3,55741777,s35,t5,GTA,conceptual,0.0,0,0,,0.0,,,,,
3,55741777,s36,t5,GTA,conceptual,1.0,1,1,0.161,307.0,4.0,1,5,1.0,decrease
3,55741777,s37,t5,GTA,conceptual,0.0,0,0,,0.0,,,,,
3,55741777,s38,t5,GTA,conceptual,0.0,0,0,,0.0,,,,,
3,55741777,s39,t5,GTA,conceptual,0.0,0,0,,0.0,,,,,
3,55741777,s40,t5,GTA,conceptual,0.0,1,0,,0.0,,0,4,,keep
3,55741777,s41,t5,GTA,conceptual,0.0,0,0,,0.0,,,,,
3,55741777,s42,t5,GTA,conceptual,0.0,0,0,,0.0,,,,,
3,55741777,s43,t5,GTA,conceptual,0.0,0,0,,0.0,,,,,
3,55741777,s45,t5,GTA,conceptual,0.0,0,0,,0.0,,,,,
3,55741777,s48,t5,GTA,conceptual,1.0,1,1,0.032,415.0,,1,4,1.0,decrease
3,55741777,s49,t5,GTA,conceptual,0.0,1,0,,0.0,,0,4,,keep
3,55741777,s50,t5,GTA,conceptual,0.0,1,0,,0.0,,0,4,,keep
3,55741777,s51,t5,GTA,conceptual,0.0,0,0,,0.0,,,,,
3,55741777,s52,t5,GTA,conceptual,0.0,1,0,,0.0,,0,4,,keep
3,55741777,s53,t5,GTA,conceptual,0.0,1,0,,0.0,,0,3,,keep
3,55741777,s54,t5,GTA,conceptual,1.0,1,1,0.51,423.0,2.0,1,5,1.0,decrease
3,55741777,s55,t5,GTA,conceptual,0.0,0,0,,0.0,,,,,
3,55741777,s56,t5,GTA,conceptual,0.0,0,0,,0.0,,,,,
3,55741777,s57,t5,GTA,conceptual,0.0,1,0,,0.0,,0,4,,keep
3,55741777,s58,t5,GTA,conceptual,0.0,1,0,,0.0,4.0,0,4,,keep
3,55741777,s59,t5,GTA,conceptual,0.0,0,0,,0.0,,,,,
3,55741777,s60,t5,GTA,conceptual,1.0,1,1,0.089,395.0,,1,4,1.0,decrease
3,55741777,s61,t5,GTA,conceptual,0.0,1,0,,0.0,,0,4,,keep
3,55741777,s62,t5,GTA,conceptual,0.0,0,0,,0.0,,,,,
3,55741777,s63,t5,GTA,conceptual,0.0,0,0,,0.0,3.0,,,,
3,55741777,s64,t5,GTA,conceptual,0.0,1,0,,0.0,,0,4,,keep
3,55741777,s65,t5,GTA,conceptual,0.0,0,0,,0.0,,,,,
3,55741777,s66,t5,GTA,conceptual,0.0,0,0,,0.0,,,,,
3,55741777,s67,t5,GTA,conceptual,0.0,0,0,,0.0,,,,,
3,55741777,s68,t5,GTA,conceptual,0.0,1,0,,0.0,,0,4,,keep
3,55741777,s69,t5,GTA,conceptual,0.0,1,0,,0.0,,0,4,,keep
3,55741777,s70,t5,GTA,conceptual,0.0,1,0,,0.0,,0,4,,keep
3,55741777,s71,t5,GTA,conceptual,0.0,0,0,,0.0,,,,,
3,55741777,s72,t5,GTA,conceptual,0.0,0,0,,0.0,,,,,
3,55741777,s73,t5,GTA,conceptual,0.0,1,0,,0.0,,0,4,,keep
3,55741777,s74,t5,GTA,conceptual,1.0,1,1,0.047,321.0,,1,4,1.0,decrease
3,55741777,s75,t5,GTA,conceptual,0.0,0,0,,0.0,,,,,
3,55741777,s76,t5,GTA,conceptual,0.0,0,0,,0.0,,,,,
3,55741777,s77,t5,GTA,conceptual,0.0,1,0,,0.0,,0,4,,keep
3,55741777,s78,t5,GTA,conceptual,0.0,0,0,,0.0,,,,,
3,55741777,s79,t5,GTA,conceptual,0.0,0,0,,0.0,,,,,
3,55741777,s80,t5,GTA,conceptual,0.0,0,0,,0.0,,,,,
3,55741777,s81,t5,GTA,conceptual,0.0,0,0,,0.0,,,,,
3,55741777,s82,t5,GTA,conceptual,0.0,0,0,,0.0,,,,,
3,55741777,s83,t5,GTA,conceptual,0.0,0,0,,0.0,,,,,
3,55741777,s84,t5,GTA,conceptual,0.0,0,0,,0.0,,,,,
3,55741777,s85,t5,GTA,conceptual,0.0,0,0,,0.0,,,,,
3,55741777,s86,t5,GTA,conceptual,0.0,1,0,,0.0,,0,3,,keep
3,55741777,s87,t5,GTA,conceptual,0.0,0,0,,0.0,,,,,
3,55741777,s88,t5,GTA,conceptual,0.0,1,0,,0.0,,0,4,,keep
3,55741778,s1,t9,GTA,applied,0.0,0,0,,0.0,,,,,
3,55741778,s2,t9,GTA,applied,0.0,0,0,,0.0,,,,,
3,55741778,s3,t9,GTA,applied,0.0,0,0,,0.0,,,,,
3,55741778,s4,t9,GTA,applied,0.0,0,0,,0.0,,,,,
3,55741778,s5,t9,GTA,applied,0.0,1,0,,0.0,,0,1,,keep
3,55741778,s6,t9,GTA,applied,0.0,0,0,,0.0,,,,,
3,55741778,s7,t9,GTA,applied,0.0,0,0,,0.0,,,,,
3,55741778,s8,t9,GTA,applied,0.0,1,0,,0.0,,0,1,,keep
3,55741778,s9,t9,GTA,applied,1.0,1,1,,325.0,,1,5,1.0,keep
3,55741778,s10,t9,GTA,applied,0.0,1,0,,0.0,,0,1,,keep
3,55741778,s11,t9,GTA,applied,0.0,0,0,,0.0,,,,,
3,55741778,s12,t9,GTA,applied,0.0,0,0,,0.0,,,,,
3,55741778,s13,t9,GTA,applied,0.0,1,0,,0.0,3.0,0,1,,keep
3,55741778,s14,t9,GTA,applied,0.0,1,0,,0.0,,0,1,,keep
3,55741778,s15,t9,GTA,applied,0.0,0,0,,0.0,,,,,
3,55741778,s16,t9,GTA,applied,0.0,0,0,,0.0,,,,,
3,55741778,s18,t9,GTA,applied,0.0,0,0,,0.0,,,,,
3,55741778,s19,t9,GTA,applied,0.0,1,0,,0.0,,0,1,,keep
3,55741778,s22,t9,GTA,applied,0.0,0,0,,0.0,,,,,
3,55741778,s23,t9,GTA,applied,0.0,0,0,,0.0,3.0,,,,
3,55741778,s25,t9,GTA,applied,0.0,1,0,,0.0,,0,1,,keep
3,55741778,s26,t9,GTA,applied,0.0,0,0,,0.0,,,,,
3,55741778,s27,t9,GTA,applied,0.0,0,0,,0.0,,,,,
3,55741778,s28,t9,GTA,applied,0.0,0,0,,0.0,,,,,
3,55741778,s29,t9,GTA,applied,1.0,0,0,,0.0,,,,,
3,55741778,s30,t9,GTA,applied,0.0,1,0,,0.0,,0,1,,keep
3,55741778,s31,t9,GTA,applied,0.0,1,0,,0.0,,0,1,,keep
3,55741778,s32,t9,GTA,applied,0.0,0,0,,0.0,,,,,
3,55741778,s33,t9,GTA,applied,0.0,1,0,,0.0,,0,1,,keep
3,55741778,s34,t9,GTA,applied,0.0,0,0,,0.0,,,,,
3,55741778,s35,t9,GTA,applied,0.0,1,0,,0.0,,0,1,,keep
3,55741778,s36,t9,GTA,applied,0.0,0,0,,0.0,,,,,
3,55741778,s37,t9,GTA,applied,0.0,1,0,,0.0,,0,1,,keep
3,55741778,s38,t9,GTA,applied,0.0,1,0,,0.0,,0,1,,keep
3,55741778,s39,t9,GTA,applied,0.0,1,0,,0.0,,0,1,,keep
3,55741778,s40,t9,GTA,applied,0.0,0,0,,0.0,,,,,
3,55741778,s41,t9,GTA,applied,0.0,1,0,,0.0,,0,1,,keep
3,55741778,s42,t9,GTA,applied,0.0,1,0,,0.0,,0,1,,keep
3,55741778,s43,t9,GTA,applied,0.0,1,0,,0.0,,0,1,,keep
3,55741778,s45,t9,GTA,applied,0.0,1,0,,0.0,,0,1,,keep
3,55741778,s48,t9,GTA,applied,0.0,0,0,,0.0,,,,,
3,55741778,s49,t9,GTA,applied,0.0,0,0,,0.0,,,,,
3,55741778,s50,t9,GTA,applied,0.0,0,0,,0.0,,,,,
3,55741778,s51,t9,GTA,applied,0.0,1,0,,0.0,,0,1,,keep
3,55741778,s52,t9,GTA,applied,0.0,0,0,,0.0,,,,,
3,55741778,s53,t9,GTA,applied,0.0,0,0,,0.0,,,,,
3,55741778,s54,t9,GTA,applied,0.0,0,0,,0.0,,,,,
3,55741778,s55,t9,GTA,applied,0.0,1,0,,0.0,,0,1,,keep
3,55741778,s56,t9,GTA,applied,0.0,1,0,,0.0,,0,1,,keep
3,55741778,s57,t9,GTA,applied,0.0,0,0,,0.0,,,,,
3,55741778,s58,t9,GTA,applied,0.0,0,0,,0.0,4.0,,,,
3,55741778,s59,t9,GTA,applied,0.0,1,0,,0.0,,0,1,,keep
3,55741778,s60,t9,GTA,applied,0.0,0,0,,0.0,,,,,
3,55741778,s61,t9,GTA,applied,0.0,0,0,,0.0,,,,,
3,55741778,s62,t9,GTA,applied,0.0,1,0,,0.0,,0,1,,keep
3,55741778,s63,t9,GTA,applied,0.0,1,0,,0.0,3.0,0,1,,keep
3,55741778,s64,t9,GTA,applied,0.0,0,0,,0.0,,,,,
3,55741778,s65,t9,GTA,applied,0.0,1,0,,0.0,,0,1,,keep
3,55741778,s66,t9,GTA,applied,1.0,1,1,,181.0,,1,5,1.0,keep
3,55741778,s67,t9,GTA,applied,0.0,1,0,,0.0,,0,1,,keep
3,55741778,s68,t9,GTA,applied,0.0,0,0,,0.0,,,,,
3,55741778,s69,t9,GTA,applied,0.0,0,0,,0.0,,,,,
3,55741778,s70,t9,GTA,applied,0.0,0,0,,0.0,,,,,
3,55741778,s71,t9,GTA,applied,0.0,1,0,,0.0,,0,1,,keep
3,55741778,s72,t9,GTA,applied,0.0,1,0,,0.0,,0,1,,keep
3,55741778,s73,t9,GTA,applied,0.0,0,0,,0.0,,,,,
3,55741778,s74,t9,GTA,applied,0.0,0,0,,0.0,,,,,
3,55741778,s75,t9,GTA,applied,0.0,1,0,,0.0,,0,1,,keep
3,55741778,s76,t9,GTA,applied,1.0,1,1,,255.0,,1,5,1.0,keep
3,55741778,s77,t9,GTA,applied,0.0,0,0,,0.0,,,,,
3,55741778,s78,t9,GTA,applied,1.0,1,1,,203.0,,1,5,1.0,keep
3,55741778,s79,t9,GTA,applied,0.0,1,0,,0.0,,0,1,,keep
3,55741778,s80,t9,GTA,applied,0.0,1,0,,0.0,,0,1,,keep
3,55741778,s81,t9,GTA,applied,0.0,1,0,,0.0,,0,1,,keep
3,55741778,s82,t9,GTA,applied,0.0,1,0,,0.0,,0,1,,keep
3,55741778,s83,t9,GTA,applied,0.0,1,0,,0.0,,0,1,,keep
3,55741778,s84,t9,GTA,applied,1.0,1,1,,193.0,,1,5,1.0,keep
3,55741778,s85,t9,GTA,applied,0.0,1,0,,0.0,,0,1,,keep
3,55741778,s86,t9,GTA,applied,0.0,0,0,,0.0,,,,,
3,55741778,s87,t9,GTA,applied,0.0,1,0,,0.0,,0,1,,keep
3,55741778,s88,t9,GTA,applied,0.0,0,0,,0.0,,,,,
3,55741784,s1,t6,GTA,conceptual,0.0,0,0,,0.0,,,,,
3,55741784,s2,t6,GTA,conceptual,0.0,0,0,,0.0,,,,,
3,55741784,s3,t6,GTA,conceptual,0.0,0,0,,0.0,,,,,
3,55741784,s4,t6,GTA,conceptual,0.0,0,0,,0.0,,,,,
3,55741784,s5,t6,GTA,conceptual,0.0,1,0,,0.0,,0,3,,keep
3,55741784,s6,t6,GTA,conceptual,0.0,0,0,,0.0,,,,,
3,55741784,s7,t6,GTA,conceptual,0.0,0,0,,0.0,,,,,
3,55741784,s8,t6,GTA,conceptual,0.0,1,0,,0.0,,0,3,,keep
3,55741784,s9,t6,GTA,conceptual,1.0,1,1,0.067,275.0,,1,4,1.0,keep
3,55741784,s10,t6,GTA,conceptual,0.0,1,0,,0.0,,0,3,,keep
3,55741784,s11,t6,GTA,conceptual,0.0,0,0,,0.0,,,,,
3,55741784,s12,t6,GTA,conceptual,0.0,0,0,,0.0,,,,,
3,55741784,s13,t6,GTA,conceptual,0.0,1,0,,0.0,3.0,0,3,,keep
3,55741784,s14,t6,GTA,conceptual,0.0,1,1,0.906,132.0,,1,3,0.43010752688172044,decrease
3,55741784,s15,t6,GTA,conceptual,1.0,0,1,0.003,409.0,,,,,
3,55741784,s16,t6,GTA,conceptual,1.0,0,1,0.035,86.0,,,,,
3,55741784,s18,t6,GTA,conceptual,0.0,0,0,,0.0,,,,,
3,55741784,s19,t6,GTA,conceptual,0.0,1,0,,0.0,,0,3,,keep
3,55741784,s22,t6,GTA,conceptual,0.0,0,0,,0.0,,,,,
3,55741784,s23,t6,GTA,conceptual,0.0,0,0,,0.0,3.0,,,,
3,55741784,s25,t6,GTA,conceptual,0.0,1,0,,0.0,,0,3,,keep
3,55741784,s26,t6,GTA,conceptual,0.0,0,0,,0.0,,,,,
3,55741784,s27,t6,GTA,conceptual,0.0,0,0,,0.0,,,,,
3,55741784,s28,t6,GTA,conceptual,0.0,0,0,,0.0,,,,,
3,55741784,s29,t6,GTA,conceptual,1.0,0,1,0.01,144.0,2.0,,,,
3,55741784,s30,t6,GTA,conceptual,0.0,1,0,,0.0,,0,3,,keep
3,55741784,s31,t6,GTA,conceptual,0.0,1,1,0.006,191.0,,1,4,0.972972972972973,decrease
3,55741784,s32,t6,GTA,conceptual,0.0,0,0,,0.0,,,,,
3,55741784,s33,t6,GTA,conceptual,0.0,1,0,,0.0,,0,3,,keep
3,55741784,s34,t6,GTA,conceptual,0.0,0,0,,0.0,,,,,
3,55741784,s35,t6,GTA,conceptual,0.0,1,0,,0.0,,0,3,,keep
3,55741784,s36,t6,GTA,conceptual,0.0,0,0,,0.0,,,,,
3,55741784,s38,t6,GTA,conceptual,0.0,1,0,,0.0,,0,1,,keep
3,55741784,s39,t6,GTA,conceptual,1.0,1,1,0.784,98.0,,0,5,0.20289855072463767,decrease
3,55741784,s40,t6,GTA,conceptual,0.0,0,0,,0.0,,,,,
3,55741784,s41,t6,GTA,conceptual,0.0,1,0,,0.0,,0,3,,keep
3,55741784,s42,t6,GTA,conceptual,0.0,1,0,,0.0,,0,1,,keep
3,55741784,s43,t6,GTA,conceptual,0.0,1,0,,0.0,,0,3,,keep
3,55741784,s45,t6,GTA,conceptual,0.0,1,0,,0.0,,0,3,,keep
3,55741784,s48,t6,GTA,conceptual,0.0,0,0,,0.0,,,,,
3,55741784,s49,t6,GTA,conceptual,0.0,0,0,,0.0,,,,,
3,55741784,s50,t6,GTA,conceptual,0.0,0,0,,0.0,,,,,
3,55741784,s51,t6,GTA,conceptual,0.0,1,1,0.487,295.0,4.0,1,4,1.0,decrease
3,55741784,s52,t6,GTA,conceptual,0.0,0,0,,0.0,,,,,
3,55741784,s53,t6,GTA,conceptual,0.0,0,0,,0.0,,,,,
3,55741784,s54,t6,GTA,conceptual,0.0,0,0,,0.0,,,,,
3,55741784,s55,t6,GTA,conceptual,0.0,1,1,0.087,339.0,,1,4,1.0,decrease
3,55741784,s56,t6,GTA,conceptual,0.0,1,0,,0.0,,0,2,,keep
3,55741784,s57,t6,GTA,conceptual,0.0,0,0,,0.0,,,,,
3,55741784,s58,t6,GTA,conceptual,0.0,0,0,,0.0,4.0,,,,
3,55741784,s59,t6,GTA,conceptual,0.0,1,0,,0.0,,0,2,,keep
3,55741784,s60,t6,GTA,conceptual,0.0,0,0,,0.0,,,,,
3,55741784,s61,t6,GTA,conceptual,0.0,0,0,,0.0,,,,,
3,55741784,s62,t6,GTA,conceptual,0.0,1,0,,0.0,,0,3,,keep
3,55741784,s63,t6,GTA,conceptual,1.0,1,1,1.355,92.0,4.0,1,4,0.5660377358490566,decrease
3,55741784,s64,t6,GTA,conceptual,0.0,0,0,,0.0,,,,,
3,55741784,s65,t6,GTA,conceptual,0.0,1,0,,0.0,,0,3,,keep
3,55741784,s66,t6,GTA,conceptual,0.0,1,0,,0.0,,0,3,,keep
3,55741784,s67,t6,GTA,conceptual,0.0,1,1,0.065,240.0,,1,4,1.0,keep
3,55741784,s68,t6,GTA,conceptual,0.0,0,0,,0.0,,,,,
3,55741784,s69,t6,GTA,conceptual,0.0,0,0,,0.0,,,,,
3,55741784,s70,t6,GTA,conceptual,0.0,0,0,,0.0,,,,,
3,55741784,s71,t6,GTA,conceptual,1.0,1,1,0.032,75.0,,1,4,0.46428571428571425,decrease
3,55741784,s72,t6,GTA,conceptual,0.0,1,0,,0.0,,0,3,,keep
3,55741784,s73,t6,GTA,conceptual,0.0,0,0,,0.0,,,,,
3,55741784,s74,t6,GTA,conceptual,0.0,0,0,,0.0,,,,,
3,55741784,s76,t6,GTA,conceptual,1.0,1,1,0.137,342.0,,1,5,1.0,keep
3,55741784,s77,t6,GTA,conceptual,1.0,0,1,0.006,280.0,,,,,
3,55741784,s78,t6,GTA,conceptual,0.0,1,0,,0.0,,0,3,,keep
3,55741784,s79,t6,GTA,conceptual,0.0,1,0,,0.0,,0,3,,keep
3,55741784,s80,t6,GTA,conceptual,0.0,1,0,,0.0,,0,3,,keep
3,55741784,s81,t6,GTA,conceptual,0.0,1,1,0.363,245.0,,1,4,1.0,keep
3,55741784,s83,t6,GTA,conceptual,0.0,1,0,,0.0,,0,3,,keep
3,55741784,s84,t6,GTA,conceptual,0.0,1,0,,0.0,,0,3,,keep
3,55741784,s85,t6,GTA,conceptual,0.0,1,0,,0.0,,0,3,,keep
3,55741784,s86,t6,GTA,conceptual,0.0,0,0,,0.0,,,,,
3,55741784,s87,t6,GTA,conceptual,0.0,1,0,,0.0,,0,3,,keep
3,55741784,s88,t6,GTA,conceptual,0.0,0,0,,0.0,,,,,
3,55741789,s1,t7,GTA,conceptual,0.0,0,0,,0.0,,,,,
3,55741789,s2,t7,GTA,conceptual,0.0,0,0,,0.0,,,,,
3,55741789,s3,t7,GTA,conceptual,0.0,0,0,,0.0,,,,,
3,55741789,s4,t7,GTA,conceptual,0.0,0,0,,0.0,,,,,
3,55741789,s5,t7,GTA,conceptual,0.0,1,0,,0.0,,0,2,,keep
3,55741789,s6,t7,GTA,conceptual,1.0,0,0,,0.0,,,,,
3,55741789,s7,t7,GTA,conceptual,0.0,0,0,,0.0,,,,,
3,55741789,s8,t7,GTA,conceptual,0.0,1,0,,0.0,,0,3,,keep
3,55741789,s9,t7,GTA,conceptual,1.0,1,1,0.075,144.0,,1,3,0.5576923076923077,keep
3,55741789,s10,t7,GTA,conceptual,1.0,1,1,0.422,108.0,,0,3,0.22500000000000003,keep
3,55741789,s11,t7,GTA,conceptual,0.0,0,0,,0.0,,,,,
3,55741789,s12,t7,GTA,conceptual,0.0,0,0,,0.0,,,,,
3,55741789,s13,t7,GTA,conceptual,0.0,1,0,,0.0,3.0,0,3,,keep
3,55741789,s14,t7,GTA,conceptual,0.0,1,0,,0.0,,0,3,,keep
3,55741789,s15,t7,GTA,conceptual,1.0,0,1,0.126,166.0,,,,,
3,55741789,s16,t7,GTA,conceptual,1.0,0,0,,0.0,,,,,
3,55741789,s18,t7,GTA,conceptual,0.0,0,0,,0.0,,,,,
3,55741789,s19,t7,GTA,conceptual,0.0,1,0,,0.0,,0,2,,keep
3,55741789,s22,t7,GTA,conceptual,0.0,0,0,,0.0,,,,,
3,55741789,s23,t7,GTA,conceptual,0.0,0,0,,0.0,3.0,,,,
3,55741789,s25,t7,GTA,conceptual,0.0,1,0,,0.0,,0,3,,keep
3,55741789,s26,t7,GTA,conceptual,0.0,0,0,,0.0,,,,,
3,55741789,s27,t7,GTA,conceptual,0.0,0,0,,0.0,,,,,
3,55741789,s28,t7,GTA,conceptual,0.0,0,0,,0.0,,,,,
3,55741789,s30,t7,GTA,conceptual,0.0,1,0,,0.0,,0,2,,keep
3,55741789,s31,t7,GTA,conceptual,0.0,1,0,,0.0,,0,3,,keep
3,55741789,s32,t7,GTA,conceptual,0.0,0,1,0.011,98.0,4.0,,,,
3,55741789,s33,t7,GTA,conceptual,0.0,1,0,,0.0,,0,3,,keep
3,55741789,s34,t7,GTA,conceptual,0.0,0,0,,0.0,,,,,
3,55741789,s35,t7,GTA,conceptual,0.0,1,0,,0.0,,0,3,,keep
3,55741789,s36,t7,GTA,conceptual,0.0,0,0,,0.0,,,,,
3,55741789,s37,t7,GTA,conceptual,0.0,1,0,,0.0,,0,3,,keep
3,55741789,s38,t7,GTA,conceptual,1.0,1,1,0.194,170.0,5.0,1,4,0.6428571428571429,keep
3,55741789,s39,t7,GTA,conceptual,1.0,1,0,,0.0,,0,3,,keep
3,55741789,s40,t7,GTA,conceptual,0.0,0,0,,0.0,,,,,
3,55741789,s41,t7,GTA,conceptual,1.0,1,1,0.288,158.0,,1,4,0.9142857142857143,keep
3,55741789,s42,t7,GTA,conceptual,1.0,1,1,0.618,303.0,5.0,1,3,0.5,keep
3,55741789,s43,t7,GTA,conceptual,0.0,1,0,,0.0,,0,2,,keep
3,55741789,s45,t7,GTA,conceptual,0.0,1,0,,0.0,,0,2,,keep
3,55741789,s48,t7,GTA,conceptual,1.0,0,0,,0.0,,,,,
3,55741789,s49,t7,GTA,conceptual,0.0,0,0,,0.0,,,,,
3,55741789,s50,t7,GTA,conceptual,0.0,0,0,,0.0,,,,,
3,55741789,s51,t7,GTA,conceptual,0.0,1,0,,0.0,,0,3,,keep
3,55741789,s52,t7,GTA,conceptual,0.0,0,0,,0.0,,,,,
3,55741789,s53,t7,GTA,conceptual,1.0,0,0,,0.0,,,,,
3,55741789,s54,t7,GTA,conceptual,0.0,0,0,,0.0,,,,,
3,55741789,s55,t7,GTA,conceptual,0.0,1,0,,0.0,,0,3,,keep
3,55741789,s56,t7,GTA,conceptual,0.0,1,0,,0.0,,0,3,,keep
3,55741789,s57,t7,GTA,conceptual,0.0,0,0,,0.0,,,,,
3,55741789,s58,t7,GTA,conceptual,0.0,0,0,,0.0,3.0,,,,
3,55741789,s59,t7,GTA,conceptual,0.0,1,0,,0.0,,0,2,,keep
3,55741789,s61,t7,GTA,conceptual,0.0,0,0,,0.0,,,,,
3,55741789,s62,t7,GTA,conceptual,0.0,1,0,,0.0,,0,3,,keep
3,55741789,s63,t7,GTA,conceptual,0.0,1,0,,0.0,4.0,0,3,,keep
3,55741789,s64,t7,GTA,conceptual,0.0,0,0,,0.0,,,,,
3,55741789,s65,t7,GTA,conceptual,0.0,1,0,,0.0,,0,3,,keep
3,55741789,s66,t7,GTA,conceptual,0.0,1,0,,0.0,,0,3,,keep
3,55741789,s67,t7,GTA,conceptual,0.0,1,0,,0.0,,0,3,,keep
3,55741789,s68,t7,GTA,conceptual,0.0,0,0,,0.0,,,,,
3,55741789,s69,t7,GTA,conceptual,0.0,0,0,,0.0,,,,,
3,55741789,s70,t7,GTA,conceptual,0.0,0,0,,0.0,,,,,
3,55741789,s71,t7,GTA,conceptual,1.0,1,0,,0.0,,0,3,,keep
3,55741789,s72,t7,GTA,conceptual,0.0,1,0,,0.0,,0,3,,keep
3,55741789,s73,t7,GTA,conceptual,0.0,0,0,,0.0,,,,,
3,55741789,s74,t7,GTA,conceptual,0.0,0,0,,0.0,,,,,
3,55741789,s76,t7,GTA,conceptual,1.0,1,1,0.034,320.0,,1,4,1.0,keep
3,55741789,s77,t7,GTA,conceptual,1.0,0,0,,0.0,,,,,
3,55741789,s78,t7,GTA,conceptual,0.0,1,0,,0.0,,0,2,,keep
3,55741789,s79,t7,GTA,conceptual,0.0,1,0,,0.0,,0,3,,keep
3,55741789,s80,t7,GTA,conceptual,1.0,1,1,0.109,180.0,,1,4,0.6296296296296297,keep
3,55741789,s81,t7,GTA,conceptual,0.0,1,0,,0.0,,0,3,,keep
3,55741789,s82,t7,GTA,conceptual,0.0,1,0,,0.0,,0,3,,keep
3,55741789,s83,t7,GTA,conceptual,0.0,1,1,0.336,128.0,,0,3,0.10666666666666666,keep
3,55741789,s84,t7,GTA,conceptual,1.0,1,1,0.126,288.0,,1,4,1.0,decrease
3,55741789,s85,t7,GTA,conceptual,0.0,1,1,0.151,165.0,,1,4,0.4935064935064935,keep
3,55741789,s86,t7,GTA,conceptual,0.0,0,0,,0.0,,,,,
3,55741789,s87,t7,GTA,conceptual,0.0,1,0,,0.0,,0,4,,keep
3,55741789,s88,t7,GTA,conceptual,0.0,0,0,,0.0,,,,,
3,55741791,s1,t10,GTA,conceptual,1.0,1,0,,0.0,,0,2,,keep
3,55741791,s2,t10,GTA,conceptual,0.0,1,0,,0.0,,0,2,,keep
3,55741791,s3,t10,GTA,conceptual,0.0,1,0,,0.0,,0,2,,keep
3,55741791,s5,t10,GTA,conceptual,0.0,0,0,,0.0,,,,,
3,55741791,s6,t10,GTA,conceptual,0.0,1,0,,0.0,,0,1,,keep
3,55741791,s7,t10,GTA,conceptual,0.0,1,0,,0.0,,0,2,,keep
3,55741791,s8,t10,GTA,conceptual,0.0,0,0,,0.0,,,,,
3,55741791,s9,t10,GTA,conceptual,0.0,0,0,,0.0,,,,,
3,55741791,s11,t10,GTA,conceptual,0.0,1,0,,0.0,,0,1,,keep
3,55741791,s13,t10,GTA,conceptual,0.0,0,0,,0.0,3.0,,,,
3,55741791,s14,t10,GTA,conceptual,0.0,0,0,,0.0,,,,,
3,55741791,s16,t10,GTA,conceptual,1.0,1,0,,0.0,,0,3,,keep
3,55741791,s19,t10,GTA,conceptual,1.0,0,0,,0.0,,,,,
3,55741791,s22,t10,GTA,conceptual,0.0,1,0,,0.0,,0,2,,keep
3,55741791,s23,t10,GTA,conceptual,0.0,1,0,,0.0,3.0,0,1,,keep
3,55741791,s26,t10,GTA,conceptual,0.0,1,0,,0.0,,0,2,,keep
3,55741791,s28,t10,GTA,conceptual,0.0,1,0,,0.0,,0,2,,keep
3,55741791,s32,t10,GTA,conceptual,0.0,1,0,,0.0,,0,3,,keep
3,55741791,s33,t10,GTA,conceptual,0.0,0,0,,0.0,,,,,
3,55741791,s35,t10,GTA,conceptual,0.0,0,0,,0.0,,,,,
3,55741791,s37,t10,GTA,conceptual,0.0,0,0,,0.0,,,,,
3,55741791,s38,t10,GTA,conceptual,0.0,0,0,,0.0,,,,,
3,55741791,s39,t10,GTA,conceptual,0.0,0,0,,0.0,,,,,
3,55741791,s40,t10,GTA,conceptual,0.0,1,0,,0.0,,0,1,,keep
3,55741791,s42,t10,GTA,conceptual,0.0,0,0,,0.0,,,,,
3,55741791,s43,t10,GTA,conceptual,0.0,0,0,,0.0,,,,,
3,55741791,s48,t10,GTA,conceptual,0.0,1,0,,0.0,,0,2,,keep
3,55741791,s50,t10,GTA,conceptual,0.0,1,0,,0.0,,0,2,,keep
3,55741791,s51,t10,GTA,conceptual,0.0,0,0,,0.0,,,,,
3,55741791,s53,t10,GTA,conceptual,0.0,1,0,,0.0,,0,2,,keep
3,55741791,s54,t10,GTA,conceptual,0.0,1,0,,0.0,,0,2,,keep
3,55741791,s55,t10,GTA,conceptual,0.0,0,0,,0.0,,,,,
3,55741791,s56,t10,GTA,conceptual,0.0,0,0,,0.0,,,,,
3,55741791,s57,t10,GTA,conceptual,0.0,1,0,,0.0,,0,2,,keep
3,55741791,s58,t10,GTA,conceptual,0.0,1,0,,0.0,3.0,0,3,,keep
3,55741791,s60,t10,GTA,conceptual,0.0,1,0,,0.0,,0,2,,keep
3,55741791,s61,t10,GTA,conceptual,0.0,1,0,,0.0,,0,2,,keep
3,55741791,s63,t10,GTA,conceptual,0.0,0,0,,0.0,3.0,,,,
3,55741791,s64,t10,GTA,conceptual,0.0,1,0,,0.0,,0,1,,keep
3,55741791,s65,t10,GTA,conceptual,0.0,0,0,,0.0,,,,,
3,55741791,s66,t10,GTA,conceptual,0.0,0,0,,0.0,,,,,
3,55741791,s67,t10,GTA,conceptual,0.0,0,0,,0.0,,,,,
3,55741791,s68,t10,GTA,conceptual,0.0,1,0,,0.0,,0,2,,keep
3,55741791,s69,t10,GTA,conceptual,0.0,1,0,,0.0,,0,1,,keep
3,55741791,s71,t10,GTA,conceptual,0.0,0,0,,0.0,,,,,
3,55741791,s73,t10,GTA,conceptual,0.0,1,0,,0.0,,0,2,,keep
3,55741791,s75,t10,GTA,conceptual,0.0,0,0,,0.0,,,,,
3,55741791,s76,t10,GTA,conceptual,1.0,0,0,,0.0,,,,,
3,55741791,s77,t10,GTA,conceptual,1.0,1,0,,0.0,,0,2,,keep
3,55741791,s80,t10,GTA,conceptual,0.0,0,0,,0.0,,,,,
3,55741791,s81,t10,GTA,conceptual,0.0,0,0,,0.0,,,,,
3,55741791,s83,t10,GTA,conceptual,0.0,0,0,,0.0,,,,,
3,55741791,s84,t10,GTA,conceptual,0.0,0,0,,0.0,,,,,
3,55741791,s85,t10,GTA,conceptual,0.0,0,0,,0.0,,,,,
3,55741791,s87,t10,GTA,conceptual,0.0,0,0,,0.0,,,,,
3,55741791,s88,t10,GTA,conceptual,0.0,1,0,,0.0,,0,1,,keep
3,55741792,s1,t4,UTA,conceptual,1.0,0,1,0.01,129.0,,,,,
3,55741792,s2,t4,UTA,conceptual,1.0,0,1,0.149,133.0,,,,,
3,55741792,s3,t4,UTA,conceptual,1.0,0,1,0.151,59.0,,,,,
3,55741792,s4,t4,UTA,conceptual,1.0,0,1,0.024,54.0,,,,,
3,55741792,s5,t4,UTA,conceptual,1.0,1,1,0.467,140.0,,0,2,0.31304347826086953,keep
3,55741792,s6,t4,UTA,conceptual,1.0,0,1,0.198,53.0,,,,,
3,55741792,s7,t4,UTA,conceptual,1.0,0,1,0.168,127.0,,,,,
3,55741792,s8,t4,UTA,conceptual,1.0,1,1,0.122,96.0,3.0,0,2,0.32653061224489793,keep
3,55741792,s9,t4,UTA,conceptual,1.0,1,1,0.209,82.0,,0,2,0.24615384615384614,keep
3,55741792,s10,t4,UTA,conceptual,1.0,1,1,0.003,415.0,,1,4,1.0,keep
3,55741792,s11,t4,UTA,conceptual,0.0,0,1,0.346,9.0,,,,,
3,55741792,s12,t4,UTA,conceptual,1.0,0,1,0.042,27.0,,,,,
3,55741792,s13,t4,UTA,conceptual,0.0,1,1,0.362,9.0,3.0,0,2,0.0625,keep
3,55741792,s14,t4,UTA,conceptual,1.0,1,1,0.368,55.0,,0,2,0.15217391304347827,keep
3,55741792,s15,t4,UTA,conceptual,1.0,0,1,0.076,114.0,,,,,
3,55741792,s16,t4,UTA,conceptual,1.0,0,1,0.326,81.0,,,,,
3,55741792,s18,t4,UTA,conceptual,0.0,0,1,0.285,9.0,,,,,
3,55741792,s19,t4,UTA,conceptual,1.0,1,1,0.065,101.0,,0,2,0.24657534246575347,keep
3,55741792,s22,t4,UTA,conceptual,1.0,0,1,0.079,88.0,4.0,,,,
3,55741792,s23,t4,UTA,conceptual,1.0,0,1,0.214,28.0,3.0,,,,
3,55741792,s25,t4,UTA,conceptual,1.0,1,1,0.215,28.0,2.0,0,2,0.08,keep
3,55741792,s26,t4,UTA,conceptual,1.0,0,1,0.013,98.0,,,,,
3,55741792,s27,t4,UTA,conceptual,0.0,0,1,0.365,9.0,3.0,,,,
3,55741792,s28,t4,UTA,conceptual,0.0,0,1,0.312,9.0,,,,,
3,55741792,s29,t4,UTA,conceptual,0.0,0,1,1.914,9.0,2.0,,,,
3,55741792,s30,t4,UTA,conceptual,1.0,1,1,0.136,128.0,4.0,1,2,0.46511627906976755,keep
3,55741792,s31,t4,UTA,conceptual,1.0,1,1,0.203,32.0,,0,2,0.12903225806451613,keep
3,55741792,s32,t4,UTA,conceptual,0.0,0,1,0.304,9.0,4.0,,,,
3,55741792,s33,t4,UTA,conceptual,1.0,1,1,0.014,160.0,,0,2,0.28125,keep
3,55741792,s34,t4,UTA,conceptual,1.0,0,1,0.027,44.0,2.0,,,,
3,55741792,s35,t4,UTA,conceptual,1.0,1,1,0.058,428.0,,1,5,1.0,keep
3,55741792,s36,t4,UTA,conceptual,0.0,0,1,0.031,52.0,4.0,,,,
3,55741792,s37,t4,UTA,conceptual,1.0,1,1,0.745,27.0,,0,2,0.07547169811320756,keep
3,55741792,s38,t4,UTA,conceptual,1.0,1,1,0.009,138.0,3.0,0,2,0.34426229508196726,keep
3,55741792,s39,t4,UTA,conceptual,1.0,1,1,0.01,130.0,,0,2,0.4235294117647058,keep
3,55741792,s40,t4,UTA,conceptual,1.0,0,1,0.009,129.0,,,,,
3,55741792,s41,t4,UTA,conceptual,0.0,1,1,0.521,62.0,,0,2,0.37681159420289856,keep
3,55741792,s42,t4,UTA,conceptual,1.0,1,1,0.021,210.0,5.0,0,2,0.2935779816513761,keep
3,55741792,s43,t4,UTA,conceptual,1.0,1,1,0.108,80.0,,0,2,0.11320754716981132,keep
3,55741792,s45,t4,UTA,conceptual,0.0,1,1,0.155,9.0,,0,2,0.0,keep
3,55741792,s48,t4,UTA,conceptual,1.0,0,1,0.008,185.0,,,,,
3,55741792,s49,t4,UTA,conceptual,1.0,0,1,0.179,69.0,,,,,
3,55741792,s50,t4,UTA,conceptual,0.0,0,1,0.742,9.0,,,,,
3,55741792,s51,t4,UTA,conceptual,1.0,1,1,0.218,63.0,3.0,0,2,0.21212121212121207,keep
3,55741792,s52,t4,UTA,conceptual,1.0,0,1,0.23,78.0,,,,,
3,55741792,s53,t4,UTA,conceptual,0.0,0,1,0.386,9.0,,,,,
3,55741792,s54,t4,UTA,conceptual,1.0,0,1,0.017,60.0,3.0,,,,
3,55741792,s55,t4,UTA,conceptual,1.0,1,1,0.374,82.0,,0,2,0.33766233766233766,keep
3,55741792,s56,t4,UTA,conceptual,1.0,1,1,0.362,66.0,,0,2,0.1875,keep
3,55741792,s57,t4,UTA,conceptual,1.0,0,1,0.258,111.0,,,,,
3,55741792,s58,t4,UTA,conceptual,1.0,0,1,0.213,27.0,3.0,,,,
3,55741792,s59,t4,UTA,conceptual,1.0,1,1,0.189,114.0,4.0,0,2,0.25688073394495414,keep
3,55741792,s60,t4,UTA,conceptual,1.0,0,1,0.166,64.0,,,,,
3,55741792,s61,t4,UTA,conceptual,1.0,0,1,0.042,267.0,,,,,
3,55741792,s62,t4,UTA,conceptual,1.0,1,1,0.031,72.0,,0,2,0.1523809523809524,keep
3,55741792,s63,t4,UTA,conceptual,1.0,1,1,0.271,53.0,3.0,0,2,0.18867924528301885,keep
3,55741792,s64,t4,UTA,conceptual,1.0,0,1,0.205,27.0,,,,,
3,55741792,s65,t4,UTA,conceptual,0.0,1,1,0.319,9.0,,0,2,0.0,keep
3,55741792,s66,t4,UTA,conceptual,1.0,1,1,0.092,96.0,,0,2,0.22857142857142856,keep
3,55741792,s67,t4,UTA,conceptual,0.0,1,1,0.012,97.0,,0,2,0.2823529411764706,keep
3,55741792,s68,t4,UTA,conceptual,1.0,0,1,0.218,27.0,,,,,
3,55741792,s69,t4,UTA,conceptual,1.0,0,1,0.054,27.0,,,,,
3,55741792,s70,t4,UTA,conceptual,1.0,0,1,0.018,65.0,,,,,
3,55741792,s71,t4,UTA,conceptual,1.0,1,1,0.015,123.0,,0,2,0.24000000000000002,keep
3,55741792,s72,t4,UTA,conceptual,1.0,1,1,0.009,168.0,,0,2,0.2909090909090909,keep
3,55741792,s73,t4,UTA,conceptual,1.0,0,1,0.205,27.0,,,,,
3,55741792,s74,t4,UTA,conceptual,1.0,0,1,0.225,74.0,,,,,
3,55741792,s76,t4,UTA,conceptual,1.0,1,1,0.018,122.0,,0,2,0.2736842105263158,keep
3,55741792,s77,t4,UTA,conceptual,1.0,0,0,,0.0,,,,,
3,55741792,s78,t4,UTA,conceptual,1.0,1,1,0.012,115.0,,0,2,0.2608695652173913,keep
3,55741792,s79,t4,UTA,conceptual,1.0,1,1,0.019,62.0,,0,2,0.2295081967213115,keep
3,55741792,s80,t4,UTA,conceptual,1.0,1,1,0.005,337.0,,1,4,0.49333333333333335,keep
3,55741792,s81,t4,UTA,conceptual,0.0,1,1,0.143,67.0,,0,2,0.18181818181818182,keep
3,55741792,s82,t4,UTA,conceptual,1.0,1,1,0.252,65.0,,0,2,0.11764705882352941,keep
3,55741792,s83,t4,UTA,conceptual,1.0,1,1,0.26,27.0,,0,2,0.125,keep
3,55741792,s84,t4,UTA,conceptual,1.0,1,1,0.263,27.0,,0,2,0.09090909090909091,keep
3,55741792,s85,t4,UTA,conceptual,0.0,1,1,1.66,9.0,,0,1,0.0,keep
3,55741792,s86,t4,UTA,conceptual,0.0,0,1,0.327,9.0,,,,,
3,55741792,s87,t4,UTA,conceptual,1.0,1,1,0.09,83.0,,0,2,0.22641509433962262,keep
3,55741792,s88,t4,UTA,conceptual,0.0,0,1,0.388,82.0,,,,,
3,55741793,s1,t2,UTA,conceptual,1.0,1,1,0.054,319.0,,0,4,0.34615384615384615,decrease
3,55741793,s2,t2,UTA,conceptual,1.0,1,1,0.003,415.0,,1,5,0.65,decrease
3,55741793,s3,t2,UTA,conceptual,1.0,1,1,0.009,191.0,,0,4,0.32116788321167883,keep
3,55741793,s4,t2,UTA,conceptual,1.0,1,1,0.002,587.0,,0,3,0.3505154639175258,keep
3,55741793,s5,t2,UTA,conceptual,1.0,0,1,0.003,595.0,,,,,
3,55741793,s6,t2,UTA,conceptual,1.0,1,1,0.005,249.0,,0,2,0.33999999999999997,keep
3,55741793,s7,t2,UTA,conceptual,1.0,1,1,0.006,591.0,,0,4,0.49751243781094523,keep
3,55741793,s8,t2,UTA,conceptual,1.0,0,1,0.005,216.0,3.0,,,,
3,55741793,s9,t2,UTA,conceptual,1.0,0,1,0.01,162.0,,,,,
3,55741793,s10,t2,UTA,conceptual,1.0,0,1,0.006,162.0,,,,,
3,55741793,s11,t2,UTA,conceptual,0.0,1,1,,0.0,,0,2,,keep
3,55741793,s12,t2,UTA,conceptual,1.0,1,1,0.064,162.0,,0,2,0.30588235294117644,keep
3,55741793,s13,t2,UTA,conceptual,1.0,0,1,0.008,154.0,4.0,,,,
3,55741793,s14,t2,UTA,conceptual,1.0,0,1,0.016,98.0,,,,,
3,55741793,s15,t2,UTA,conceptual,1.0,1,1,0.033,333.0,,0,5,0.4740740740740741,keep
3,55741793,s16,t2,UTA,conceptual,1.0,1,1,0.005,280.0,,1,5,0.5864661654135338,keep
3,55741793,s18,t2,UTA,conceptual,0.0,1,1,0.048,130.0,,0,4,0.2191780821917808,keep
3,55741793,s19,t2,UTA,conceptual,1.0,0,1,0.009,162.0,,,,,
3,55741793,s22,t2,UTA,conceptual,1.0,1,1,0.005,268.0,5.0,0,4,0.4,keep
3,55741793,s23,t2,UTA,conceptual,1.0,1,1,0.02,110.0,3.0,0,2,0.2295081967213115,keep
3,55741793,s25,t2,UTA,conceptual,1.0,0,1,0.01,110.0,2.0,,,,
3,55741793,s26,t2,UTA,conceptual,1.0,1,1,0.025,111.0,,0,2,0.12048192771084336,keep
3,55741793,s27,t2,UTA,conceptual,0.0,1,1,0.019,81.0,4.0,0,4,0.0761904761904762,keep
3,55741793,s28,t2,UTA,conceptual,0.0,1,1,,0.0,,0,1,,keep
3,55741793,s29,t2,UTA,conceptual,1.0,1,1,0.013,162.0,1.0,0,2,0.2597402597402597,keep
3,55741793,s30,t2,UTA,conceptual,1.0,0,1,0.006,216.0,4.0,,,,
3,55741793,s31,t2,UTA,conceptual,1.0,0,1,0.014,110.0,,,,,
3,55741793,s32,t2,UTA,conceptual,0.0,1,1,,0.0,,0,3,,keep
3,55741793,s33,t2,UTA,conceptual,1.0,0,1,0.004,216.0,,,,,
3,55741793,s34,t2,UTA,conceptual,0.0,1,0,,0.0,,0,3,,keep
3,55741793,s35,t2,UTA,conceptual,1.0,0,1,0.006,154.0,,,,,
3,55741793,s36,t2,UTA,conceptual,1.0,1,1,0.005,218.0,4.0,0,4,0.4,keep
3,55741793,s37,t2,UTA,conceptual,1.0,0,1,0.009,110.0,,,,,
3,55741793,s38,t2,UTA,conceptual,1.0,0,1,0.006,215.0,3.0,,,,
3,55741793,s39,t2,UTA,conceptual,1.0,0,1,0.011,107.0,,,,,
3,55741793,s40,t2,UTA,conceptual,1.0,1,1,0.004,302.0,,0,2,0.3434343434343435,keep
3,55741793,s41,t2,UTA,conceptual,1.0,0,1,0.005,237.0,,,,,
3,55741793,s42,t2,UTA,conceptual,1.0,0,1,0.002,655.0,5.0,,,,
3,55741793,s43,t2,UTA,conceptual,1.0,0,1,0.008,162.0,,,,,
3,55741793,s45,t2,UTA,conceptual,0.0,0,1,0.022,106.0,,,,,
3,55741793,s48,t2,UTA,conceptual,1.0,1,1,0.003,634.0,,0,4,0.48543689320388345,keep
3,55741793,s49,t2,UTA,conceptual,1.0,1,1,0.007,216.0,,0,4,0.2962962962962963,keep
3,55741793,s50,t2,UTA,conceptual,0.0,1,0,,0.0,,0,3,,keep
3,55741793,s51,t2,UTA,conceptual,1.0,0,1,0.017,110.0,3.0,,,,
3,55741793,s52,t2,UTA,conceptual,1.0,1,1,0.087,224.0,,0,5,0.4715447154471545,keep
3,55741793,s53,t2,UTA,conceptual,1.0,1,1,0.016,377.0,,0,4,0.4755244755244755,keep
3,55741793,s54,t2,UTA,conceptual,1.0,1,1,0.004,371.0,3.0,0,4,0.22972972972972974,keep
3,55741793,s55,t2,UTA,conceptual,1.0,0,1,0.01,184.0,,,,,
3,55741793,s56,t2,UTA,conceptual,1.0,0,1,0.013,110.0,,,,,
3,55741793,s57,t2,UTA,conceptual,1.0,1,1,0.004,224.0,,1,4,0.39583333333333326,keep
3,55741793,s58,t2,UTA,conceptual,1.0,1,1,0.019,162.0,3.0,0,2,0.25,keep
3,55741793,s59,t2,UTA,conceptual,1.0,0,1,0.016,93.0,4.0,,,,
3,55741793,s60,t2,UTA,conceptual,1.0,1,1,0.012,270.0,,0,4,0.380952380952381,keep
3,55741793,s61,t2,UTA,conceptual,1.0,1,1,0.004,753.0,,0,3,0.44274809160305345,keep
3,55741793,s62,t2,UTA,conceptual,1.0,0,1,0.003,329.0,,,,,
3,55741793,s63,t2,UTA,conceptual,1.0,0,1,0.011,162.0,3.0,,,,
3,55741793,s64,t2,UTA,conceptual,1.0,1,1,0.026,110.0,,0,2,0.34615384615384615,keep
3,55741793,s65,t2,UTA,conceptual,0.0,0,0,,0.0,,,,,
3,55741793,s66,t2,UTA,conceptual,1.0,0,1,0.006,162.0,,,,,
3,55741793,s67,t2,UTA,conceptual,1.0,0,1,0.01,224.0,,,,,
3,55741793,s68,t2,UTA,conceptual,1.0,1,1,0.017,162.0,,0,2,0.2820512820512821,keep
3,55741793,s69,t2,UTA,conceptual,1.0,1,1,0.014,110.0,,0,1,0.3018867924528302,keep
3,55741793,s70,t2,UTA,conceptual,1.0,1,1,0.022,246.0,,0,4,0.33613445378151263,keep
3,55741793,s71,t2,UTA,conceptual,1.0,0,1,0.004,274.0,,,,,
3,55741793,s72,t2,UTA,conceptual,1.0,0,1,0.004,272.0,,,,,
3,55741793,s73,t2,UTA,conceptual,1.0,1,1,0.043,110.0,,0,2,0.2692307692307693,keep
3,55741793,s74,t2,UTA,conceptual,1.0,1,1,0.012,274.0,,0,4,0.4460431654676259,keep
3,55741793,s75,t2,UTA,conceptual,1.0,0,1,0.003,364.0,,,,,
3,55741793,s76,t2,UTA,conceptual,1.0,0,1,0.003,749.0,,,,,
3,55741793,s77,t2,UTA,conceptual,1.0,1,1,0.009,170.0,,0,4,0.5833333333333334,keep
3,55741793,s78,t2,UTA,conceptual,1.0,0,1,0.007,123.0,,,,,
3,55741793,s79,t2,UTA,conceptual,1.0,0,1,0.005,246.0,,,,,
3,55741793,s80,t2,UTA,conceptual,1.0,0,1,0.003,399.0,,,,,
3,55741793,s81,t2,UTA,conceptual,1.0,0,1,0.02,110.0,,,,,
3,55741793,s82,t2,UTA,conceptual,1.0,0,1,0.003,274.0,,,,,
3,55741793,s83,t2,UTA,conceptual,1.0,0,1,0.009,162.0,,,,,
3,55741793,s84,t2,UTA,conceptual,0.0,0,0,,0.0,,,,,
3,55741793,s85,t2,UTA,conceptual,1.0,0,1,0.014,135.0,3.0,,,,
3,55741793,s86,t2,UTA,conceptual,1.0,1,1,0.097,98.0,2.0,0,2,0.0900900900900901,keep
3,55741793,s87,t2,UTA,conceptual,1.0,0,1,0.004,228.0,,,,,
3,55741793,s88,t2,UTA,conceptual,1.0,1,1,0.028,111.0,,0,2,0.17241379310344826,keep
3,60047333,s1,t1,UTA,applied,0.0,0,0,,0.0,,,,,
3,60047333,s2,t1,UTA,applied,0.0,0,0,,0.0,,,,,
3,60047333,s3,t1,UTA,applied,1.0,0,0,,0.0,,,,,
3,60047333,s4,t1,UTA,applied,1.0,0,1,,0.0,,,,,
3,60047333,s5,t1,UTA,applied,0.0,1,0,,0.0,,0,4,,keep
3,60047333,s6,t1,UTA,applied,1.0,0,0,,0.0,,,,,
3,60047333,s7,t1,UTA,applied,0.0,0,0,,0.0,,,,,
3,60047333,s8,t1,UTA,applied,0.0,1,0,,0.0,,0,3,,keep
3,60047333,s9,t1,UTA,applied,0.0,1,0,,0.0,,0,4,,keep
3,60047333,s10,t1,UTA,applied,1.0,1,1,0.028,381.0,,1,4,1.0,keep
3,60047333,s11,t1,UTA,applied,0.0,0,0,,0.0,,,,,
3,60047333,s12,t1,UTA,applied,0.0,0,0,,0.0,,,,,
3,60047333,s13,t1,UTA,applied,0.0,1,0,,0.0,3.0,0,4,,keep
3,60047333,s14,t1,UTA,applied,1.0,1,1,0.042,209.0,,1,4,1.0,keep
3,60047333,s15,t1,UTA,applied,1.0,0,1,0.003,324.0,,,,,
3,60047333,s16,t1,UTA,applied,0.0,0,0,,0.0,,,,,
3,60047333,s18,t1,UTA,applied,1.0,0,1,0.01,92.0,,,,,
3,60047333,s19,t1,UTA,applied,1.0,1,1,0.139,498.0,,1,5,1.0,keep
3,60047333,s22,t1,UTA,applied,0.0,0,0,,0.0,,,,,
3,60047333,s23,t1,UTA,applied,0.0,0,0,,0.0,3.0,,,,
3,60047333,s25,t1,UTA,applied,0.0,1,0,,0.0,,0,3,,keep
3,60047333,s26,t1,UTA,applied,1.0,0,1,,0.0,,,,,
3,60047333,s27,t1,UTA,applied,0.0,0,0,,0.0,,,,,
3,60047333,s28,t1,UTA,applied,1.0,0,1,,0.0,,,,,
3,60047333,s29,t1,UTA,applied,0.0,0,0,,0.0,,,,,
3,60047333,s30,t1,UTA,applied,0.0,1,0,,0.0,,0,4,,keep
3,60047333,s31,t1,UTA,applied,1.0,1,1,,0.0,,0,3,,keep
3,60047333,s32,t1,UTA,applied,0.0,0,0,,0.0,,,,,
3,60047333,s33,t1,UTA,applied,0.0,1,0,,0.0,,0,2,,keep
3,60047333,s34,t1,UTA,applied,0.0,0,0,,0.0,,,,,
3,60047333,s35,t1,UTA,applied,1.0,1,1,,0.0,,0,4,,keep
3,60047333,s36,t1,UTA,applied,0.0,0,0,,0.0,,,,,
3,60047333,s37,t1,UTA,applied,0.0,1,0,,0.0,,0,4,,keep
3,60047333,s38,t1,UTA,applied,1.0,1,1,0.25,274.0,5.0,1,5,0.9904761904761905,decrease
3,60047333,s39,t1,UTA,applied,1.0,1,1,0.035,376.0,,1,4,1.0,keep
3,60047333,s40,t1,UTA,applied,0.0,0,0,,0.0,,,,,
3,60047333,s41,t1,UTA,applied,0.0,1,0,,0.0,,0,4,,keep
3,60047333,s42,t1,UTA,applied,0.0,1,0,,0.0,,0,4,,keep
3,60047333,s43,t1,UTA,applied,0.0,1,0,,0.0,,0,4,,keep
3,60047333,s45,t1,UTA,applied,0.0,1,0,,0.0,,0,4,,keep
3,60047333,s48,t1,UTA,applied,1.0,0,1,,0.0,,,,,
3,60047333,s49,t1,UTA,applied,0.0,0,0,,0.0,,,,,
3,60047333,s50,t1,UTA,applied,0.0,0,0,,0.0,,,,,
3,60047333,s52,t1,UTA,applied,0.0,0,0,,0.0,,,,,
3,60047333,s53,t1,UTA,applied,0.0,0,0,,0.0,,,,,
3,60047333,s54,t1,UTA,applied,0.0,0,0,,0.0,,,,,
3,60047333,s55,t1,UTA,applied,1.0,1,1,0.026,460.0,,1,4,1.0,keep
3,60047333,s56,t1,UTA,applied,0.0,1,0,,0.0,,0,4,,keep
3,60047333,s57,t1,UTA,applied,0.0,0,0,,0.0,,,,,
3,60047333,s59,t1,UTA,applied,1.0,1,1,0.045,283.0,4.0,1,5,1.0,keep
3,60047333,s61,t1,UTA,applied,0.0,0,0,,0.0,,,,,
3,60047333,s62,t1,UTA,applied,1.0,1,1,0.032,354.0,,1,5,1.0,keep
3,60047333,s63,t1,UTA,applied,1.0,1,1,0.073,203.0,3.0,1,5,1.0,decrease
3,60047333,s65,t1,UTA,applied,1.0,1,1,0.036,219.0,,1,4,1.0,keep
3,60047333,s66,t1,UTA,applied,1.0,1,1,,0.0,,0,2,,keep
3,60047333,s67,t1,UTA,applied,0.0,1,0,,0.0,,0,4,,keep
3,60047333,s69,t1,UTA,applied,0.0,0,0,,0.0,,,,,
3,60047333,s70,t1,UTA,applied,0.0,0,0,,0.0,,,,,
3,60047333,s71,t1,UTA,applied,1.0,1,1,0.062,332.0,,1,4,1.0,decrease
3,60047333,s72,t1,UTA,applied,0.0,1,0,,0.0,,0,3,,keep
3,60047333,s73,t1,UTA,applied,0.0,0,0,,0.0,,,,,
3,60047333,s74,t1,UTA,applied,0.0,0,0,,0.0,,,,,
3,60047333,s75,t1,UTA,applied,1.0,1,1,0.036,302.0,,1,5,1.0,keep
3,60047333,s76,t1,UTA,applied,1.0,1,1,0.064,342.0,,1,5,1.0,decrease
3,60047333,s77,t1,UTA,applied,0.0,0,0,,0.0,,,,,
3,60047333,s78,t1,UTA,applied,1.0,1,1,0.081,474.0,,1,5,1.0,decrease
3,60047333,s79,t1,UTA,applied,0.0,1,0,,0.0,,0,4,,keep
3,60047333,s80,t1,UTA,applied,1.0,1,1,0.017,499.0,,1,4,1.0,keep
3,60047333,s81,t1,UTA,applied,1.0,1,1,0.163,324.0,,1,5,1.0,decrease
3,60047333,s82,t1,UTA,applied,0.0,1,0,,0.0,,0,4,,keep
3,60047333,s83,t1,UTA,applied,0.0,1,0,,0.0,,0,3,,keep
3,60047333,s84,t1,UTA,applied,0.0,1,0,,0.0,,0,4,,keep
3,60047333,s85,t1,UTA,applied,0.0,1,0,,0.0,,0,4,,keep
3,60047333,s86,t1,UTA,applied,0.0,0,0,,0.0,,,,,
3,60047334,s1,t3,UTA,applied,0.0,1,0,,0.0,,0,3,,keep
3,60047334,s2,t3,UTA,applied,0.0,1,0,,0.0,,0,3,,keep
3,60047334,s3,t3,UTA,applied,0.0,1,0,,0.0,,0,3,,keep
3,60047334,s4,t3,UTA,applied,0.0,1,0,,0.0,,0,3,,keep
3,60047334,s5,t3,UTA,applied,0.0,0,0,,0.0,,,,,
3,60047334,s6,t3,UTA,applied,0.0,1,0,,0.0,,0,3,,keep
3,60047334,s7,t3,UTA,applied,0.0,1,0,,0.0,,0,3,,keep
3,60047334,s8,t3,UTA,applied,0.0,0,0,,0.0,,,,,
3,60047334,s9,t3,UTA,applied,1.0,0,0,0.029,49.0,,,,,
3,60047334,s10,t3,UTA,applied,0.0,0,0,,0.0,,,,,
3,60047334,s11,t3,UTA,applied,0.0,1,0,,0.0,,0,3,,keep
3,60047334,s12,t3,UTA,applied,0.0,1,0,,0.0,,0,3,,keep
3,60047334,s13,t3,UTA,applied,0.0,0,0,,0.0,3.0,,,,
3,60047334,s14,t3,UTA,applied,0.0,0,0,,0.0,,,,,
3,60047334,s15,t3,UTA,applied,0.0,1,0,,0.0,,0,3,,keep
3,60047334,s16,t3,UTA,applied,0.0,1,0,,0.0,,0,3,,keep
3,60047334,s18,t3,UTA,applied,0.0,1,0,,0.0,,0,3,,keep
3,60047334,s19,t3,UTA,applied,0.0,0,0,,0.0,,,,,
3,60047334,s22,t3,UTA,applied,0.0,1,0,,0.0,,0,3,,keep
3,60047334,s23,t3,UTA,applied,0.0,1,0,,0.0,3.0,0,3,,keep
3,60047334,s25,t3,UTA,applied,0.0,0,0,,0.0,,,,,
3,60047334,s26,t3,UTA,applied,1.0,1,1,0.452,89.0,,1,3,0.4347826086956522,keep
3,60047334,s27,t3,UTA,applied,0.0,1,1,0.013,95.0,4.0,1,4,0.5066666666666666,keep
3,60047334,s28,t3,UTA,applied,0.0,1,0,,0.0,,0,3,,keep
3,60047334,s29,t3,UTA,applied,1.0,1,1,109.626,45.0,4.0,0,4,0.1395348837209302,keep
3,60047334,s30,t3,UTA,applied,0.0,0,0,,0.0,,,,,
3,60047334,s31,t3,UTA,applied,0.0,0,0,,0.0,,,,,
3,60047334,s32,t3,UTA,applied,0.0,1,0,,0.0,,0,3,,keep
3,60047334,s33,t3,UTA,applied,0.0,0,0,,0.0,,,,,
3,60047334,s34,t3,UTA,applied,0.0,1,0,,0.0,,0,3,,keep
3,60047334,s35,t3,UTA,applied,0.0,0,0,,0.0,,,,,
3,60047334,s36,t3,UTA,applied,0.0,1,0,,0.0,,0,3,,keep
3,60047334,s37,t3,UTA,applied,0.0,0,0,,0.0,,,,,
3,60047334,s38,t3,UTA,applied,0.0,0,0,,0.0,,,,,
3,60047334,s39,t3,UTA,applied,0.0,0,0,,0.0,,,,,
3,60047334,s40,t3,UTA,applied,0.0,1,0,,0.0,,0,4,,keep
3,60047334,s41,t3,UTA,applied,0.0,0,0,,0.0,,,,,
3,60047334,s42,t3,UTA,applied,1.0,0,1,0.154,102.0,5.0,,,,
3,60047334,s43,t3,UTA,applied,0.0,0,0,,0.0,,,,,
3,60047334,s45,t3,UTA,applied,0.0,0,0,,0.0,,,,,
3,60047334,s48,t3,UTA,applied,0.0,1,0,,0.0,,0,3,,keep
3,60047334,s49,t3,UTA,applied,0.0,1,0,,0.0,,0,3,,keep
3,60047334,s50,t3,UTA,applied,0.0,1,0,,0.0,,0,3,,keep
3,60047334,s51,t3,UTA,applied,0.0,0,0,,0.0,,,,,
3,60047334,s52,t3,UTA,applied,0.0,1,0,,0.0,,0,3,,keep
3,60047334,s53,t3,UTA,applied,0.0,1,0,,0.0,,0,3,,keep
3,60047334,s54,t3,UTA,applied,0.0,1,0,,0.0,,0,3,,keep
3,60047334,s55,t3,UTA,applied,0.0,0,0,,0.0,,,,,
3,60047334,s56,t3,UTA,applied,0.0,0,0,,0.0,,,,,
3,60047334,s57,t3,UTA,applied,0.0,1,0,,0.0,,0,3,,keep
3,60047334,s58,t3,UTA,applied,0.0,1,0,,0.0,4.0,0,3,,keep
3,60047334,s59,t3,UTA,applied,0.0,0,0,,0.0,,,,,
3,60047334,s60,t3,UTA,applied,0.0,1,0,,0.0,,0,3,,keep
3,60047334,s61,t3,UTA,applied,0.0,1,0,,0.0,,0,3,,keep
3,60047334,s62,t3,UTA,applied,0.0,0,0,,0.0,,,,,
3,60047334,s63,t3,UTA,applied,0.0,0,0,,0.0,3.0,,,,
3,60047334,s64,t3,UTA,applied,0.0,1,0,,0.0,,0,3,,keep
3,60047334,s65,t3,UTA,applied,0.0,0,0,,0.0,,,,,
3,60047334,s66,t3,UTA,applied,0.0,0,0,,0.0,,,,,
3,60047334,s67,t3,UTA,applied,0.0,0,0,,0.0,,,,,
3,60047334,s68,t3,UTA,applied,0.0,1,0,,0.0,,0,3,,keep
3,60047334,s69,t3,UTA,applied,0.0,1,0,,0.0,,0,3,,keep
3,60047334,s70,t3,UTA,applied,0.0,1,0,,0.0,,0,3,,keep
3,60047334,s71,t3,UTA,applied,0.0,0,0,,0.0,,,,,
3,60047334,s72,t3,UTA,applied,0.0,0,0,,0.0,,,,,
3,60047334,s73,t3,UTA,applied,0.0,1,0,,0.0,,0,3,,keep
3,60047334,s74,t3,UTA,applied,0.0,1,0,,0.0,,0,3,,keep
3,60047334,s75,t3,UTA,applied,0.0,0,0,,0.0,,,,,
3,60047334,s76,t3,UTA,applied,1.0,0,0,,0.0,,,,,
3,60047334,s77,t3,UTA,applied,0.0,1,0,,0.0,,0,3,,keep
3,60047334,s78,t3,UTA,applied,0.0,0,0,,0.0,,,,,
3,60047334,s79,t3,UTA,applied,0.0,0,0,,0.0,,,,,
3,60047334,s80,t3,UTA,applied,0.0,0,0,,0.0,,,,,
3,60047334,s81,t3,UTA,applied,0.0,0,0,,0.0,,,,,
3,60047334,s82,t3,UTA,applied,0.0,0,0,,0.0,,,,,
3,60047334,s83,t3,UTA,applied,0.0,0,0,,0.0,,,,,
3,60047334,s84,t3,UTA,applied,0.0,0,0,,0.0,,,,,
3,60047334,s85,t3,UTA,applied,0.0,0,0,,0.0,,,,,
3,60047334,s86,t3,UTA,applied,0.0,1,0,,0.0,,0,3,,keep
3,60047334,s87,t3,UTA,applied,0.0,0,0,0.175,117.0,,,,,
3,60047334,s88,t3,UTA,applied,0.0,1,0,,0.0,,0,3,,keep
3,60048277,s1,t11,GTA,conceptual,0.0,1,0,,0.0,,0,2,,keep
3,60048277,s3,t11,GTA,conceptual,0.0,1,0,,0.0,,0,2,,keep
3,60048277,s4,t11,GTA,conceptual,0.0,1,0,,0.0,,0,2,,keep
3,60048277,s5,t11,GTA,conceptual,0.0,0,0,,0.0,,,,,
3,60048277,s6,t11,GTA,conceptual,0.0,1,0,,0.0,,0,2,,keep
3,60048277,s7,t11,GTA,conceptual,0.0,1,0,,0.0,,0,2,,keep
3,60048277,s8,t11,GTA,conceptual,0.0,0,0,,0.0,,,,,
3,60048277,s9,t11,GTA,conceptual,1.0,0,1,0.021,56.0,,,,,
3,60048277,s10,t11,GTA,conceptual,0.0,0,0,,0.0,,,,,
3,60048277,s11,t11,GTA,conceptual,0.0,1,0,,0.0,,0,2,,keep
3,60048277,s12,t11,GTA,conceptual,0.0,1,0,,0.0,,0,2,,keep
3,60048277,s13,t11,GTA,conceptual,0.0,0,0,,0.0,3.0,,,,
3,60048277,s14,t11,GTA,conceptual,0.0,0,0,,0.0,,,,,
3,60048277,s15,t11,GTA,conceptual,0.0,1,0,,0.0,,0,2,,keep
3,60048277,s16,t11,GTA,conceptual,0.0,1,0,,0.0,,0,2,,keep
3,60048277,s18,t11,GTA,conceptual,0.0,1,0,,0.0,,0,2,,keep
3,60048277,s19,t11,GTA,conceptual,0.0,0,0,,0.0,,,,,
3,60048277,s22,t11,GTA,conceptual,0.0,1,0,,0.0,,0,2,,keep
3,60048277,s23,t11,GTA,conceptual,0.0,1,0,,0.0,3.0,0,2,,keep
3,60048277,s25,t11,GTA,conceptual,0.0,0,0,,0.0,,,,,
3,60048277,s26,t11,GTA,conceptual,0.0,1,0,,0.0,,0,2,,keep
3,60048277,s27,t11,GTA,conceptual,0.0,1,0,,0.0,,0,2,,keep
3,60048277,s28,t11,GTA,conceptual,0.0,1,0,,0.0,,0,2,,keep
3,60048277,s29,t11,GTA,conceptual,1.0,1,1,0.03,305.0,3.0,1,5,1.0,keep
3,60048277,s30,t11,GTA,conceptual,0.0,0,0,,0.0,,,,,
3,60048277,s31,t11,GTA,conceptual,0.0,0,0,,0.0,,,,,
3,60048277,s32,t11,GTA,conceptual,0.0,1,0,,0.0,,0,2,,keep
3,60048277,s33,t11,GTA,conceptual,0.0,0,0,,0.0,,,,,
3,60048277,s34,t11,GTA,conceptual,0.0,1,0,,0.0,,0,2,,keep
3,60048277,s35,t11,GTA,conceptual,0.0,0,0,,0.0,,,,,
3,60048277,s36,t11,GTA,conceptual,0.0,1,0,,0.0,,0,2,,keep
3,60048277,s37,t11,GTA,conceptual,0.0,0,0,,0.0,,,,,
3,60048277,s38,t11,GTA,conceptual,0.0,0,0,,0.0,,,,,
3,60048277,s39,t11,GTA,conceptual,1.0,0,0,,0.0,,,,,
3,60048277,s40,t11,GTA,conceptual,0.0,1,0,,0.0,,0,2,,keep
3,60048277,s41,t11,GTA,conceptual,0.0,0,0,,0.0,,,,,
3,60048277,s42,t11,GTA,conceptual,1.0,0,0,0.012,89.0,4.0,,,,
3,60048277,s43,t11,GTA,conceptual,0.0,0,0,,0.0,,,,,
3,60048277,s45,t11,GTA,conceptual,0.0,0,0,,0.0,,,,,
3,60048277,s48,t11,GTA,conceptual,1.0,1,1,0.019,306.0,,1,5,1.0,keep
3,60048277,s49,t11,GTA,conceptual,0.0,1,0,,0.0,,0,2,,keep
3,60048277,s51,t11,GTA,conceptual,0.0,0,0,,0.0,,,,,
3,60048277,s52,t11,GTA,conceptual,1.0,1,0,,0.0,,0,2,,keep
3,60048277,s53,t11,GTA,conceptual,0.0,1,0,,0.0,,0,2,,keep
3,60048277,s54,t11,GTA,conceptual,0.0,1,0,,0.0,,0,2,,keep
3,60048277,s55,t11,GTA,conceptual,0.0,0,0,,0.0,,,,,
3,60048277,s56,t11,GTA,conceptual,0.0,0,0,,0.0,,,,,
3,60048277,s57,t11,GTA,conceptual,1.0,1,0,,0.0,,0,2,,keep
3,60048277,s58,t11,GTA,conceptual,0.0,1,0,,0.0,3.0,0,2,,keep
3,60048277,s59,t11,GTA,conceptual,0.0,0,0,,0.0,,,,,
3,60048277,s60,t11,GTA,conceptual,0.0,1,0,,0.0,,0,2,,keep
3,60048277,s61,t11,GTA,conceptual,0.0,1,0,,0.0,,0,2,,keep
3,60048277,s62,t11,GTA,conceptual,0.0,0,0,,0.0,,,,,
3,60048277,s63,t11,GTA,conceptual,1.0,0,0,,0.0,4.0,,,,
3,60048277,s64,t11,GTA,conceptual,0.0,1,0,,0.0,,0,2,,keep
3,60048277,s65,t11,GTA,conceptual,0.0,0,0,,0.0,,,,,
3,60048277,s66,t11,GTA,conceptual,0.0,0,0,,0.0,,,,,
3,60048277,s67,t11,GTA,conceptual,0.0,0,0,,0.0,,,,,
3,60048277,s68,t11,GTA,conceptual,0.0,1,0,,0.0,,0,2,,keep
3,60048277,s69,t11,GTA,conceptual,0.0,1,0,,0.0,,0,2,,keep
3,60048277,s70,t11,GTA,conceptual,0.0,1,0,,0.0,,0,2,,keep
3,60048277,s72,t11,GTA,conceptual,0.0,0,0,,0.0,,,,,
3,60048277,s73,t11,GTA,conceptual,0.0,1,0,,0.0,,0,2,,keep
3,60048277,s74,t11,GTA,conceptual,0.0,1,0,,0.0,,0,2,,keep
3,60048277,s75,t11,GTA,conceptual,0.0,0,0,,0.0,,,,,
3,60048277,s76,t11,GTA,conceptual,1.0,0,0,0.26,56.0,,,,,
3,60048277,s78,t11,GTA,conceptual,0.0,0,0,,0.0,,,,,
3,60048277,s79,t11,GTA,conceptual,0.0,0,0,,0.0,,,,,
3,60048277,s80,t11,GTA,conceptual,1.0,0,0,,0.0,,,,,
3,60048277,s81,t11,GTA,conceptual,0.0,0,0,,0.0,,,,,
3,60048277,s82,t11,GTA,conceptual,0.0,0,0,,0.0,,,,,
3,60048277,s83,t11,GTA,conceptual,0.0,0,0,,0.0,,,,,
3,60048277,s84,t11,GTA,conceptual,1.0,0,0,0.059,32.0,,,,,
3,60048277,s85,t11,GTA,conceptual,0.0,0,0,,0.0,,,,,
3,60048277,s86,t11,GTA,conceptual,0.0,1,0,,0.0,,0,2,,keep
3,60048277,s87,t11,GTA,conceptual,0.0,0,0,,0.0,,,,,
3,60048277,s88,t11,GTA,conceptual,0.0,1,0,,0.0,,0,2,,keep
4,55741798,s1,t2,UTA,applied,0.0,0,1,,0.0,,,,,
4,55741798,s2,t2,UTA,applied,1.0,1,1,0.17,129.0,4.0,0,4,0.4761904761904762,keep
4,55741798,s3,t2,UTA,applied,0.0,1,1,,0.0,,0,2,,keep
4,55741798,s4,t2,UTA,applied,0.0,0,0,,0.0,,,,,
4,55741798,s5,t2,UTA,applied,0.0,0,1,0.008,129.0,,,,,
4,55741798,s6,t2,UTA,applied,0.0,0,0,,0.0,,,,,
4,55741798,s7,t2,UTA,applied,0.0,1,1,,0.0,,0,2,,keep
4,55741798,s8,t2,UTA,applied,1.0,0,1,0.04,129.0,,,,,
4,55741798,s9,t2,UTA,applied,0.0,0,0,,0.0,,,,,
4,55741798,s10,t2,UTA,applied,0.0,0,0,,0.0,,,,,
4,55741798,s11,t2,UTA,applied,0.0,1,1,,0.0,,0,4,,keep
4,55741798,s12,t2,UTA,applied,0.0,1,1,,0.0,3.0,0,2,,keep
4,55741798,s13,t2,UTA,applied,0.0,0,0,,0.0,,,,,
4,55741798,s14,t2,UTA,applied,1.0,0,1,0.008,129.0,,,,,
4,55741798,s15,t2,UTA,applied,1.0,1,1,0.028,51.0,,0,4,0.5416666666666666,keep
4,55741798,s16,t2,UTA,applied,1.0,0,1,0.031,51.0,,,,,
4,55741798,s18,t2,UTA,applied,0.0,1,1,,0.0,,0,2,,keep
4,55741798,s19,t2,UTA,applied,0.0,0,0,,0.0,,,,,
4,55741798,s21,t2,UTA,applied,0.0,0,0,,0.0,,,,,
4,55741798,s22,t2,UTA,applied,0.0,1,1,,0.0,,0,4,,keep
4,55741798,s23,t2,UTA,applied,0.0,1,1,,0.0,3.0,0,2,,keep
4,55741798,s25,t2,UTA,applied,0.0,1,1,,0.0,4.0,0,2,,keep
4,55741798,s26,t2,UTA,applied,1.0,1,1,0.014,129.0,3.0,0,4,0.537313432835821,keep
4,55741798,s27,t2,UTA,applied,0.0,0,0,,0.0,,,,,
4,55741798,s28,t2,UTA,applied,0.0,0,0,,0.0,,,,,
4,55741798,s29,t2,UTA,applied,0.0,1,1,,0.0,,0,4,,keep
4,55741798,s30,t2,UTA,applied,0.0,0,0,,0.0,,,,,
4,55741798,s31,t2,UTA,applied,0.0,1,1,,0.0,,0,2,,keep
4,55741798,s32,t2,UTA,applied,0.0,1,1,,0.0,,0,2,,keep
4,55741798,s33,t2,UTA,applied,1.0,1,1,0.014,129.0,,0,4,0.49411764705882344,keep
4,55741798,s34,t2,UTA,applied,0.0,1,1,,0.0,,0,2,,keep
4,55741798,s35,t2,UTA,applied,0.0,0,0,,0.0,,,,,
4,55741798,s36,t2,UTA,applied,0.0,0,0,,0.0,,,,,
4,55741798,s37,t2,UTA,applied,0.0,1,1,,0.0,,0,2,,keep
4,55741798,s38,t2,UTA,applied,0.0,1,1,,0.0,,0,2,,keep
4,55741798,s39,t2,UTA,applied,0.0,0,0,,0.0,,,,,
4,55741798,s40,t2,UTA,applied,0.0,0,0,,0.0,,,,,
4,55741798,s41,t2,UTA,applied,0.0,1,1,,0.0,4.0,0,2,,keep
4,55741798,s42,t2,UTA,applied,0.0,0,0,,0.0,,,,,
4,55741798,s43,t2,UTA,applied,1.0,0,1,0.018,129.0,,,,,
4,55741798,s44,t2,UTA,applied,0.0,1,1,,0.0,4.0,0,2,,keep
4,55741798,s45,t2,UTA,applied,0.0,0,0,,0.0,,,,,
4,55741798,s46,t2,UTA,applied,0.0,1,1,,0.0,,0,1,,keep
4,55741798,s47,t2,UTA,applied,1.0,0,1,0.023,129.0,,,,,
4,55741798,s48,t2,UTA,applied,0.0,0,0,,0.0,,,,,
4,55741798,s49,t2,UTA,applied,0.0,0,0,,0.0,,,,,
4,55741798,s50,t2,UTA,applied,0.0,0,0,,0.0,,,,,
4,55741798,s51,t2,UTA,applied,0.0,1,1,,0.0,,0,2,,keep
4,55741798,s52,t2,UTA,applied,1.0,1,1,0.06,245.0,,0,2,0.4793388429752066,keep
4,55741798,s54,t2,UTA,applied,0.0,1,1,,0.0,,0,2,,keep
4,55741798,s56,t2,UTA,applied,0.0,0,0,,0.0,,,,,
4,55741798,s57,t2,UTA,applied,1.0,0,1,0.008,129.0,,,,,
4,55741798,s58,t2,UTA,applied,0.0,1,1,,0.0,,0,2,,keep
4,55741798,s59,t2,UTA,applied,1.0,1,1,0.021,129.0,4.0,0,4,0.4,keep
4,55741798,s60,t2,UTA,applied,1.0,1,1,0.04,51.0,,0,4,0.46153846153846156,keep
4,55741798,s61,t2,UTA,applied,0.0,1,1,,0.0,,0,2,,keep
4,55741798,s62,t2,UTA,applied,0.0,0,0,,0.0,,,,,
4,55741798,s63,t2,UTA,applied,1.0,1,1,0.016,129.0,3.0,0,4,0.6567164179104477,keep
4,55741798,s64,t2,UTA,applied,0.0,1,1,,0.0,,0,3,,keep
4,55741798,s65,t2,UTA,applied,1.0,0,1,0.007,129.0,,,,,
4,55741798,s66,t2,UTA,applied,0.0,0,0,,0.0,,,,,
4,55741798,s67,t2,UTA,applied,0.0,0,0,,0.0,,,,,
4,55741798,s68,t2,UTA,applied,1.0,1,1,0.045,51.0,,1,3,0.625,keep
4,55741798,s69,t2,UTA,applied,0.0,0,0,,0.0,,,,,
4,55741798,s70,t2,UTA,applied,1.0,1,1,0.013,129.0,,0,4,0.5263157894736842,keep
4,55741798,s71,t2,UTA,applied,1.0,1,1,0.01,244.0,,0,4,0.5090909090909091,decrease
4,55741798,s72,t2,UTA,applied,0.0,1,1,,0.0,3.0,0,2,,keep
4,55741798,s73,t2,UTA,applied,1.0,1,1,0.006,302.0,4.0,1,5,0.6917293233082706,keep
4,55741798,s74,t2,UTA,applied,0.0,0,0,,0.0,,,,,
4,55741798,s75,t2,UTA,applied,0.0,1,1,,0.0,,0,2,,keep
4,55741798,s76,t2,UTA,applied,1.0,0,1,0.007,179.0,,,,,
4,55741798,s77,t2,UTA,applied,1.0,0,1,0.007,245.0,,,,,
4,55741798,s78,t2,UTA,applied,0.0,1,1,,0.0,,0,2,,keep
4,55741798,s79,t2,UTA,applied,0.0,1,1,,0.0,,0,2,,keep
4,55741798,s80,t2,UTA,applied,0.0,0,0,,0.0,,,,,
4,55741798,s81,t2,UTA,applied,0.0,0,0,,0.0,,,,,
4,55741798,s82,t2,UTA,applied,1.0,0,1,0.011,118.0,,,,,
4,55741798,s83,t2,UTA,applied,1.0,0,1,0.033,51.0,,,,,
4,55741798,s84,t2,UTA,applied,0.0,1,1,,0.0,,0,3,,keep
4,55741798,s85,t2,UTA,applied,1.0,1,1,0.017,138.0,3.0,0,4,0.4666666666666667,keep
4,55741798,s86,t2,UTA,applied,0.0,0,0,,0.0,1.0,,,,
4,55741798,s87,t2,UTA,applied,0.0,1,1,,0.0,,0,3,,keep
4,55741798,s88,t2,UTA,applied,0.0,1,1,,0.0,,0,4,,keep
4,55741799,s2,t10,GTA,applied,0.0,0,0,,0.0,,,,,
4,55741799,s3,t10,GTA,applied,0.0,0,0,,0.0,,,,,
4,55741799,s5,t10,GTA,applied,0.0,1,0,,0.0,,0,3,,keep
4,55741799,s7,t10,GTA,applied,0.0,0,0,,0.0,,,,,
4,55741799,s8,t10,GTA,applied,0.0,1,0,,0.0,,0,3,,keep
4,55741799,s9,t10,GTA,applied,0.0,1,0,,0.0,,0,3,,keep
4,55741799,s11,t10,GTA,applied,0.0,0,0,,0.0,,,,,
4,55741799,s12,t10,GTA,applied,0.0,0,0,,0.0,3.0,,,,
4,55741799,s13,t10,GTA,applied,0.0,1,0,,0.0,,0,3,,keep
4,55741799,s15,t10,GTA,applied,0.0,0,0,,0.0,,,,,
4,55741799,s16,t10,GTA,applied,0.0,1,0,,0.0,,0,3,,keep
4,55741799,s18,t10,GTA,applied,0.0,0,0,,0.0,,,,,
4,55741799,s19,t10,GTA,applied,0.0,1,0,,0.0,,0,3,,keep
4,55741799,s21,t10,GTA,applied,0.0,1,0,,0.0,,0,3,,keep
4,55741799,s23,t10,GTA,applied,0.0,0,0,,0.0,3.0,,,,
4,55741799,s25,t10,GTA,applied,0.0,0,0,,0.0,,,,,
4,55741799,s27,t10,GTA,applied,0.0,1,0,,0.0,,0,3,,keep
4,55741799,s28,t10,GTA,applied,1.0,1,0,,0.0,,0,3,,keep
4,55741799,s29,t10,GTA,applied,0.0,0,0,,0.0,,,,,
4,55741799,s30,t10,GTA,applied,0.0,1,0,,0.0,,0,3,,keep
4,55741799,s32,t10,GTA,applied,0.0,0,0,,0.0,,,,,
4,55741799,s33,t10,GTA,applied,1.0,0,0,,0.0,,,,,
4,55741799,s34,t10,GTA,applied,0.0,0,0,,0.0,,,,,
4,55741799,s35,t10,GTA,applied,0.0,1,0,,0.0,,0,3,,keep
4,55741799,s36,t10,GTA,applied,0.0,1,0,,0.0,,0,2,,keep
4,55741799,s37,t10,GTA,applied,0.0,0,0,,0.0,,,,,
4,55741799,s39,t10,GTA,applied,0.0,1,0,,0.0,,0,3,,keep
4,55741799,s40,t10,GTA,applied,0.0,1,0,,0.0,,0,3,,keep
4,55741799,s41,t10,GTA,applied,0.0,0,0,,0.0,4.0,,,,
4,55741799,s42,t10,GTA,applied,0.0,1,0,,0.0,,0,3,,keep
4,55741799,s44,t10,GTA,applied,0.0,0,0,,0.0,4.0,,,,
4,55741799,s46,t10,GTA,applied,1.0,0,0,,0.0,,,,,
4,55741799,s47,t10,GTA,applied,0.0,1,0,,0.0,,0,2,,keep
4,55741799,s48,t10,GTA,applied,0.0,1,0,,0.0,,0,3,,keep
4,55741799,s49,t10,GTA,applied,0.0,1,0,,0.0,,0,3,,keep
4,55741799,s50,t10,GTA,applied,0.0,1,0,,0.0,,0,3,,keep
4,55741799,s51,t10,GTA,applied,0.0,0,0,,0.0,,,,,
4,55741799,s52,t10,GTA,applied,0.0,0,0,,0.0,,,,,
4,55741799,s54,t10,GTA,applied,0.0,0,0,,0.0,,,,,
4,55741799,s56,t10,GTA,applied,0.0,1,0,,0.0,,0,3,,keep
4,55741799,s57,t10,GTA,applied,0.0,1,0,,0.0,,0,3,,keep
4,55741799,s58,t10,GTA,applied,0.0,0,0,,0.0,,,,,
4,55741799,s61,t10,GTA,applied,0.0,0,0,,0.0,,,,,
4,55741799,s63,t10,GTA,applied,0.0,0,0,,0.0,3.0,,,,
4,55741799,s66,t10,GTA,applied,0.0,1,0,,0.0,,0,3,,keep
4,55741799,s68,t10,GTA,applied,0.0,0,0,,0.0,,,,,
4,55741799,s69,t10,GTA,applied,0.0,1,0,,0.0,,0,3,,keep
4,55741799,s70,t10,GTA,applied,0.0,0,0,,0.0,,,,,
4,55741799,s71,t10,GTA,applied,1.0,0,0,,0.0,,,,,
4,55741799,s72,t10,GTA,applied,0.0,0,0,,0.0,3.0,,,,
4,55741799,s74,t10,GTA,applied,1.0,1,0,,0.0,,0,3,,keep
4,55741799,s76,t10,GTA,applied,1.0,1,0,,0.0,,0,3,,keep
4,55741799,s77,t10,GTA,applied,1.0,1,0,,0.0,,0,4,,keep
4,55741799,s78,t10,GTA,applied,1.0,0,0,,0.0,,,,,
4,55741799,s80,t10,GTA,applied,0.0,1,0,,0.0,,0,3,,keep
4,55741799,s81,t10,GTA,applied,0.0,1,0,,0.0,,0,3,,keep
4,55741799,s82,t10,GTA,applied,0.0,1,0,,0.0,,0,3,,keep
4,55741799,s83,t10,GTA,applied,0.0,1,0,,0.0,,0,3,,keep
4,55741799,s84,t10,GTA,applied,0.0,0,0,,0.0,,,,,
4,55741799,s85,t10,GTA,applied,0.0,0,0,,0.0,,,,,
4,55741799,s86,t10,GTA,applied,0.0,1,0,,0.0,,0,3,,keep
4,55741799,s88,t10,GTA,applied,0.0,0,0,,0.0,,,,,
4,55741802,s1,t4,UTA,applied,0.0,0,0,,0.0,,,,,
4,55741802,s2,t4,UTA,applied,0.0,1,0,,0.0,,0,2,,keep
4,55741802,s3,t4,UTA,applied,0.0,1,0,,0.0,,0,2,,keep
4,55741802,s4,t4,UTA,applied,0.0,0,0,,0.0,,,,,
4,55741802,s5,t4,UTA,applied,0.0,0,0,,0.0,,,,,
4,55741802,s6,t4,UTA,applied,0.0,0,0,,0.0,,,,,
4,55741802,s7,t4,UTA,applied,0.0,1,1,1.061,9.0,,0,2,0.05,keep
4,55741802,s8,t4,UTA,applied,0.0,0,0,,0.0,,,,,
4,55741802,s9,t4,UTA,applied,0.0,0,0,,0.0,,,,,
4,55741802,s10,t4,UTA,applied,0.0,0,0,,0.0,,,,,
4,55741802,s11,t4,UTA,applied,0.0,1,0,,0.0,,0,2,,keep
4,55741802,s12,t4,UTA,applied,0.0,1,0,,0.0,3.0,0,2,,keep
4,55741802,s13,t4,UTA,applied,0.0,0,0,,0.0,,,,,
4,55741802,s14,t4,UTA,applied,0.0,0,0,,0.0,,,,,
4,55741802,s15,t4,UTA,applied,0.0,1,0,,0.0,,0,2,,keep
4,55741802,s16,t4,UTA,applied,0.0,0,0,,0.0,,,,,
4,55741802,s18,t4,UTA,applied,0.0,1,0,,0.0,,0,2,,keep
4,55741802,s19,t4,UTA,applied,0.0,0,0,,0.0,,,,,
4,55741802,s21,t4,UTA,applied,0.0,0,0,,0.0,,,,,
4,55741802,s22,t4,UTA,applied,0.0,1,0,,0.0,,0,2,,keep
4,55741802,s25,t4,UTA,applied,0.0,1,0,,0.0,,0,2,,keep
4,55741802,s26,t4,UTA,applied,0.0,1,0,,0.0,3.0,0,2,,keep
4,55741802,s27,t4,UTA,applied,0.0,0,0,,0.0,,,,,
4,55741802,s28,t4,UTA,applied,0.0,0,0,,0.0,,,,,
4,55741802,s29,t4,UTA,applied,0.0,1,1,0.074,85.0,,1,4,1.0,keep
4,55741802,s30,t4,UTA,applied,0.0,0,0,,0.0,,,,,
4,55741802,s31,t4,UTA,applied,0.0,1,0,,0.0,,0,2,,keep
4,55741802,s32,t4,UTA,applied,0.0,1,0,,0.0,,0,2,,keep
4,55741802,s33,t4,UTA,applied,0.0,1,0,,0.0,,0,2,,keep
4,55741802,s34,t4,UTA,applied,0.0,1,0,,0.0,,0,2,,keep
4,55741802,s35,t4,UTA,applied,0.0,0,0,,0.0,,,,,
4,55741802,s36,t4,UTA,applied,0.0,0,0,,0.0,,,,,
4,55741802,s37,t4,UTA,applied,0.0,1,0,,0.0,,0,2,,keep
4,55741802,s38,t4,UTA,applied,0.0,1,0,,0.0,,0,2,,keep
4,55741802,s39,t4,UTA,applied,0.0,0,0,,0.0,,,,,
4,55741802,s40,t4,UTA,applied,0.0,0,0,,0.0,,,,,
4,55741802,s41,t4,UTA,applied,0.0,1,0,,0.0,5.0,0,2,,keep
4,55741802,s42,t4,UTA,applied,0.0,0,0,,0.0,,,,,
4,55741802,s43,t4,UTA,applied,1.0,0,1,0.739,76.0,,,,,
4,55741802,s44,t4,UTA,applied,0.0,1,0,,0.0,4.0,0,2,,keep
4,55741802,s45,t4,UTA,applied,0.0,0,0,,0.0,,,,,
4,55741802,s46,t4,UTA,applied,0.0,1,0,,0.0,,0,2,,keep
4,55741802,s47,t4,UTA,applied,0.0,0,0,,0.0,,,,,
4,55741802,s48,t4,UTA,applied,0.0,0,0,,0.0,,,,,
4,55741802,s49,t4,UTA,applied,0.0,0,0,,0.0,,,,,
4,55741802,s50,t4,UTA,applied,0.0,0,1,0.342,9.0,3.0,,,,
4,55741802,s51,t4,UTA,applied,0.0,1,0,,0.0,,0,2,,keep
4,55741802,s52,t4,UTA,applied,0.0,1,0,,0.0,,0,2,,keep
4,55741802,s54,t4,UTA,applied,0.0,1,0,,0.0,,0,2,,keep
4,55741802,s56,t4,UTA,applied,0.0,0,0,,0.0,,,,,
4,55741802,s57,t4,UTA,applied,0.0,0,0,,0.0,,,,,
4,55741802,s58,t4,UTA,applied,0.0,1,0,,0.0,,0,2,,keep
4,55741802,s59,t4,UTA,applied,0.0,1,1,0.142,9.0,1.0,0,2,0.0,keep
4,55741802,s60,t4,UTA,applied,0.0,1,1,0.616,9.0,,0,2,0.08,keep
4,55741802,s61,t4,UTA,applied,0.0,1,0,,0.0,,0,2,,keep
4,55741802,s62,t4,UTA,applied,0.0,0,0,,0.0,,,,,
4,55741802,s63,t4,UTA,applied,0.0,1,0,,0.0,3.0,0,2,,keep
4,55741802,s64,t4,UTA,applied,0.0,1,0,,0.0,,0,2,,keep
4,55741802,s65,t4,UTA,applied,0.0,0,0,,0.0,,,,,
4,55741802,s66,t4,UTA,applied,0.0,0,0,,0.0,,,,,
4,55741802,s67,t4,UTA,applied,0.0,0,0,,0.0,,,,,
4,55741802,s68,t4,UTA,applied,0.0,1,0,,0.0,,0,2,,keep
4,55741802,s69,t4,UTA,applied,0.0,0,0,,0.0,,,,,
4,55741802,s70,t4,UTA,applied,0.0,1,0,,0.0,,0,2,,keep
4,55741802,s71,t4,UTA,applied,1.0,1,1,0.055,279.0,,1,4,1.0,keep
4,55741802,s72,t4,UTA,applied,0.0,1,0,,0.0,3.0,0,2,,keep
4,55741802,s73,t4,UTA,applied,0.0,1,0,,0.0,,0,2,,keep
4,55741802,s74,t4,UTA,applied,0.0,0,0,,0.0,,,,,
4,55741802,s75,t4,UTA,applied,0.0,1,0,,0.0,,0,2,,keep
4,55741802,s76,t4,UTA,applied,0.0,0,0,,0.0,,,,,
4,55741802,s77,t4,UTA,applied,1.0,0,1,0.231,80.0,,,,,
4,55741802,s78,t4,UTA,applied,0.0,1,0,,0.0,,0,2,,keep
4,55741802,s79,t4,UTA,applied,0.0,1,1,0.675,9.0,,0,2,0.0,keep
4,55741802,s80,t4,UTA,applied,0.0,0,0,,0.0,,,,,
4,55741802,s81,t4,UTA,applied,0.0,0,0,,0.0,,,,,
4,55741802,s82,t4,UTA,applied,0.0,0,0,,0.0,,,,,
4,55741802,s83,t4,UTA,applied,0.0,0,0,,0.0,,,,,
4,55741802,s84,t4,UTA,applied,0.0,1,1,0.451,9.0,4.0,0,2,0.0,keep
4,55741802,s85,t4,UTA,applied,0.0,1,0,,0.0,,0,2,,keep
4,55741802,s86,t4,UTA,applied,0.0,0,1,0.442,9.0,,,,,
4,55741802,s87,t4,UTA,applied,0.0,1,1,0.499,9.0,,0,2,0.09523809523809525,keep
4,55741802,s88,t4,UTA,applied,0.0,1,0,,0.0,,0,2,,keep
4,55741803,s1,t9,GTA,applied,0.0,1,0,,0.0,,0,1,,keep
4,55741803,s2,t9,GTA,applied,0.0,0,0,,0.0,,,,,
4,55741803,s3,t9,GTA,applied,0.0,0,0,,0.0,,,,,
4,55741803,s4,t9,GTA,applied,0.0,1,0,,0.0,,0,1,,keep
4,55741803,s5,t9,GTA,applied,0.0,1,0,,0.0,,0,1,,keep
4,55741803,s6,t9,GTA,applied,0.0,1,0,,0.0,,0,1,,keep
4,55741803,s7,t9,GTA,applied,0.0,0,0,,0.0,,,,,
4,55741803,s8,t9,GTA,applied,0.0,1,0,,0.0,,0,1,,keep
4,55741803,s9,t9,GTA,applied,0.0,1,0,,0.0,,0,1,,keep
4,55741803,s10,t9,GTA,applied,0.0,1,0,,0.0,,0,1,,keep
4,55741803,s11,t9,GTA,applied,0.0,0,0,,0.0,,,,,
4,55741803,s12,t9,GTA,applied,1.0,0,0,,0.0,2.0,,,,
4,55741803,s13,t9,GTA,applied,0.0,1,0,,0.0,,0,1,,keep
4,55741803,s14,t9,GTA,applied,0.0,1,0,,0.0,,0,1,,keep
4,55741803,s15,t9,GTA,applied,1.0,0,1,,16.0,,,,,
4,55741803,s16,t9,GTA,applied,0.0,1,0,,0.0,,0,1,,keep
4,55741803,s18,t9,GTA,applied,0.0,0,0,,0.0,,,,,
4,55741803,s19,t9,GTA,applied,0.0,1,0,,0.0,,0,1,,keep
4,55741803,s21,t9,GTA,applied,0.0,1,0,,0.0,,0,1,,keep
4,55741803,s22,t9,GTA,applied,0.0,0,0,,0.0,,,,,
4,55741803,s23,t9,GTA,applied,0.0,0,0,,0.0,3.0,,,,
4,55741803,s25,t9,GTA,applied,0.0,0,0,,0.0,,,,,
4,55741803,s26,t9,GTA,applied,0.0,0,0,,0.0,3.0,,,,
4,55741803,s27,t9,GTA,applied,0.0,1,0,,0.0,,0,1,,keep
4,55741803,s28,t9,GTA,applied,1.0,1,0,,0.0,,0,1,,keep
4,55741803,s29,t9,GTA,applied,0.0,0,0,,0.0,,,,,
4,55741803,s30,t9,GTA,applied,0.0,1,0,,0.0,,0,1,,keep
4,55741803,s31,t9,GTA,applied,0.0,0,0,,0.0,,,,,
4,55741803,s32,t9,GTA,applied,0.0,0,0,,0.0,,,,,
4,55741803,s33,t9,GTA,applied,0.0,0,0,,0.0,,,,,
4,55741803,s34,t9,GTA,applied,1.0,0,0,,0.0,,,,,
4,55741803,s35,t9,GTA,applied,0.0,1,0,,0.0,,0,1,,keep
4,55741803,s36,t9,GTA,applied,0.0,1,0,,0.0,,0,1,,keep
4,55741803,s37,t9,GTA,applied,0.0,0,0,,0.0,,,,,
4,55741803,s38,t9,GTA,applied,0.0,0,0,,0.0,,,,,
4,55741803,s39,t9,GTA,applied,0.0,1,0,,0.0,,0,1,,keep
4,55741803,s40,t9,GTA,applied,0.0,1,0,,0.0,,0,1,,keep
4,55741803,s41,t9,GTA,applied,0.0,0,0,,0.0,4.0,,,,
4,55741803,s42,t9,GTA,applied,0.0,1,0,,0.0,,0,1,,keep
4,55741803,s43,t9,GTA,applied,0.0,1,0,,0.0,,0,1,,keep
4,55741803,s44,t9,GTA,applied,0.0,0,0,,0.0,4.0,,,,
4,55741803,s45,t9,GTA,applied,0.0,1,0,,0.0,,0,1,,keep
4,55741803,s46,t9,GTA,applied,1.0,0,1,,35.0,,,,,
4,55741803,s47,t9,GTA,applied,0.0,1,0,,0.0,,0,1,,keep
4,55741803,s48,t9,GTA,applied,0.0,1,0,,0.0,,0,1,,keep
4,55741803,s49,t9,GTA,applied,0.0,1,0,,0.0,,0,1,,keep
4,55741803,s50,t9,GTA,applied,0.0,1,0,,0.0,,0,1,,keep
4,55741803,s51,t9,GTA,applied,0.0,0,0,,0.0,,,,,
4,55741803,s52,t9,GTA,applied,0.0,0,0,,0.0,,,,,
4,55741803,s54,t9,GTA,applied,0.0,0,0,,0.0,,,,,
4,55741803,s56,t9,GTA,applied,0.0,1,0,,0.0,,0,1,,keep
4,55741803,s57,t9,GTA,applied,0.0,1,0,,0.0,,0,1,,keep
4,55741803,s58,t9,GTA,applied,0.0,0,0,,0.0,,,,,
4,55741803,s59,t9,GTA,applied,1.0,0,0,,0.0,,,,,
4,55741803,s60,t9,GTA,applied,0.0,0,0,,0.0,,,,,
4,55741803,s61,t9,GTA,applied,1.0,0,0,,0.0,,,,,
4,55741803,s62,t9,GTA,applied,0.0,1,0,,0.0,,0,1,,keep
4,55741803,s63,t9,GTA,applied,0.0,0,0,,0.0,3.0,,,,
4,55741803,s64,t9,GTA,applied,0.0,0,0,,0.0,,,,,
4,55741803,s65,t9,GTA,applied,0.0,1,0,,0.0,,0,1,,keep
4,55741803,s66,t9,GTA,applied,0.0,1,0,,0.0,,0,1,,keep
4,55741803,s67,t9,GTA,applied,0.0,1,0,,0.0,,0,1,,keep
4,55741803,s68,t9,GTA,applied,0.0,0,0,,0.0,,,,,
4,55741803,s69,t9,GTA,applied,0.0,1,0,,0.0,,0,1,,keep
4,55741803,s70,t9,GTA,applied,0.0,0,0,,0.0,,,,,
4,55741803,s71,t9,GTA,applied,1.0,0,1,,16.0,,,,,
4,55741803,s72,t9,GTA,applied,0.0,0,0,,0.0,3.0,,,,
4,55741803,s73,t9,GTA,applied,0.0,0,0,,0.0,,,,,
4,55741803,s74,t9,GTA,applied,0.0,1,0,,0.0,,0,1,,keep
4,55741803,s75,t9,GTA,applied,0.0,0,0,,0.0,,,,,
4,55741803,s76,t9,GTA,applied,0.0,1,0,,0.0,,0,1,,keep
4,55741803,s77,t9,GTA,applied,0.0,1,0,,0.0,,0,1,,keep
4,55741803,s78,t9,GTA,applied,1.0,0,0,,0.0,,,,,
4,55741803,s79,t9,GTA,applied,0.0,0,0,,0.0,,,,,
4,55741803,s80,t9,GTA,applied,1.0,1,0,,0.0,,0,1,,keep
4,55741803,s81,t9,GTA,applied,0.0,1,0,,0.0,,0,1,,keep
4,55741803,s82,t9,GTA,applied,1.0,1,1,,266.0,,1,5,1.0,decrease
4,55741803,s83,t9,GTA,applied,0.0,1,0,,0.0,,0,1,,keep
4,55741803,s84,t9,GTA,applied,0.0,0,0,,0.0,,,,,
4,55741803,s85,t9,GTA,applied,0.0,0,0,,0.0,,,,,
4,55741803,s86,t9,GTA,applied,0.0,1,0,,0.0,,0,1,,keep
4,55741803,s87,t9,GTA,applied,0.0,0,0,,0.0,,,,,
4,55741803,s88,t9,GTA,applied,0.0,0,0,,0.0,,,,,
4,55741805,s1,t8,GTA,conceptual,0.0,0,0,,0.0,,,,,
4,55741805,s2,t8,GTA,conceptual,0.0,1,0,,0.0,,0,3,,keep
4,55741805,s3,t8,GTA,conceptual,0.0,1,0,,0.0,,0,3,,keep
4,55741805,s4,t8,GTA,conceptual,1.0,0,0,0.008,187.0,,,,,
4,55741805,s5,t8,GTA,conceptual,0.0,0,0,,0.0,,,,,
4,55741805,s6,t8,GTA,conceptual,0.0,0,0,,0.0,,,,,
4,55741805,s7,t8,GTA,conceptual,0.0,1,0,,0.0,,0,1,,keep
4,55741805,s8,t8,GTA,conceptual,0.0,0,0,,0.0,,,,,
4,55741805,s9,t8,GTA,conceptual,0.0,0,0,,0.0,,,,,
4,55741805,s10,t8,GTA,conceptual,0.0,0,0,,0.0,,,,,
4,55741805,s11,t8,GTA,conceptual,0.0,1,0,,0.0,,0,3,,keep
4,55741805,s12,t8,GTA,conceptual,0.0,1,0,,0.0,3.0,0,3,,keep
4,55741805,s13,t8,GTA,conceptual,0.0,0,0,,0.0,,,,,
4,55741805,s14,t8,GTA,conceptual,0.0,0,0,,0.0,,,,,
4,55741805,s15,t8,GTA,conceptual,0.0,1,0,,0.0,,0,3,,keep
4,55741805,s16,t8,GTA,conceptual,0.0,0,0,,0.0,,,,,
4,55741805,s18,t8,GTA,conceptual,0.0,1,0,,0.0,,0,3,,keep
4,55741805,s19,t8,GTA,conceptual,0.0,0,0,,0.0,,,,,
4,55741805,s21,t8,GTA,conceptual,0.0,0,0,,0.0,,,,,
4,55741805,s22,t8,GTA,conceptual,0.0,1,0,,0.0,,0,3,,keep
4,55741805,s23,t8,GTA,conceptual,0.0,1,0,,0.0,3.0,0,3,,keep
4,55741805,s25,t8,GTA,conceptual,0.0,1,0,,0.0,,0,3,,keep
4,55741805,s26,t8,GTA,conceptual,0.0,1,0,,0.0,3.0,0,3,,keep
4,55741805,s27,t8,GTA,conceptual,0.0,0,0,,0.0,,,,,
4,55741805,s28,t8,GTA,conceptual,0.0,0,0,,0.0,,,,,
4,55741805,s29,t8,GTA,conceptual,0.0,1,0,,0.0,,0,1,,keep
4,55741805,s30,t8,GTA,conceptual,0.0,0,0,,0.0,,,,,
4,55741805,s31,t8,GTA,conceptual,0.0,1,0,,0.0,,0,3,,keep
4,55741805,s32,t8,GTA,conceptual,0.0,1,0,,0.0,,0,1,,keep
4,55741805,s33,t8,GTA,conceptual,0.0,1,0,,0.0,,0,4,,keep
4,55741805,s34,t8,GTA,conceptual,0.0,1,0,,0.0,,0,3,,keep
4,55741805,s35,t8,GTA,conceptual,0.0,0,0,,0.0,,,,,
4,55741805,s36,t8,GTA,conceptual,0.0,0,0,,0.0,,,,,
4,55741805,s37,t8,GTA,conceptual,0.0,1,0,,0.0,,0,3,,keep
4,55741805,s38,t8,GTA,conceptual,0.0,1,0,,0.0,,0,4,,keep
4,55741805,s39,t8,GTA,conceptual,1.0,0,1,0.007,189.0,,,,,
4,55741805,s40,t8,GTA,conceptual,0.0,0,0,,0.0,,,,,
4,55741805,s41,t8,GTA,conceptual,0.0,1,0,,0.0,4.0,0,3,,keep
4,55741805,s42,t8,GTA,conceptual,0.0,0,0,,0.0,,,,,
4,55741805,s43,t8,GTA,conceptual,0.0,0,0,,0.0,,,,,
4,55741805,s44,t8,GTA,conceptual,0.0,1,0,,0.0,4.0,0,3,,keep
4,55741805,s45,t8,GTA,conceptual,0.0,0,0,,0.0,,,,,
4,55741805,s46,t8,GTA,conceptual,0.0,1,0,,0.0,,0,3,,keep
4,55741805,s47,t8,GTA,conceptual,0.0,0,0,,0.0,,,,,
4,55741805,s48,t8,GTA,conceptual,0.0,0,0,,0.0,,,,,
4,55741805,s49,t8,GTA,conceptual,1.0,0,1,0.013,157.0,4.0,,,,
4,55741805,s50,t8,GTA,conceptual,0.0,0,0,,0.0,,,,,
4,55741805,s51,t8,GTA,conceptual,0.0,1,0,,0.0,,0,3,,keep
4,55741805,s52,t8,GTA,conceptual,0.0,1,0,,0.0,,0,3,,keep
4,55741805,s54,t8,GTA,conceptual,0.0,1,0,,0.0,,0,3,,keep
4,55741805,s56,t8,GTA,conceptual,0.0,0,0,,0.0,,,,,
4,55741805,s57,t8,GTA,conceptual,0.0,0,0,,0.0,,,,,
4,55741805,s58,t8,GTA,conceptual,0.0,1,0,,0.0,,0,3,,keep
4,55741805,s59,t8,GTA,conceptual,1.0,1,1,0.121,422.0,4.0,1,5,1.0,decrease
4,55741805,s60,t8,GTA,conceptual,0.0,1,0,,0.0,,0,1,,keep
4,55741805,s61,t8,GTA,conceptual,0.0,1,0,,0.0,,0,3,,keep
4,55741805,s62,t8,GTA,conceptual,0.0,0,0,,0.0,,,,,
4,55741805,s63,t8,GTA,conceptual,0.0,1,0,,0.0,3.0,0,3,,keep
4,55741805,s64,t8,GTA,conceptual,0.0,1,0,,0.0,,0,3,,keep
4,55741805,s65,t8,GTA,conceptual,0.0,0,0,,0.0,,,,,
4,55741805,s66,t8,GTA,conceptual,0.0,0,0,,0.0,,,,,
4,55741805,s67,t8,GTA,conceptual,0.0,0,0,,0.0,,,,,
4,55741805,s68,t8,GTA,conceptual,0.0,1,0,,0.0,,0,1,,keep
4,55741805,s69,t8,GTA,conceptual,0.0,0,0,,0.0,,,,,
4,55741805,s70,t8,GTA,conceptual,1.0,1,1,0.059,187.0,,0,4,0.3716814159292035,keep
4,55741805,s71,t8,GTA,conceptual,0.0,1,0,0.047,470.0,,1,4,1.0,keep
4,55741805,s72,t8,GTA,conceptual,0.0,1,0,,0.0,3.0,0,3,,keep
4,55741805,s73,t8,GTA,conceptual,0.0,1,0,,0.0,,0,3,,keep
4,55741805,s74,t8,GTA,conceptual,0.0,0,0,,0.0,,,,,
4,55741805,s75,t8,GTA,conceptual,0.0,1,0,,0.0,,0,3,,keep
4,55741805,s76,t8,GTA,conceptual,0.0,0,0,,0.0,,,,,
4,55741805,s77,t8,GTA,conceptual,0.0,0,0,,0.0,,,,,
4,55741805,s78,t8,GTA,conceptual,0.0,1,0,,0.0,,0,1,,keep
4,55741805,s79,t8,GTA,conceptual,0.0,1,0,,0.0,,0,1,,keep
4,55741805,s80,t8,GTA,conceptual,0.0,0,0,,0.0,,,,,
4,55741805,s81,t8,GTA,conceptual,0.0,0,0,,0.0,,,,,
4,55741805,s82,t8,GTA,conceptual,0.0,0,0,,0.0,,,,,
4,55741805,s83,t8,GTA,conceptual,0.0,0,0,,0.0,,,,,
4,55741805,s84,t8,GTA,conceptual,0.0,1,0,,0.0,,0,1,,keep
4,55741805,s85,t8,GTA,conceptual,0.0,1,1,0.078,206.0,,0,3,0.3434343434343434,keep
4,55741805,s86,t8,GTA,conceptual,0.0,0,0,,0.0,,,,,
4,55741805,s87,t8,GTA,conceptual,0.0,1,0,,0.0,,0,1,,keep
4,55741805,s88,t8,GTA,conceptual,0.0,1,0,,0.0,,0,4,,keep
4,55741806,s1,t11,GTA,conceptual,0.0,1,0,,0.0,,0,3,,keep
4,55741806,s2,t11,GTA,conceptual,0.0,0,0,,0.0,,,,,
4,55741806,s3,t11,GTA,conceptual,0.0,0,0,,0.0,,,,,
4,55741806,s4,t11,GTA,conceptual,0.0,1,0,,0.0,,0,3,,keep
4,55741806,s5,t11,GTA,conceptual,0.0,1,0,,0.0,,0,3,,keep
4,55741806,s6,t11,GTA,conceptual,0.0,1,0,,0.0,,0,2,,keep
4,55741806,s7,t11,GTA,conceptual,0.0,0,0,,0.0,,,,,
4,55741806,s8,t11,GTA,conceptual,0.0,1,0,,0.0,,0,2,,keep
4,55741806,s9,t11,GTA,conceptual,0.0,1,0,,0.0,,0,3,,keep
4,55741806,s10,t11,GTA,conceptual,0.0,1,0,,0.0,,0,3,,keep
4,55741806,s11,t11,GTA,conceptual,0.0,0,0,,0.0,,,,,
4,55741806,s12,t11,GTA,conceptual,0.0,0,0,,0.0,3.0,,,,
4,55741806,s13,t11,GTA,conceptual,0.0,1,0,,0.0,,0,3,,keep
4,55741806,s14,t11,GTA,conceptual,0.0,1,0,,0.0,,0,3,,keep
4,55741806,s15,t11,GTA,conceptual,1.0,0,1,,0.0,,,,,
4,55741806,s16,t11,GTA,conceptual,0.0,1,0,,0.0,,0,2,,keep
4,55741806,s18,t11,GTA,conceptual,0.0,0,0,,0.0,,,,,
4,55741806,s19,t11,GTA,conceptual,0.0,1,0,,0.0,,0,2,,keep
4,55741806,s21,t11,GTA,conceptual,0.0,1,0,,0.0,,0,3,,keep
4,55741806,s22,t11,GTA,conceptual,0.0,0,0,,0.0,,,,,
4,55741806,s23,t11,GTA,conceptual,0.0,0,0,,0.0,3.0,,,,
4,55741806,s25,t11,GTA,conceptual,0.0,0,0,,0.0,,,,,
4,55741806,s26,t11,GTA,conceptual,0.0,0,0,,0.0,3.0,,,,
4,55741806,s27,t11,GTA,conceptual,0.0,1,0,,0.0,,0,3,,keep
4,55741806,s28,t11,GTA,conceptual,0.0,1,0,,0.0,,0,3,,keep
4,55741806,s29,t11,GTA,conceptual,0.0,0,0,,0.0,,,,,
4,55741806,s30,t11,GTA,conceptual,0.0,1,0,,0.0,,0,2,,keep
4,55741806,s31,t11,GTA,conceptual,0.0,0,0,,0.0,,,,,
4,55741806,s32,t11,GTA,conceptual,0.0,0,0,,0.0,,,,,
4,55741806,s33,t11,GTA,conceptual,0.0,0,0,,0.0,,,,,
4,55741806,s34,t11,GTA,conceptual,0.0,0,0,,0.0,,,,,
4,55741806,s35,t11,GTA,conceptual,0.0,1,0,,0.0,,0,3,,keep
4,55741806,s36,t11,GTA,conceptual,0.0,1,0,,0.0,,0,3,,keep
4,55741806,s37,t11,GTA,conceptual,0.0,0,0,,0.0,,,,,
4,55741806,s38,t11,GTA,conceptual,0.0,0,0,,0.0,,,,,
4,55741806,s39,t11,GTA,conceptual,1.0,1,0,0.008,168.0,,0,2,0.128,keep
4,55741806,s40,t11,GTA,conceptual,0.0,1,0,,0.0,,0,3,,keep
4,55741806,s41,t11,GTA,conceptual,0.0,0,0,,0.0,5.0,,,,
4,55741806,s42,t11,GTA,conceptual,0.0,1,0,,0.0,,0,2,,keep
4,55741806,s43,t11,GTA,conceptual,0.0,1,0,,0.0,,0,2,,keep
4,55741806,s44,t11,GTA,conceptual,1.0,0,0,0.05,26.0,4.0,,,,
4,55741806,s45,t11,GTA,conceptual,0.0,1,0,,0.0,,0,2,,keep
4,55741806,s46,t11,GTA,conceptual,1.0,0,1,0.026,37.0,,,,,
4,55741806,s47,t11,GTA,conceptual,0.0,1,1,0.02,119.0,,1,4,0.5434782608695653,increase
4,55741806,s48,t11,GTA,conceptual,0.0,1,0,,0.0,,0,3,,keep
4,55741806,s49,t11,GTA,conceptual,0.0,1,0,,0.0,,0,3,,keep
4,55741806,s51,t11,GTA,conceptual,0.0,0,0,,0.0,,,,,
4,55741806,s52,t11,GTA,conceptual,0.0,0,0,,0.0,,,,,
4,55741806,s54,t11,GTA,conceptual,0.0,0,0,,0.0,,,,,
4,55741806,s56,t11,GTA,conceptual,0.0,1,0,,0.0,,0,3,,keep
4,55741806,s57,t11,GTA,conceptual,0.0,1,0,,0.0,,0,3,,keep
4,55741806,s58,t11,GTA,conceptual,0.0,0,0,,0.0,,,,,
4,55741806,s59,t11,GTA,conceptual,0.0,0,0,,0.0,,,,,
4,55741806,s60,t11,GTA,conceptual,0.0,0,1,0.044,34.0,,,,,
4,55741806,s61,t11,GTA,conceptual,1.0,0,1,0.029,38.0,,,,,
4,55741806,s62,t11,GTA,conceptual,0.0,1,0,,0.0,,0,3,,keep
4,55741806,s63,t11,GTA,conceptual,0.0,0,0,,0.0,3.0,,,,
4,55741806,s64,t11,GTA,conceptual,0.0,0,0,,0.0,,,,,
4,55741806,s65,t11,GTA,conceptual,0.0,1,0,,0.0,,0,3,,keep
4,55741806,s66,t11,GTA,conceptual,0.0,1,0,,0.0,,0,3,,keep
4,55741806,s67,t11,GTA,conceptual,0.0,1,0,,0.0,,0,3,,keep
4,55741806,s68,t11,GTA,conceptual,0.0,0,0,,0.0,,,,,
4,55741806,s69,t11,GTA,conceptual,0.0,1,0,,0.0,,0,2,,keep
4,55741806,s70,t11,GTA,conceptual,0.0,0,0,,0.0,,,,,
4,55741806,s71,t11,GTA,conceptual,0.0,0,0,,0.0,,,,,
4,55741806,s72,t11,GTA,conceptual,0.0,0,0,,0.0,3.0,,,,
4,55741806,s73,t11,GTA,conceptual,0.0,0,0,,0.0,,,,,
4,55741806,s74,t11,GTA,conceptual,0.0,1,0,,0.0,,0,3,,keep
4,55741806,s75,t11,GTA,conceptual,0.0,0,0,,0.0,,,,,
4,55741806,s76,t11,GTA,conceptual,0.0,1,0,,0.0,,0,3,,keep
4,55741806,s77,t11,GTA,conceptual,0.0,1,0,,0.0,,0,3,,keep
4,55741806,s78,t11,GTA,conceptual,0.0,0,0,,0.0,,,,,
4,55741806,s79,t11,GTA,conceptual,0.0,0,0,,0.0,,,,,
4,55741806,s80,t11,GTA,conceptual,0.0,1,0,,0.0,,0,3,,keep
4,55741806,s81,t11,GTA,conceptual,0.0,1,0,,0.0,,0,3,,keep
4,55741806,s82,t11,GTA,conceptual,0.0,1,0,,0.0,,0,3,,keep
4,55741806,s83,t11,GTA,conceptual,0.0,1,0,,0.0,,0,2,,keep
4,55741806,s84,t11,GTA,conceptual,0.0,0,0,,0.0,,,,,
4,55741806,s85,t11,GTA,conceptual,0.0,0,0,,0.0,,,,,
4,55741806,s86,t11,GTA,conceptual,0.0,1,1,,0.0,,0,1,,keep
4,55741806,s87,t11,GTA,conceptual,0.0,0,0,,0.0,,,,,
4,55741806,s88,t11,GTA,conceptual,0.0,0,0,,0.0,,,,,
4,55741807,s1,t1,UTA,applied,0.0,0,0,,0.0,,,,,
4,55741807,s2,t1,UTA,applied,0.0,1,0,,0.0,,0,4,,keep
4,55741807,s3,t1,UTA,applied,1.0,1,1,0.042,371.0,,1,5,1.0,decrease
4,55741807,s4,t1,UTA,applied,0.0,0,0,,0.0,,,,,
4,55741807,s5,t1,UTA,applied,0.0,0,0,,0.0,,,,,
4,55741807,s6,t1,UTA,applied,0.0,0,0,,0.0,,,,,
4,55741807,s8,t1,UTA,applied,0.0,0,0,,0.0,,,,,
4,55741807,s9,t1,UTA,applied,0.0,0,0,,0.0,,,,,
4,55741807,s10,t1,UTA,applied,0.0,0,0,,0.0,,,,,
4,55741807,s11,t1,UTA,applied,0.0,1,0,,0.0,,0,4,,keep
4,55741807,s12,t1,UTA,applied,0.0,1,0,,0.0,3.0,0,4,,keep
4,55741807,s13,t1,UTA,applied,0.0,0,0,,0.0,,,,,
4,55741807,s14,t1,UTA,applied,1.0,0,1,,0.0,,,,,
4,55741807,s15,t1,UTA,applied,1.0,1,1,0.082,255.0,,1,4,0.7007299270072993,keep
4,55741807,s16,t1,UTA,applied,0.0,0,0,,0.0,,,,,
4,55741807,s18,t1,UTA,applied,0.0,1,0,,0.0,,0,4,,keep
4,55741807,s19,t1,UTA,applied,0.0,0,0,,0.0,,,,,
4,55741807,s21,t1,UTA,applied,0.0,0,0,,0.0,,,,,
4,55741807,s22,t1,UTA,applied,0.0,1,0,,0.0,,0,4,,keep
4,55741807,s23,t1,UTA,applied,0.0,1,0,,0.0,3.0,0,4,,keep
4,55741807,s25,t1,UTA,applied,0.0,1,0,,0.0,,0,4,,keep
4,55741807,s26,t1,UTA,applied,1.0,1,1,0.016,422.0,3.0,1,5,1.0,keep
4,55741807,s27,t1,UTA,applied,0.0,0,0,,0.0,,,,,
4,55741807,s28,t1,UTA,applied,0.0,0,0,,0.0,,,,,
4,55741807,s29,t1,UTA,applied,0.0,1,0,,0.0,,0,4,,keep
4,55741807,s30,t1,UTA,applied,0.0,0,0,,0.0,,,,,
4,55741807,s31,t1,UTA,applied,0.0,1,0,,0.0,,0,4,,keep
4,55741807,s32,t1,UTA,applied,0.0,1,0,,0.0,,0,4,,keep
4,55741807,s33,t1,UTA,applied,0.0,1,0,,0.0,,0,4,,keep
4,55741807,s34,t1,UTA,applied,0.0,1,0,,0.0,,0,4,,keep
4,55741807,s35,t1,UTA,applied,0.0,0,0,,0.0,,,,,
4,55741807,s36,t1,UTA,applied,0.0,0,0,,0.0,,,,,
4,55741807,s37,t1,UTA,applied,0.0,1,0,,0.0,,0,4,,keep
4,55741807,s38,t1,UTA,applied,0.0,1,0,,0.0,,0,4,,keep
4,55741807,s39,t1,UTA,applied,1.0,0,0,,0.0,,,,,
4,55741807,s40,t1,UTA,applied,0.0,0,0,,0.0,,,,,
4,55741807,s41,t1,UTA,applied,0.0,1,0,,0.0,4.0,0,4,,keep
4,55741807,s42,t1,UTA,applied,0.0,0,0,,0.0,,,,,
4,55741807,s43,t1,UTA,applied,0.0,0,0,,0.0,,,,,
4,55741807,s44,t1,UTA,applied,1.0,1,0,,0.0,4.0,0,4,,keep
4,55741807,s45,t1,UTA,applied,0.0,0,0,,0.0,,,,,
4,55741807,s46,t1,UTA,applied,1.0,1,0,,0.0,,0,2,,keep
4,55741807,s47,t1,UTA,applied,0.0,0,0,,0.0,,,,,
4,55741807,s48,t1,UTA,applied,1.0,0,1,,0.0,,,,,
4,55741807,s49,t1,UTA,applied,0.0,0,0,,0.0,,,,,
4,55741807,s50,t1,UTA,applied,0.0,0,0,,0.0,,,,,
4,55741807,s51,t1,UTA,applied,0.0,1,0,,0.0,,0,4,,keep
4,55741807,s52,t1,UTA,applied,1.0,1,1,0.08,269.0,,1,4,1.0,decrease
4,55741807,s54,t1,UTA,applied,1.0,1,1,0.016,268.0,3.0,1,5,1.0,decrease
4,55741807,s56,t1,UTA,applied,0.0,0,0,,0.0,,,,,
4,55741807,s57,t1,UTA,applied,0.0,0,0,,0.0,,,,,
4,55741807,s58,t1,UTA,applied,0.0,1,0,,0.0,,0,4,,keep
4,55741807,s59,t1,UTA,applied,1.0,1,1,0.141,278.0,4.0,1,5,1.0,decrease
4,55741807,s60,t1,UTA,applied,0.0,1,0,,0.0,,0,3,,keep
4,55741807,s61,t1,UTA,applied,1.0,1,0,,0.0,,0,4,,keep
4,55741807,s62,t1,UTA,applied,0.0,0,0,,0.0,,,,,
4,55741807,s63,t1,UTA,applied,0.0,1,0,,0.0,3.0,0,4,,keep
4,55741807,s64,t1,UTA,applied,0.0,1,0,,0.0,,0,4,,keep
4,55741807,s65,t1,UTA,applied,0.0,0,0,,0.0,,,,,
4,55741807,s66,t1,UTA,applied,0.0,0,0,,0.0,,,,,
4,55741807,s67,t1,UTA,applied,0.0,0,0,,0.0,,,,,
4,55741807,s68,t1,UTA,applied,0.0,1,0,,0.0,,0,4,,keep
4,55741807,s69,t1,UTA,applied,0.0,0,0,,0.0,,,,,
4,55741807,s70,t1,UTA,applied,0.0,1,0,,0.0,,0,4,,keep
4,55741807,s71,t1,UTA,applied,1.0,1,0,,0.0,,0,4,,keep
4,55741807,s72,t1,UTA,applied,0.0,1,0,,0.0,3.0,0,4,,keep
4,55741807,s73,t1,UTA,applied,0.0,1,0,,0.0,,0,4,,keep
4,55741807,s74,t1,UTA,applied,0.0,0,0,,0.0,,,,,
4,55741807,s75,t1,UTA,applied,0.0,1,0,0.007,199.0,,0,4,1.0,keep
4,55741807,s76,t1,UTA,applied,1.0,0,0,,0.0,,,,,
4,55741807,s77,t1,UTA,applied,1.0,0,0,,0.0,,,,,
4,55741807,s78,t1,UTA,applied,0.0,1,0,,0.0,,0,3,,keep
4,55741807,s79,t1,UTA,applied,0.0,1,0,,0.0,,0,4,,keep
4,55741807,s80,t1,UTA,applied,0.0,0,0,,0.0,,,,,
4,55741807,s81,t1,UTA,applied,0.0,0,0,,0.0,,,,,
4,55741807,s82,t1,UTA,applied,0.0,0,0,,0.0,,,,,
4,55741807,s83,t1,UTA,applied,0.0,0,0,,0.0,,,,,
4,55741807,s84,t1,UTA,applied,0.0,1,0,,0.0,,0,4,,keep
4,55741807,s85,t1,UTA,applied,0.0,1,0,,0.0,,0,4,,keep
4,55741807,s86,t1,UTA,applied,0.0,0,0,,0.0,,,,,
4,55741807,s87,t1,UTA,applied,1.0,1,1,0.332,204.0,,1,5,0.8453608247422679,decrease
4,55741807,s88,t1,UTA,applied,0.0,1,0,,0.0,,0,4,,keep
4,55741811,s1,t3,UTA,applied,0.0,0,0,,0.0,,,,,
4,55741811,s2,t3,UTA,applied,0.0,1,0,,0.0,,0,3,,keep
4,55741811,s3,t3,UTA,applied,0.0,1,0,,0.0,,0,3,,keep
4,55741811,s4,t3,UTA,applied,0.0,0,0,,0.0,,,,,
4,55741811,s5,t3,UTA,applied,0.0,0,0,,0.0,,,,,
4,55741811,s6,t3,UTA,applied,0.0,0,0,,0.0,,,,,
4,55741811,s7,t3,UTA,applied,0.0,1,1,,0.0,,1,4,,keep
4,55741811,s8,t3,UTA,applied,0.0,0,0,,0.0,,,,,
4,55741811,s9,t3,UTA,applied,0.0,0,0,,0.0,,,,,
4,55741811,s10,t3,UTA,applied,0.0,0,0,,0.0,,,,,
4,55741811,s11,t3,UTA,applied,0.0,1,0,,0.0,,0,3,,keep
4,55741811,s12,t3,UTA,applied,0.0,1,0,,0.0,4.0,0,3,,keep
4,55741811,s13,t3,UTA,applied,0.0,0,0,,0.0,,,,,
4,55741811,s14,t3,UTA,applied,0.0,0,0,,0.0,,,,,
4,55741811,s15,t3,UTA,applied,0.0,1,0,,0.0,,0,3,,keep
4,55741811,s16,t3,UTA,applied,0.0,0,0,,0.0,,,,,
4,55741811,s18,t3,UTA,applied,0.0,1,0,,0.0,,0,3,,keep
4,55741811,s19,t3,UTA,applied,0.0,0,0,,0.0,,,,,
4,55741811,s21,t3,UTA,applied,0.0,0,0,,0.0,,,,,
4,55741811,s22,t3,UTA,applied,0.0,1,0,,0.0,,0,3,,keep
4,55741811,s23,t3,UTA,applied,0.0,1,0,,0.0,3.0,0,3,,keep
4,55741811,s25,t3,UTA,applied,0.0,1,0,,0.0,,0,3,,keep
4,55741811,s26,t3,UTA,applied,0.0,1,0,,0.0,3.0,0,3,,keep
4,55741811,s27,t3,UTA,applied,0.0,0,0,,0.0,,,,,
4,55741811,s28,t3,UTA,applied,0.0,0,0,,0.0,,,,,
4,55741811,s29,t3,UTA,applied,0.0,1,0,,0.0,,0,3,,keep
4,55741811,s30,t3,UTA,applied,0.0,0,0,,0.0,,,,,
4,55741811,s31,t3,UTA,applied,0.0,1,0,,0.0,,0,3,,keep
4,55741811,s32,t3,UTA,applied,0.0,1,0,,0.0,,0,3,,keep
4,55741811,s33,t3,UTA,applied,0.0,1,0,,0.0,,0,3,,keep
4,55741811,s34,t3,UTA,applied,0.0,1,0,,0.0,,0,3,,keep
4,55741811,s35,t3,UTA,applied,0.0,0,0,,0.0,,,,,
4,55741811,s36,t3,UTA,applied,0.0,0,0,,0.0,,,,,
4,55741811,s37,t3,UTA,applied,0.0,1,0,,0.0,,0,3,,keep
4,55741811,s38,t3,UTA,applied,0.0,1,0,,0.0,,0,3,,keep
4,55741811,s39,t3,UTA,applied,0.0,0,0,,0.0,,,,,
4,55741811,s40,t3,UTA,applied,0.0,0,0,,0.0,,,,,
4,55741811,s41,t3,UTA,applied,0.0,1,0,,0.0,4.0,0,3,,keep
4,55741811,s42,t3,UTA,applied,0.0,0,0,,0.0,,,,,
4,55741811,s43,t3,UTA,applied,0.0,0,0,,0.0,,,,,
4,55741811,s44,t3,UTA,applied,0.0,1,0,,0.0,4.0,0,3,,keep
4,55741811,s45,t3,UTA,applied,0.0,0,0,,0.0,,,,,
4,55741811,s46,t3,UTA,applied,0.0,1,0,,0.0,,0,3,,keep
4,55741811,s47,t3,UTA,applied,0.0,0,0,,0.0,,,,,
4,55741811,s48,t3,UTA,applied,0.0,0,0,,0.0,,,,,
4,55741811,s49,t3,UTA,applied,0.0,0,0,,0.0,,,,,
4,55741811,s50,t3,UTA,applied,0.0,0,0,,0.0,,,,,
4,55741811,s51,t3,UTA,applied,0.0,1,0,,0.0,,0,3,,keep
4,55741811,s52,t3,UTA,applied,0.0,1,0,,0.0,,0,3,,keep
4,55741811,s54,t3,UTA,applied,0.0,1,0,,0.0,,0,3,,keep
4,55741811,s56,t3,UTA,applied,0.0,0,0,,0.0,,,,,
4,55741811,s57,t3,UTA,applied,0.0,0,0,,0.0,,,,,
4,55741811,s58,t3,UTA,applied,0.0,1,0,,0.0,,0,3,,keep
4,55741811,s59,t3,UTA,applied,0.0,1,0,,0.0,,0,3,,keep
4,55741811,s60,t3,UTA,applied,0.0,1,0,,0.0,,0,3,,keep
4,55741811,s61,t3,UTA,applied,0.0,1,0,,0.0,,0,3,,keep
4,55741811,s62,t3,UTA,applied,0.0,0,0,,0.0,,,,,
4,55741811,s63,t3,UTA,applied,1.0,1,1,1.06,85.0,3.0,1,4,0.26373626373626374,keep
4,55741811,s64,t3,UTA,applied,0.0,1,0,,0.0,,0,3,,keep
4,55741811,s65,t3,UTA,applied,0.0,0,0,,0.0,,,,,
4,55741811,s66,t3,UTA,applied,0.0,0,0,,0.0,,,,,
4,55741811,s67,t3,UTA,applied,0.0,0,0,,0.0,,,,,
4,55741811,s68,t3,UTA,applied,0.0,1,0,,0.0,,0,3,,keep
4,55741811,s69,t3,UTA,applied,0.0,0,0,,0.0,,,,,
4,55741811,s70,t3,UTA,applied,0.0,1,0,,0.0,,0,3,,keep
4,55741811,s71,t3,UTA,applied,0.0,1,0,,0.0,,0,3,,keep
4,55741811,s72,t3,UTA,applied,0.0,1,0,,0.0,3.0,0,3,,keep
4,55741811,s73,t3,UTA,applied,0.0,1,0,,0.0,,0,3,,keep
4,55741811,s74,t3,UTA,applied,0.0,0,0,,0.0,,,,,
4,55741811,s75,t3,UTA,applied,0.0,1,0,,0.0,,0,3,,keep
4,55741811,s76,t3,UTA,applied,0.0,0,0,,0.0,,,,,
4,55741811,s77,t3,UTA,applied,0.0,0,0,,0.0,,,,,
4,55741811,s78,t3,UTA,applied,0.0,1,0,,0.0,,0,3,,keep
4,55741811,s79,t3,UTA,applied,0.0,1,0,,0.0,,0,3,,keep
4,55741811,s80,t3,UTA,applied,0.0,0,0,,0.0,,,,,
4,55741811,s81,t3,UTA,applied,0.0,0,0,,0.0,,,,,
4,55741811,s82,t3,UTA,applied,0.0,0,0,,0.0,,,,,
4,55741811,s83,t3,UTA,applied,0.0,0,0,,0.0,,,,,
4,55741811,s84,t3,UTA,applied,0.0,1,0,,0.0,,0,3,,keep
4,55741811,s85,t3,UTA,applied,0.0,1,0,,0.0,,0,3,,keep
4,55741811,s86,t3,UTA,applied,0.0,0,0,,0.0,,,,,
4,55741811,s87,t3,UTA,applied,0.0,1,0,,0.0,,0,3,,keep
4,55741811,s88,t3,UTA,applied,0.0,1,0,,0.0,,0,3,,keep
4,55741812,s1,t5,GTA,applied,1.0,1,0,,0.0,,0,2,,keep
4,55741812,s2,t5,GTA,applied,0.0,0,0,,0.0,,,,,
4,55741812,s3,t5,GTA,applied,0.0,0,0,,0.0,,,,,
4,55741812,s4,t5,GTA,applied,1.0,1,1,0.003,293.0,,1,4,1.0,decrease
4,55741812,s5,t5,GTA,applied,0.0,1,0,,0.0,,0,4,,keep
4,55741812,s6,t5,GTA,applied,0.0,1,0,,0.0,,0,3,,keep
4,55741812,s7,t5,GTA,applied,0.0,0,0,,0.0,,,,,
4,55741812,s8,t5,GTA,applied,0.0,1,0,,0.0,,0,4,,keep
4,55741812,s9,t5,GTA,applied,0.0,1,0,,0.0,,0,4,,keep
4,55741812,s10,t5,GTA,applied,0.0,1,0,,0.0,,0,4,,keep
4,55741812,s11,t5,GTA,applied,0.0,0,0,,0.0,,,,,
4,55741812,s12,t5,GTA,applied,1.0,0,0,,0.0,4.0,,,,
4,55741812,s13,t5,GTA,applied,0.0,1,0,,0.0,,0,3,,keep
4,55741812,s14,t5,GTA,applied,1.0,1,1,0.018,328.0,,1,5,1.0,keep
4,55741812,s15,t5,GTA,applied,0.0,0,0,,0.0,,,,,
4,55741812,s16,t5,GTA,applied,1.0,1,1,0.037,275.0,,1,5,1.0,keep
4,55741812,s18,t5,GTA,applied,0.0,0,0,,0.0,,,,,
4,55741812,s19,t5,GTA,applied,0.0,1,1,0.381,82.0,,1,4,0.42857142857142855,keep
4,55741812,s21,t5,GTA,applied,0.0,1,0,,0.0,,0,3,,keep
4,55741812,s22,t5,GTA,applied,0.0,0,0,,0.0,,,,,
4,55741812,s23,t5,GTA,applied,0.0,0,0,,0.0,3.0,,,,
4,55741812,s25,t5,GTA,applied,0.0,0,0,,0.0,,,,,
4,55741812,s26,t5,GTA,applied,0.0,0,0,,0.0,3.0,,,,
4,55741812,s27,t5,GTA,applied,0.0,1,0,,0.0,,0,3,,keep
4,55741812,s28,t5,GTA,applied,0.0,1,0,,0.0,,0,3,,keep
4,55741812,s29,t5,GTA,applied,0.0,0,0,,0.0,,,,,
4,55741812,s30,t5,GTA,applied,0.0,1,0,,0.0,3.0,0,4,,keep
4,55741812,s31,t5,GTA,applied,0.0,0,0,,0.0,,,,,
4,55741812,s32,t5,GTA,applied,1.0,0,0,,0.0,1.0,,,,
4,55741812,s33,t5,GTA,applied,0.0,0,0,,0.0,,,,,
4,55741812,s34,t5,GTA,applied,0.0,0,0,,0.0,,,,,
4,55741812,s35,t5,GTA,applied,0.0,1,0,,0.0,,0,2,,keep
4,55741812,s36,t5,GTA,applied,0.0,1,0,,0.0,,0,3,,keep
4,55741812,s37,t5,GTA,applied,0.0,0,0,,0.0,,,,,
4,55741812,s38,t5,GTA,applied,0.0,0,0,,0.0,,,,,
4,55741812,s39,t5,GTA,applied,0.0,1,0,,0.0,,0,3,,keep
4,55741812,s40,t5,GTA,applied,0.0,1,0,,0.0,,0,3,,keep
4,55741812,s41,t5,GTA,applied,0.0,0,0,,0.0,4.0,,,,
4,55741812,s42,t5,GTA,applied,0.0,1,0,,0.0,,0,3,,keep
4,55741812,s43,t5,GTA,applied,1.0,1,1,,0.0,,1,4,,decrease
4,55741812,s44,t5,GTA,applied,0.0,0,0,,0.0,4.0,,,,
4,55741812,s45,t5,GTA,applied,0.0,1,0,,0.0,,0,1,,keep
4,55741812,s46,t5,GTA,applied,0.0,0,0,,0.0,,,,,
4,55741812,s47,t5,GTA,applied,0.0,1,1,0.03,113.0,,1,4,0.676056338028169,keep
4,55741812,s48,t5,GTA,applied,0.0,1,0,,0.0,,0,3,,keep
4,55741812,s49,t5,GTA,applied,0.0,1,0,,0.0,,0,4,,keep
4,55741812,s50,t5,GTA,applied,0.0,1,1,0.036,325.0,,1,4,1.0,keep
4,55741812,s51,t5,GTA,applied,0.0,0,0,,0.0,,,,,
4,55741812,s52,t5,GTA,applied,0.0,0,0,,0.0,,,,,
4,55741812,s54,t5,GTA,applied,0.0,0,0,,0.0,,,,,
4,55741812,s56,t5,GTA,applied,0.0,1,0,,0.0,,0,4,,keep
4,55741812,s57,t5,GTA,applied,0.0,1,0,,0.0,,0,3,,keep
4,55741812,s58,t5,GTA,applied,0.0,0,0,,0.0,,,,,
4,55741812,s59,t5,GTA,applied,0.0,0,0,,0.0,,,,,
4,55741812,s60,t5,GTA,applied,0.0,0,0,,0.0,,,,,
4,55741812,s61,t5,GTA,applied,0.0,0,0,,0.0,,,,,
4,55741812,s62,t5,GTA,applied,0.0,1,0,,0.0,,0,4,,keep
4,55741812,s63,t5,GTA,applied,1.0,0,0,,0.0,3.0,,,,
4,55741812,s64,t5,GTA,applied,0.0,0,0,,0.0,,,,,
4,55741812,s65,t5,GTA,applied,0.0,1,0,,0.0,,0,3,,keep
4,55741812,s66,t5,GTA,applied,0.0,1,0,,0.0,,0,3,,keep
4,55741812,s67,t5,GTA,applied,0.0,1,0,,0.0,,0,3,,keep
4,55741812,s68,t5,GTA,applied,0.0,0,0,,0.0,,,,,
4,55741812,s69,t5,GTA,applied,0.0,1,0,,0.0,,0,3,,keep
4,55741812,s70,t5,GTA,applied,0.0,0,0,,0.0,,,,,
4,55741812,s71,t5,GTA,applied,0.0,0,0,,0.0,,,,,
4,55741812,s72,t5,GTA,applied,0.0,0,0,,0.0,3.0,,,,
4,55741812,s73,t5,GTA,applied,0.0,0,0,,0.0,,,,,
4,55741812,s74,t5,GTA,applied,0.0,1,0,,0.0,,0,4,,keep
4,55741812,s75,t5,GTA,applied,0.0,0,0,,0.0,,,,,
4,55741812,s76,t5,GTA,applied,1.0,1,1,0.087,120.0,,1,4,0.653061224489796,keep
4,55741812,s77,t5,GTA,applied,0.0,1,0,,0.0,,0,4,,keep
4,55741812,s78,t5,GTA,applied,0.0,0,0,,0.0,,,,,
4,55741812,s79,t5,GTA,applied,0.0,0,0,,0.0,,,,,
4,55741812,s80,t5,GTA,applied,1.0,1,0,,0.0,,0,2,,keep
4,55741812,s81,t5,GTA,applied,0.0,1,0,,0.0,,0,4,,keep
4,55741812,s82,t5,GTA,applied,0.0,1,0,,0.0,,0,4,,keep
4,55741812,s83,t5,GTA,applied,0.0,1,0,,0.0,,0,3,,keep
4,55741812,s84,t5,GTA,applied,0.0,0,0,,0.0,,,,,
4,55741812,s85,t5,GTA,applied,1.0,0,0,,0.0,,,,,
4,55741812,s86,t5,GTA,applied,0.0,1,1,0.043,349.0,,1,4,1.0,keep
4,55741812,s87,t5,GTA,applied,0.0,0,0,,0.0,,,,,
4,55741812,s88,t5,GTA,applied,0.0,0,0,,0.0,,,,,
