hw_id,question_id,student_id,ta_id,ta_role,question_type,has_mistakes,treatment,feedback_provision,feedback_stage_time,feedback_time,adjusted_feedback_time,feedback_length,feedback_rating,draft_usage,draft_rating,similarity_score,grade_reconsideration
1,55741749,s1,t1,UTA,applied,0,1,0,0.95,,,0,,0,3,,keep
1,55741749,s2,t1,UTA,applied,1,1,0,51.487,51.487,0.47673,108,3,0,3,0.1587301587,keep
1,55741749,s3,t1,UTA,applied,0,1,0,5.956,,,0,,0,4,,keep
1,55741749,s4,t1,UTA,applied,1,1,0,19.669,19.669,0.81954,24,,0,3,0.06382978723,keep
1,55741749,s5,t1,UTA,applied,1,0,0,0.737,0.737,0.03204,23,4,,,,
1,55741749,s6,t1,UTA,applied,0,1,0,1.071,,,0,,0,4,,keep
1,55741749,s7,t1,UTA,applied,0,0,0,2.173,,,0,,,,,
1,55741749,s8,t1,UTA,applied,0,0,0,0.728,,,0,,,,,
1,55741749,s9,t1,UTA,applied,0,0,0,0.895,,,0,,,,,
1,55741749,s10,t1,UTA,applied,1,0,0,1.18,1.18,0.0128,92,4,,,,
1,55741749,s11,t1,UTA,applied,0,1,0,8.776,,,0,,0,4,,keep
1,55741749,s12,t1,UTA,applied,0,1,0,1.076,,,0,,0,4,,keep
1,55741749,s13,t1,UTA,applied,0,1,0,4.64,,,0,,0,4,,keep
1,55741749,s15,t1,UTA,applied,1,1,1,9.679,9.679,0.05041,192,3,0,4,0.2105263158,keep
1,55741749,s16,t1,UTA,applied,1,1,0,3.867,3.867,0.15468,25,,0,4,0.0487804878,keep
1,55741749,s18,t1,UTA,applied,0,1,0,3.206,,,0,,0,4,,keep
1,55741749,s19,t1,UTA,applied,0,0,0,0.765,,,0,4,,,,
1,55741749,s20,t1,UTA,applied,0,1,0,1.055,,,0,4,0,4,,keep
1,55741749,s21,t1,UTA,applied,1,0,0,1.155,1.155,0.0502,23,4,,,,
1,55741749,s22,t1,UTA,applied,0,0,0,0.754,,,0,,,,,
1,55741749,s23,t1,UTA,applied,0,0,0,0.759,,,0,3,,,,
1,55741749,s24,t1,UTA,applied,0,0,0,0.967,,,0,,,,,
1,55741749,s25,t1,UTA,applied,0,1,0,1.358,,,0,,0,2,,keep
1,55741749,s27,t1,UTA,applied,0,1,0,1.039,,,0,,0,4,,keep
1,55741749,s28,t1,UTA,applied,0,0,0,0.629,,,0,,,,,
1,55741749,s29,t1,UTA,applied,0,1,0,1.034,,,0,,0,4,,keep
1,55741749,s30,t1,UTA,applied,0,1,0,2.739,,,0,,0,4,,keep
1,55741749,s31,t1,UTA,applied,0,1,0,1.099,,,0,4,0,4,,keep
1,55741749,s32,t1,UTA,applied,0,0,0,0.669,,,0,3,,,,
1,55741749,s33,t1,UTA,applied,1,0,1,70.707,70.707,1.19842,59,,,,,
1,55741749,s34,t1,UTA,applied,0,1,0,1.068,,,0,,0,4,,keep
1,55741749,s35,t1,UTA,applied,1,1,1,18.536,18.536,0.04802,386,2,1,5,1,keep
1,55741749,s36,t1,UTA,applied,0,1,0,1.307,,,0,,0,4,,keep
1,55741749,s37,t1,UTA,applied,0,1,0,1.14,,,0,3,0,4,,keep
1,55741749,s38,t1,UTA,applied,0,1,0,1.15,,,0,,0,4,,keep
1,55741749,s39,t1,UTA,applied,1,0,0,0.946,0.946,0.0394,24,,,,,
1,55741749,s40,t1,UTA,applied,0,1,0,5.572,,,0,,0,4,,keep
1,55741749,s41,t1,UTA,applied,0,0,0,1.207,,,0,4,,,,
1,55741749,s42,t1,UTA,applied,1,0,0,0.806,0.806,0.00876,92,3,,,,
1,55741749,s43,t1,UTA,applied,0,1,0,3.409,,,0,,0,3,,keep
1,55741749,s45,t1,UTA,applied,0,0,0,0.686,,,0,,,,,
1,55741749,s46,t1,UTA,applied,0,1,0,5.362,,,0,,0,4,,keep
1,55741749,s47,t1,UTA,applied,0,1,0,1.19,,,0,,0,4,,keep
1,55741749,s48,t1,UTA,applied,0,0,0,0.899,,,0,,,,,
1,55741749,s49,t1,UTA,applied,0,1,0,1.084,,,0,,0,3,,keep
1,55741749,s50,t1,UTA,applied,1,0,1,45.329,45.329,1.07926,42,4,,,,
1,55741749,s51,t1,UTA,applied,0,0,0,1.517,,,0,,,,,
1,55741749,s52,t1,UTA,applied,1,1,0,44.339,44.339,0.47169,94,,0,3,0.1558441558,keep
1,55741749,s53,t1,UTA,applied,1,0,0,1.076,1.076,0.0117,92,,,,,
1,55741749,s54,t1,UTA,applied,0,0,0,1.738,,,0,,,,,
1,55741749,s55,t1,UTA,applied,0,1,0,1.658,,,0,,0,4,,keep
1,55741749,s56,t1,UTA,applied,0,0,0,0.785,,,0,,,,,
1,55741749,s57,t1,UTA,applied,0,0,0,0.743,,,0,,,,,
1,55741749,s58,t1,UTA,applied,0,0,0,1.188,,,0,5,,,,
1,55741749,s59,t1,UTA,applied,0,1,0,1.888,,,0,,0,4,,keep
1,55741749,s60,t1,UTA,applied,1,0,0,1.157,,,0,4,,,,
1,55741749,s61,t1,UTA,applied,1,0,1,0.901,0.901,0.01048,86,5,,,,
1,55741749,s62,t1,UTA,applied,1,1,0,47.228,,,0,,0,5,,decrease
1,55741749,s63,t1,UTA,applied,0,0,0,0.7,,,0,,,,,
1,55741749,s64,t1,UTA,applied,1,0,0,1.048,1.048,0.01379,76,,,,,
1,55741749,s65,t1,UTA,applied,0,0,0,1.165,,,0,,,,,
1,55741749,s66,t1,UTA,applied,1,1,0,5.709,5.709,0.06205,92,,0,3,0.07547169811,keep
1,55741749,s67,t1,UTA,applied,0,0,0,0.706,,,0,,,,,
1,55741749,s68,t1,UTA,applied,0,1,0,6.273,,,0,,0,2,,keep
1,55741749,s69,t1,UTA,applied,0,1,0,1.226,,,0,,0,4,,keep
1,55741749,s70,t1,UTA,applied,0,0,0,0.81,,,0,,,,,
1,55741749,s71,t1,UTA,applied,0,1,0,11.016,,,0,,0,4,,keep
1,55741749,s72,t1,UTA,applied,0,0,0,0.703,,,0,2,,,,
1,55741749,s73,t1,UTA,applied,0,0,0,0.754,,,0,3,,,,
1,55741749,s74,t1,UTA,applied,0,1,0,0.933,,,0,,0,3,,keep
1,55741749,s75,t1,UTA,applied,0,0,0,1.23,,,0,4,,,,
1,55741749,s76,t1,UTA,applied,0,0,0,0.775,,,0,,,,,
1,55741749,s77,t1,UTA,applied,1,1,0,8.826,8.826,0.17306,51,4,0,4,0.1818181818,keep
1,55741749,s78,t1,UTA,applied,0,0,0,28.842,,,0,,,,,
1,55741749,s79,t1,UTA,applied,0,1,0,3.052,,,0,,0,4,,keep
1,55741749,s80,t1,UTA,applied,0,1,0,3.206,,,0,,0,4,,keep
1,55741749,s82,t1,UTA,applied,0,0,0,0.731,,,0,,,,,
1,55741749,s83,t1,UTA,applied,0,1,0,1,,,0,3,0,4,,keep
1,55741749,s85,t1,UTA,applied,1,1,0,27.942,27.942,0.14863,188,4,0,4,0.8631578947,keep
1,55741749,s86,t1,UTA,applied,0,1,0,13.285,,,0,,0,3,,keep
1,55741749,s87,t1,UTA,applied,1,0,1,383.364,383.364,5.47663,70,,,,,
1,55741749,s88,t1,UTA,applied,0,0,0,0.709,,,0,,,,,
1,55741750,s1,t11,GTA,conceptual,0,0,0,1.423,,,0,,,,,
1,55741750,s2,t11,GTA,conceptual,0,0,0,1.025,,,0,,,,,
1,55741750,s3,t11,GTA,conceptual,1,0,0,1.775,,,0,,,,,
1,55741750,s4,t11,GTA,conceptual,0,0,0,0.994,,,0,,,,,
1,55741750,s5,t11,GTA,conceptual,0,1,0,1.718,,,0,4,0,2,,keep
1,55741750,s6,t11,GTA,conceptual,0,0,0,0.815,,,0,,,,,
1,55741750,s7,t11,GTA,conceptual,1,1,1,9.716,9.716,0.1905,51,,0,2,0.2162162162,keep
1,55741750,s8,t11,GTA,conceptual,0,1,0,14.387,,,0,,0,3,,keep
1,55741750,s9,t11,GTA,conceptual,0,1,1,5.672,5.672,0.07665,74,,0,3,0.2258064516,keep
1,55741750,s10,t11,GTA,conceptual,1,1,1,12.119,12.119,0.33664,36,4,0,2,0.1568627451,keep
1,55741750,s11,t11,GTA,conceptual,0,0,0,1.31,,,0,,,,,
1,55741750,s12,t11,GTA,conceptual,0,0,0,737.337,,,0,,,,,
1,55741750,s13,t11,GTA,conceptual,0,0,0,1.761,,,0,,,,,
1,55741750,s15,t11,GTA,conceptual,0,0,0,1.077,,,0,3,,,,
1,55741750,s16,t11,GTA,conceptual,1,0,1,8.898,8.898,0.10985,81,,,,,
1,55741750,s17,t11,GTA,conceptual,0,1,0,1.422,,,0,,0,3,,keep
1,55741750,s18,t11,GTA,conceptual,1,0,0,0.781,,,0,,,,,
1,55741750,s19,t11,GTA,conceptual,0,1,0,17.226,,,0,4,0,3,,keep
1,55741750,s20,t11,GTA,conceptual,1,0,0,1.176,,,0,4,,,,
1,55741750,s21,t11,GTA,conceptual,0,1,0,1.028,,,0,,0,3,,keep
1,55741750,s22,t11,GTA,conceptual,0,1,0,45.711,,,0,,0,1,,keep
1,55741750,s23,t11,GTA,conceptual,0,1,0,9.171,9.171,0.11322,81,3,0,4,0.2,keep
1,55741750,s24,t11,GTA,conceptual,0,1,0,37.411,,,0,,0,2,,keep
1,55741750,s25,t11,GTA,conceptual,0,0,0,0.785,,,0,,,,,
1,55741750,s26,t11,GTA,conceptual,0,0,0,1.358,,,0,,,,,
1,55741750,s27,t11,GTA,conceptual,0,0,0,0.914,,,0,,,,,
1,55741750,s28,t11,GTA,conceptual,0,1,0,1.346,,,0,,0,3,,keep
1,55741750,s29,t11,GTA,conceptual,1,0,1,1.142,1.142,0.0233,49,4,,,,
1,55741750,s30,t11,GTA,conceptual,0,0,0,2.271,,,0,,,,,
1,55741750,s31,t11,GTA,conceptual,0,0,0,0.894,,,0,4,,,,
1,55741750,s32,t11,GTA,conceptual,0,1,0,2.121,,,0,3,0,3,,keep
1,55741750,s33,t11,GTA,conceptual,0,1,0,1.195,,,0,,0,3,,keep
1,55741750,s34,t11,GTA,conceptual,0,0,0,0.857,,,0,,,,,
1,55741750,s35,t11,GTA,conceptual,0,0,0,1.233,,,0,,,,,
1,55741750,s36,t11,GTA,conceptual,0,0,0,0.949,,,0,,,,,
1,55741750,s37,t11,GTA,conceptual,0,0,0,0.933,,,0,5,,,,
1,55741750,s38,t11,GTA,conceptual,1,0,0,1.054,,,0,4,,,,
1,55741750,s39,t11,GTA,conceptual,1,1,0,4.62,,,0,,0,3,,keep
1,55741750,s40,t11,GTA,conceptual,0,0,1,0.955,0.955,0.01566,61,,,,,
1,55741750,s41,t11,GTA,conceptual,1,1,1,21.652,21.652,0.090594,239,5,1,5,1,keep
1,55741750,s42,t11,GTA,conceptual,0,1,0,14.932,,,0,3,0,3,,keep
1,55741750,s43,t11,GTA,conceptual,0,0,0,2.094,,,0,,,,,
1,55741750,s45,t11,GTA,conceptual,0,1,1,70.984,70.984,0.71701,99,,1,2,0.5833333333,keep
1,55741750,s46,t11,GTA,conceptual,0,0,0,1.35,,,0,,,,,
1,55741750,s47,t11,GTA,conceptual,1,0,0,0.953,,,0,,,,,
1,55741750,s48,t11,GTA,conceptual,0,1,0,3.907,,,0,,0,3,,keep
1,55741750,s49,t11,GTA,conceptual,0,0,0,0.961,,,0,,,,,
1,55741750,s50,t11,GTA,conceptual,0,1,1,29.547,29.547,0.14274,207,,1,5,1,keep
1,55741750,s51,t11,GTA,conceptual,0,1,0,1.83,,,0,,0,2,,keep
1,55741750,s52,t11,GTA,conceptual,1,0,0,1.303,,,0,,,,,
1,55741750,s53,t11,GTA,conceptual,0,1,0,1.964,,,0,,0,3,,keep
1,55741750,s54,t11,GTA,conceptual,0,1,1,92.064,92.064,0.226759,406,,1,5,1,keep
1,55741750,s55,t11,GTA,conceptual,0,0,0,4.278,,,0,,,,,
1,55741750,s56,t11,GTA,conceptual,0,1,0,1.331,,,0,,0,3,,keep
1,55741750,s57,t11,GTA,conceptual,1,1,1,9.911,9.911,0.031868,311,,1,5,1,keep
1,55741750,s58,t11,GTA,conceptual,0,1,0,1.865,,,0,5,0,3,,keep
1,55741750,s59,t11,GTA,conceptual,0,0,0,1.301,,,0,,,,,
1,55741750,s60,t11,GTA,conceptual,0,1,0,40.689,,,0,4,0,2,,keep
1,55741750,s61,t11,GTA,conceptual,0,1,1,1.62,1.62,0.0047,345,5,1,5,1,keep
1,55741750,s62,t11,GTA,conceptual,0,0,0,0.881,,,0,,,,,
1,55741750,s63,t11,GTA,conceptual,0,1,0,2.129,,,0,,0,3,,keep
1,55741750,s64,t11,GTA,conceptual,1,1,1,29.734,29.734,0.073417,405,,1,5,1,keep
1,55741750,s65,t11,GTA,conceptual,0,1,0,1.008,,,0,,0,3,,keep
1,55741750,s66,t11,GTA,conceptual,0,0,0,0.744,,,0,,,,,
1,55741750,s67,t11,GTA,conceptual,0,1,0,4.244,,,0,,0,2,,keep
1,55741750,s68,t11,GTA,conceptual,0,0,0,0.818,,,0,,,,,
1,55741750,s69,t11,GTA,conceptual,0,0,0,1.863,,,0,,,,,
1,55741750,s70,t11,GTA,conceptual,0,1,0,1.402,,,0,,0,2,,keep
1,55741750,s71,t11,GTA,conceptual,1,0,0,2.097,,,0,,,,,
1,55741750,s72,t11,GTA,conceptual,0,1,0,0.997,,,0,2,0,3,,keep
1,55741750,s73,t11,GTA,conceptual,0,1,0,1.962,,,0,3,0,2,,keep
1,55741750,s74,t11,GTA,conceptual,0,0,0,0.84,,,0,,,,,
1,55741750,s75,t11,GTA,conceptual,0,1,0,1.114,,,0,4,0,3,,keep
1,55741750,s76,t11,GTA,conceptual,0,1,0,3.289,,,0,,0,3,,keep
1,55741750,s77,t11,GTA,conceptual,0,0,0,1.186,,,0,,,,,
1,55741750,s78,t11,GTA,conceptual,0,1,1,58.126,58.126,0.50544,115,,1,2,0.602739726,keep
1,55741750,s79,t11,GTA,conceptual,0,0,0,1.262,,,0,,,,,
1,55741750,s80,t11,GTA,conceptual,1,0,0,1.161,,,0,,,,,
1,55741750,s81,t11,GTA,conceptual,0,1,0,2.073,,,0,,0,2,,keep
1,55741750,s82,t11,GTA,conceptual,1,1,1,1.528,1.528,0.02093,73,,0,2,0.1403508772,keep
1,55741750,s83,t11,GTA,conceptual,0,0,0,1.366,,,0,3,,,,
1,55741750,s84,t11,GTA,conceptual,1,1,1,36.416,36.416,0.070166,519,4,1,5,0.7607361963,keep
1,55741750,s85,t11,GTA,conceptual,0,0,0,0.763,,,0,4,,,,
1,55741750,s86,t11,GTA,conceptual,0,0,0,1.399,,,0,,,,,
1,55741750,s87,t11,GTA,conceptual,0,1,1,170.794,170.794,0.377029,453,,1,5,1,keep
1,55741750,s88,t11,GTA,conceptual,1,1,1,21.852,21.852,0.073576,297,,1,5,1,keep
1,55741751,s1,t5,GTA,conceptual,1,1,1,24.996,24.996,0.092578,270,,1,4,0.6714285714,keep
1,55741751,s2,t5,GTA,conceptual,1,1,1,13.736,13.736,0.098114,140,,1,5,0.5585585586,keep
1,55741751,s3,t5,GTA,conceptual,1,1,0,2.926,,,0,,0,4,,keep
1,55741751,s4,t5,GTA,conceptual,1,1,1,23.542,23.542,0.042649,552,,1,5,1,keep
1,55741751,s5,t5,GTA,conceptual,1,0,1,1.821,1.821,0.02305,79,4,,,,
1,55741751,s6,t5,GTA,conceptual,0,1,0,2.966,,,0,,0,4,,keep
1,55741751,s7,t5,GTA,conceptual,1,0,1,6.002,6.002,0.10718,56,,,,,
1,55741751,s8,t5,GTA,conceptual,1,0,0,1.741,,,0,,,,,
1,55741751,s9,t5,GTA,conceptual,1,0,1,1.7,1.7,0.012,140,,,,,
1,55741751,s10,t5,GTA,conceptual,1,0,1,63.846,63.846,0.80818,79,2,,,,
1,55741751,s11,t5,GTA,conceptual,0,1,0,2.962,,,0,,0,4,,keep
1,55741751,s12,t5,GTA,conceptual,1,1,1,37.383,37.383,0.140538,266,,1,5,1,keep
1,55741751,s13,t5,GTA,conceptual,0,1,0,44.788,,,0,,0,2,,keep
1,55741751,s15,t5,GTA,conceptual,1,1,1,55.816,55.816,0.121076,461,3,1,4,0.8044692737,keep
1,55741751,s16,t5,GTA,conceptual,1,1,1,18.876,18.876,0.054398,347,,1,5,0.6666666667,keep
1,55741751,s17,t5,GTA,conceptual,1,0,0,1.656,,,0,3,,,,
1,55741751,s18,t5,GTA,conceptual,0,1,1,47.778,47.778,0.259663,184,,1,4,0.6304347826,keep
1,55741751,s19,t5,GTA,conceptual,1,0,1,2.392,2.392,0.02545,94,4,,,,
1,55741751,s20,t5,GTA,conceptual,1,1,1,22.356,22.356,0.051393,435,4,1,5,1,keep
1,55741751,s21,t5,GTA,conceptual,1,0,0,1.85,,,0,4,,,,
1,55741751,s22,t5,GTA,conceptual,0,0,0,1.93,,,0,,,,,
1,55741751,s23,t5,GTA,conceptual,0,0,0,2.405,,,0,3,,,,
1,55741751,s24,t5,GTA,conceptual,1,0,1,1.311,1.311,0.0166,79,,,,,
1,55741751,s26,t5,GTA,conceptual,1,1,1,16.425,16.425,0.033727,487,2,1,5,1,keep
1,55741751,s27,t5,GTA,conceptual,0,1,0,3.009,,,0,4,0,3,,keep
1,55741751,s28,t5,GTA,conceptual,1,0,1,1.345,1.345,0.0166,81,,,,,
1,55741751,s30,t5,GTA,conceptual,1,1,1,14.597,14.597,0.02616,558,4,1,5,1,keep
1,55741751,s31,t5,GTA,conceptual,1,1,0,33.206,,,0,4,0,1,,keep
1,55741751,s32,t5,GTA,conceptual,1,0,0,1.327,,,0,4,,,,
1,55741751,s33,t5,GTA,conceptual,1,0,0,3.663,,,0,,,,,
1,55741751,s34,t5,GTA,conceptual,1,1,0,10.238,10.238,0.1264,81,3,0,4,0.1111111111,keep
1,55741751,s35,t5,GTA,conceptual,1,1,1,10.701,10.701,0.018199,588,1,1,5,1,decrease
1,55741751,s36,t5,GTA,conceptual,1,1,1,20.028,20.028,0.10486,191,2,1,5,0.724137931,decrease
1,55741751,s37,t5,GTA,conceptual,0,1,0,4.052,,,0,3,0,4,,keep
1,55741751,s38,t5,GTA,conceptual,1,1,1,8.364,8.364,0.01968,425,5,1,5,1,keep
1,55741751,s39,t5,GTA,conceptual,1,0,1,2.505,2.505,0.012463,201,,,,,
1,55741751,s40,t5,GTA,conceptual,0,1,0,2.225,,,0,,0,4,,keep
1,55741751,s41,t5,GTA,conceptual,1,0,0,1.738,,,0,4,,,,
1,55741751,s42,t5,GTA,conceptual,1,0,1,5.755,5.755,0.07105,81,5,,,,
1,55741751,s43,t5,GTA,conceptual,1,1,0,13.277,,,0,,0,2,,keep
1,55741751,s45,t5,GTA,conceptual,0,0,0,3.458,,,0,,,,,
1,55741751,s46,t5,GTA,conceptual,0,1,0,30.038,,,0,,0,1,,keep
1,55741751,s47,t5,GTA,conceptual,0,1,0,4.36,,,0,,0,3,,keep
1,55741751,s48,t5,GTA,conceptual,0,0,0,3.389,,,0,,,,,
1,55741751,s49,t5,GTA,conceptual,1,1,0,7.681,,,0,,0,3,,keep
1,55741751,s50,t5,GTA,conceptual,0,0,0,1.164,,,0,,,,,
1,55741751,s51,t5,GTA,conceptual,1,0,1,18.773,18.773,0.23177,81,4,,,,
1,55741751,s52,t5,GTA,conceptual,1,1,1,6.359,6.359,0.04542,140,,0,3,0.2716049383,keep
1,55741751,s53,t5,GTA,conceptual,1,0,0,1.948,,,0,,,,,
1,55741751,s54,t5,GTA,conceptual,0,0,0,1.816,,,0,,,,,
1,55741751,s55,t5,GTA,conceptual,0,1,0,2.466,,,0,,0,4,,keep
1,55741751,s56,t5,GTA,conceptual,1,0,0,1.476,,,0,,,,,
1,55741751,s57,t5,GTA,conceptual,1,0,1,1.32,1.32,0.0167,79,,,,,
1,55741751,s58,t5,GTA,conceptual,0,0,0,1.383,,,0,5,,,,
1,55741751,s59,t5,GTA,conceptual,1,1,1,75.772,75.772,0.355737,213,3,1,5,0.6821705426,keep
1,55741751,s60,t5,GTA,conceptual,0,0,0,1.97,,,0,4,,,,
1,55741751,s61,t5,GTA,conceptual,0,0,0,4.182,,,0,,,,,
1,55741751,s62,t5,GTA,conceptual,0,1,0,12.823,,,0,,0,3,,keep
1,55741751,s63,t5,GTA,conceptual,0,0,0,1.498,,,0,,,,,
1,55741751,s64,t5,GTA,conceptual,1,0,0,10.467,,,0,,,,,
1,55741751,s65,t5,GTA,conceptual,1,0,0,0.972,,,0,,,,,
1,55741751,s66,t5,GTA,conceptual,1,1,1,26.981,26.981,0.23462,115,,1,4,0.2711864407,keep
1,55741751,s67,t5,GTA,conceptual,1,0,0,1.415,,,0,,,,,
1,55741751,s68,t5,GTA,conceptual,1,1,1,6.454,6.454,0.07968,81,,0,3,0.2526315789,keep
1,55741751,s69,t5,GTA,conceptual,0,1,0,1.648,,,0,,0,4,,keep
1,55741751,s70,t5,GTA,conceptual,1,0,1,1.28,1.28,0.00914,140,3,,,,
1,55741751,s71,t5,GTA,conceptual,1,1,1,10.979,10.979,0.02808,391,,1,5,1,keep
1,55741751,s72,t5,GTA,conceptual,0,0,0,1.968,,,0,2,,,,
1,55741751,s73,t5,GTA,conceptual,1,0,1,1.461,1.461,0.02609,56,3,,,,
1,55741751,s74,t5,GTA,conceptual,1,1,1,11.963,11.963,0.02932,408,,1,4,1,keep
1,55741751,s75,t5,GTA,conceptual,1,0,1,1.084,1.084,0.01338,81,4,,,,
1,55741751,s76,t5,GTA,conceptual,1,0,1,29.333,29.333,0.31205,94,,,,,
1,55741751,s77,t5,GTA,conceptual,1,1,1,35.164,35.164,0.0745,472,4,1,4,1,keep
1,55741751,s78,t5,GTA,conceptual,0,0,0,4.045,,,0,,,,,
1,55741751,s79,t5,GTA,conceptual,1,1,1,12.875,12.875,0.060164,214,4,1,5,0.5625,keep
1,55741751,s80,t5,GTA,conceptual,1,1,0,4.155,,,0,,0,3,,keep
1,55741751,s81,t5,GTA,conceptual,0,0,0,2.203,,,0,,,,,
1,55741751,s82,t5,GTA,conceptual,0,0,0,1.28,,,0,,,,,
1,55741751,s83,t5,GTA,conceptual,1,1,1,13.022,13.022,0.02973,438,3,1,5,1,keep
1,55741751,s84,t5,GTA,conceptual,0,0,1,9.671,9.671,0.28444,34,4,,,,
1,55741751,s85,t5,GTA,conceptual,1,1,1,10.665,10.665,0.04318,247,4,1,5,0.9272727273,keep
1,55741751,s86,t5,GTA,conceptual,0,1,1,25.07,25.07,0.5223,48,,0,3,0.07272727273,keep
1,55741751,s87,t5,GTA,conceptual,1,0,1,3.865,3.865,0.02821,137,,,,,
1,55741751,s88,t5,GTA,conceptual,0,0,0,1.881,,,0,,,,,
1,55741752,s1,t2,UTA,conceptual,1,0,1,,,,253,,,,,
1,55741752,s2,t2,UTA,conceptual,1,0,1,,,,397,3,,,,
1,55741752,s3,t2,UTA,conceptual,1,0,1,,,,356,2,,,,
1,55741752,s4,t2,UTA,conceptual,1,0,1,,,,504,,,,,
1,55741752,s5,t2,UTA,conceptual,1,1,1,,,,280,4,0,2,0.4255319149,keep
1,55741752,s6,t2,UTA,conceptual,1,0,1,,,,280,,,,,
1,55741752,s7,t2,UTA,conceptual,1,1,1,,,,280,,0,4,0.42,keep
1,55741752,s8,t2,UTA,conceptual,1,1,1,,,,280,3,0,4,0.38,keep
1,55741752,s9,t2,UTA,conceptual,0,1,1,,,,171,,0,2,0.4473684211,decrease
1,55741752,s10,t2,UTA,conceptual,1,1,1,,,,253,4,0,2,0.38,keep
1,55741752,s11,t2,UTA,conceptual,1,0,1,,,,280,,,,,
1,55741752,s12,t2,UTA,conceptual,1,0,1,,,,280,,,,,
1,55741752,s13,t2,UTA,conceptual,0,0,1,,,,117,,,,,
1,55741752,s15,t2,UTA,conceptual,1,0,1,,,,280,3,,,,
1,55741752,s16,t2,UTA,conceptual,1,0,1,,,,523,,,,,
1,55741752,s17,t2,UTA,conceptual,1,1,1,,,,280,3,0,4,0.328125,keep
1,55741752,s18,t2,UTA,conceptual,1,0,1,,,,280,,,,,
1,55741752,s19,t2,UTA,conceptual,1,1,1,,,,316,4,1,5,0.9075630252,decrease
1,55741752,s20,t2,UTA,conceptual,1,0,0,,,,0,4,,,,
1,55741752,s21,t2,UTA,conceptual,1,1,1,,,,280,4,0,3,0.2631578947,decrease
1,55741752,s22,t2,UTA,conceptual,1,1,1,,,,280,4,0,1,0.3703703704,keep
1,55741752,s23,t2,UTA,conceptual,1,1,1,,,,280,3,0,4,0.4175824176,keep
1,55741752,s24,t2,UTA,conceptual,1,1,1,,,,280,,0,4,,keep
1,55741752,s25,t2,UTA,conceptual,0,0,1,,,,117,,,,,
1,55741752,s26,t2,UTA,conceptual,1,0,1,,,,280,3,,,,
1,55741752,s27,t2,UTA,conceptual,1,0,1,,,,280,,,,,
1,55741752,s28,t2,UTA,conceptual,1,1,1,,,,253,,0,3,0.3578947368,keep
1,55741752,s29,t2,UTA,conceptual,1,0,1,,,,171,3,,,,
1,55741752,s30,t2,UTA,conceptual,1,0,1,,,,280,4,,,,
1,55741752,s31,t2,UTA,conceptual,1,0,1,,,,280,4,,,,
1,55741752,s32,t2,UTA,conceptual,1,1,1,,,,280,4,0,4,0.4897959184,keep
1,55741752,s33,t2,UTA,conceptual,1,1,1,,,,336,,1,5,0.656,keep
1,55741752,s34,t2,UTA,conceptual,1,0,1,,,,280,5,,,,
1,55741752,s36,t2,UTA,conceptual,0,0,1,,,,117,3,,,,
1,55741752,s37,t2,UTA,conceptual,1,0,1,,,,280,3,,,,
1,55741752,s38,t2,UTA,conceptual,1,0,1,,,,429,4,,,,
1,55741752,s39,t2,UTA,conceptual,1,1,1,,,,441,,1,5,0.9837837838,decrease
1,55741752,s40,t2,UTA,conceptual,0,0,1,,,,117,,,,,
1,55741752,s41,t2,UTA,conceptual,1,1,1,,,,334,4,0,4,0.3220338983,keep
1,55741752,s42,t2,UTA,conceptual,1,1,1,,,,666,5,1,5,0.6301369863,keep
1,55741752,s43,t2,UTA,conceptual,1,0,1,,,,280,4,,,,
1,55741752,s45,t2,UTA,conceptual,1,1,1,,,,280,,0,4,0.4375,keep
1,55741752,s46,t2,UTA,conceptual,0,0,1,,,,117,,,,,
1,55741752,s47,t2,UTA,conceptual,1,0,1,,,,566,3,,,,
1,55741752,s48,t2,UTA,conceptual,1,1,1,,,,280,4,0,2,0.4,keep
1,55741752,s49,t2,UTA,conceptual,0,0,1,,,,117,4,,,,
1,55741752,s50,t2,UTA,conceptual,1,1,1,,,,199,2,0,1,0.3551401869,keep
1,55741752,s51,t2,UTA,conceptual,1,1,1,,,,280,4,0,4,0.4356435644,keep
1,55741752,s52,t2,UTA,conceptual,1,0,1,,,,308,,,,,
1,55741752,s53,t2,UTA,conceptual,1,1,1,,,,280,,0,4,0.406779661,keep
1,55741752,s54,t2,UTA,conceptual,1,1,1,,,,523,3,1,5,0.8342857143,keep
1,55741752,s55,t2,UTA,conceptual,1,0,1,,,,280,,,,,
1,55741752,s56,t2,UTA,conceptual,1,1,1,,,,378,,0,4,0.3859649123,keep
1,55741752,s57,t2,UTA,conceptual,1,1,1,,,,347,,1,5,0.8615384615,decrease
1,55741752,s58,t2,UTA,conceptual,0,1,1,,,,117,5,0,4,0.2307692308,keep
1,55741752,s59,t2,UTA,conceptual,1,0,1,,,,280,4,,,,
1,55741752,s60,t2,UTA,conceptual,1,1,1,,,,280,4,0,1,0.3146067416,keep
1,55741752,s61,t2,UTA,conceptual,0,1,1,,,,117,3,0,4,0.406779661,keep
1,55741752,s62,t2,UTA,conceptual,1,0,1,,,,280,,,,,
1,55741752,s63,t2,UTA,conceptual,1,1,1,,,,280,,0,2,0.3863636364,keep
1,55741752,s64,t2,UTA,conceptual,1,1,1,,,,0,,0,1,,keep
1,55741752,s65,t2,UTA,conceptual,1,1,1,,,,280,4,0,3,0.396039604,keep
1,55741752,s66,t2,UTA,conceptual,1,0,1,,,,280,,,,,
1,55741752,s67,t2,UTA,conceptual,0,1,1,,,,117,,0,3,0.3333333333,decrease
1,55741752,s68,t2,UTA,conceptual,1,0,1,,,,280,,,,,
1,55741752,s69,t2,UTA,conceptual,1,0,1,,,,280,3,,,,
1,55741752,s70,t2,UTA,conceptual,1,1,1,,,,280,2,0,1,0.4186046512,keep
1,55741752,s71,t2,UTA,conceptual,1,0,1,,,,471,,,,,
1,55741752,s72,t2,UTA,conceptual,0,1,1,,,,117,1,0,3,0.3333333333,keep
1,55741752,s73,t2,UTA,conceptual,1,1,1,,,,280,3,0,1,0.358974359,keep
1,55741752,s74,t2,UTA,conceptual,1,0,1,,,,280,,,,,
1,55741752,s75,t2,UTA,conceptual,1,1,1,,,,253,4,0,1,0.2784810127,keep
1,55741752,s76,t2,UTA,conceptual,1,1,1,,,,388,,0,3,0.3275862069,keep
1,55741752,s77,t2,UTA,conceptual,1,0,1,,,,280,4,,,,
1,55741752,s78,t2,UTA,conceptual,1,1,1,,,,429,,0,4,0.2794117647,keep
1,55741752,s79,t2,UTA,conceptual,1,0,1,,,,280,4,,,,
1,55741752,s80,t2,UTA,conceptual,1,0,0,,,,0,,,,,
1,55741752,s81,t2,UTA,conceptual,0,1,1,,,,117,4,0,2,0.2909090909,keep
1,55741752,s82,t2,UTA,conceptual,1,1,1,,,,371,,1,4,0.8556149733,decrease
1,55741752,s83,t2,UTA,conceptual,1,0,1,,,,280,3,,,,
1,55741752,s84,t2,UTA,conceptual,1,1,1,,,,280,4,0,2,0.3764705882,keep
1,55741752,s85,t2,UTA,conceptual,0,0,1,,,,117,4,,,,
1,55741752,s86,t2,UTA,conceptual,1,0,1,,,,280,4,,,,
1,55741752,s87,t2,UTA,conceptual,1,1,1,,,,221,,0,1,0.2278481013,keep
1,55741752,s88,t2,UTA,conceptual,1,1,1,,,,280,,0,5,0.4201680672,decrease
1,55741755,s1,t10,GTA,conceptual,0,1,0,2.019,,,0,,0,3,,keep
1,55741755,s3,t10,GTA,conceptual,0,1,0,2.455,,,0,,0,3,,keep
1,55741755,s5,t10,GTA,conceptual,0,0,0,1.263,,,0,4,,,,
1,55741755,s6,t10,GTA,conceptual,0,1,0,2.78,,,0,,0,3,,keep
1,55741755,s9,t10,GTA,conceptual,0,0,0,2.019,,,0,,,,,
1,55741755,s12,t10,GTA,conceptual,0,1,0,86.378,,,0,,0,3,,keep
1,55741755,s13,t10,GTA,conceptual,0,1,0,6.242,,,0,,0,3,,keep
1,55741755,s17,t10,GTA,conceptual,0,0,0,1.65,,,0,,,,,
1,55741755,s18,t10,GTA,conceptual,0,1,0,19.51,,,0,,0,3,,keep
1,55741755,s25,t10,GTA,conceptual,0,1,0,2.662,,,0,,0,3,,keep
1,55741755,s26,t10,GTA,conceptual,0,1,0,1.782,,,0,,0,3,,keep
1,55741755,s28,t10,GTA,conceptual,1,0,1,8.284,8.284,0.34517,24,,,,,
1,55741755,s29,t10,GTA,conceptual,0,1,0,59.028,,,0,,0,3,,keep
1,55741755,s30,t10,GTA,conceptual,0,1,0,5.4,,,0,,0,3,,keep
1,55741755,s32,t10,GTA,conceptual,0,0,0,2.546,,,0,3,,,,
1,55741755,s33,t10,GTA,conceptual,0,0,0,1.958,,,0,,,,,
1,55741755,s35,t10,GTA,conceptual,0,1,1,10.837,10.837,0.06608,164,3,1,3,1,keep
1,55741755,s36,t10,GTA,conceptual,0,1,0,8.737,,,0,,0,3,,keep
1,55741755,s37,t10,GTA,conceptual,0,1,1,8.328,8.328,0.04705,177,3,1,3,1,keep
1,55741755,s41,t10,GTA,conceptual,0,0,0,1.771,,,0,4,,,,
1,55741755,s43,t10,GTA,conceptual,0,1,1,13.955,13.955,0.07753,180,3,1,3,1,keep
1,55741755,s45,t10,GTA,conceptual,0,0,0,2.747,,,0,,,,,
1,55741755,s47,t10,GTA,conceptual,0,1,0,6.848,,,0,,0,3,,keep
1,55741755,s49,t10,GTA,conceptual,0,1,0,5.625,,,0,,0,3,,keep
1,55741755,s51,t10,GTA,conceptual,0,0,0,1.798,,,0,,,,,
1,55741755,s52,t10,GTA,conceptual,1,1,1,8.499,8.499,0.024706,344,,1,4,1,keep
1,55741755,s53,t10,GTA,conceptual,0,0,0,1.617,,,0,,,,,
1,55741755,s54,t10,GTA,conceptual,0,0,0,1.694,,,0,,,,,
1,55741755,s55,t10,GTA,conceptual,0,1,1,11.725,11.725,0.046528,252,,1,3,1,keep
1,55741755,s56,t10,GTA,conceptual,0,0,0,29.244,,,0,,,,,
1,55741755,s57,t10,GTA,conceptual,1,0,1,17.394,17.394,0.69576,25,,,,,
1,55741755,s59,t10,GTA,conceptual,0,1,0,8.519,,,0,,0,3,,keep
1,55741755,s60,t10,GTA,conceptual,0,0,0,1.979,,,0,4,,,,
1,55741755,s62,t10,GTA,conceptual,0,1,0,3.16,,,0,,0,3,,keep
1,55741755,s63,t10,GTA,conceptual,0,0,0,1.522,,,0,,,,,
1,55741755,s64,t10,GTA,conceptual,0,0,0,35.718,,,0,,,,,
1,55741755,s65,t10,GTA,conceptual,0,0,0,1.852,,,0,,,,,
1,55741755,s66,t10,GTA,conceptual,0,1,0,1.945,,,0,,0,3,,keep
1,55741755,s68,t10,GTA,conceptual,1,1,1,19.039,19.039,0.04678,407,,1,4,1,keep
1,55741755,s72,t10,GTA,conceptual,0,0,0,1.499,,,0,3,,,,
1,55741755,s73,t10,GTA,conceptual,0,0,0,1.94,,,0,3,,,,
1,55741755,s77,t10,GTA,conceptual,0,1,1,11.237,11.237,0.060414,186,4,1,4,1,keep
1,55741755,s78,t10,GTA,conceptual,0,0,0,1.888,,,0,,,,,
1,55741755,s79,t10,GTA,conceptual,0,1,1,12.369,12.369,0.05028,246,3,1,3,1,keep
1,55741755,s82,t10,GTA,conceptual,0,0,0,1.585,,,0,,,,,
1,55741755,s86,t10,GTA,conceptual,0,1,0,2.525,,,0,,0,3,,keep
1,55741755,s87,t10,GTA,conceptual,0,0,0,2.017,,,0,,,,,
1,55741756,s1,t6,GTA,conceptual,1,0,1,1.2,1.2,0.0065,185,,,,,
1,55741756,s2,t6,GTA,conceptual,0,0,0,1.227,,,0,,,,,
1,55741756,s3,t6,GTA,conceptual,1,0,1,26.799,26.799,0.15581,172,4,,,,
1,55741756,s4,t6,GTA,conceptual,0,0,0,1.464,,,0,,,,,
1,55741756,s5,t6,GTA,conceptual,0,1,0,3.584,,,0,4,0,3,,keep
1,55741756,s6,t6,GTA,conceptual,0,0,0,1.273,,,0,,,,,
1,55741756,s7,t6,GTA,conceptual,0,1,0,1.985,,,0,,0,3,,keep
1,55741756,s8,t6,GTA,conceptual,0,1,0,2.741,,,0,,0,3,,keep
1,55741756,s9,t6,GTA,conceptual,0,1,0,4.372,,,0,,0,2,,keep
1,55741756,s10,t6,GTA,conceptual,1,1,0,1.862,1.862,0.0104,179,5,0,2,0.2702702703,keep
1,55741756,s11,t6,GTA,conceptual,0,0,0,0.921,,,0,,,,,
1,55741756,s12,t6,GTA,conceptual,0,0,0,1.243,,,0,,,,,
1,55741756,s13,t6,GTA,conceptual,0,0,1,4.371,4.371,0.4857,9,,,,,
1,55741756,s15,t6,GTA,conceptual,1,0,1,2.366,2.366,0.007783,304,3,,,,
1,55741756,s16,t6,GTA,conceptual,0,0,0,1.241,,,0,,,,,
1,55741756,s17,t6,GTA,conceptual,0,1,1,23.756,23.756,0.058512,406,,1,4,1,decrease
1,55741756,s18,t6,GTA,conceptual,0,0,0,1.389,,,0,,,,,
1,55741756,s19,t6,GTA,conceptual,0,1,0,13.325,,,0,4,0,2,,keep
1,55741756,s20,t6,GTA,conceptual,1,0,0,1.238,1.238,0.06516,19,4,,,,
1,55741756,s21,t6,GTA,conceptual,0,1,0,1.839,,,0,,0,3,,keep
1,55741756,s22,t6,GTA,conceptual,0,1,0,5.989,,,0,,0,2,,keep
1,55741756,s23,t6,GTA,conceptual,0,1,0,3.037,,,0,3,0,3,,keep
1,55741756,s24,t6,GTA,conceptual,0,1,1,5.549,5.549,0.024772,224,,1,5,,decrease
1,55741756,s25,t6,GTA,conceptual,0,0,0,1.092,,,0,,,,,
1,55741756,s26,t6,GTA,conceptual,0,0,1,11.438,11.438,1.2709,9,,,,,
1,55741756,s27,t6,GTA,conceptual,0,0,0,1.354,,,0,,,,,
1,55741756,s28,t6,GTA,conceptual,1,1,1,18.695,18.695,0.10562,177,,0,2,0.3125,keep
1,55741756,s29,t6,GTA,conceptual,0,0,0,1.092,,,0,,,,,
1,55741756,s30,t6,GTA,conceptual,0,0,1,4.772,4.772,0.5302,9,2,,,,
1,55741756,s31,t6,GTA,conceptual,0,0,0,2.591,,,0,4,,,,
1,55741756,s32,t6,GTA,conceptual,0,1,0,5.892,,,0,3,0,2,,keep
1,55741756,s33,t6,GTA,conceptual,0,1,0,1.694,,,0,,0,3,,keep
1,55741756,s34,t6,GTA,conceptual,0,0,0,1.09,,,0,,,,,
1,55741756,s35,t6,GTA,conceptual,0,0,1,6.907,6.907,0.7674,9,3,,,,
1,55741756,s36,t6,GTA,conceptual,0,0,0,2.658,,,0,,,,,
1,55741756,s37,t6,GTA,conceptual,0,0,0,1.141,,,0,4,,,,
1,55741756,s38,t6,GTA,conceptual,0,0,0,1.126,,,0,,,,,
1,55741756,s39,t6,GTA,conceptual,0,1,0,3.532,,,0,,0,3,,keep
1,55741756,s40,t6,GTA,conceptual,0,0,0,1.039,,,0,,,,,
1,55741756,s41,t6,GTA,conceptual,1,1,1,1.987,1.987,0.005356,371,5,1,5,0.9130434783,decrease
1,55741756,s42,t6,GTA,conceptual,1,1,1,7.081,7.081,0.038276,185,5,0,3,0.3636363636,keep
1,55741756,s43,t6,GTA,conceptual,0,0,1,5.306,5.306,0.5896,9,3,,,,
1,55741756,s45,t6,GTA,conceptual,0,1,1,8.438,8.438,0.038706,218,,1,4,1,keep
1,55741756,s46,t6,GTA,conceptual,0,0,0,1.625,,,0,,,,,
1,55741756,s47,t6,GTA,conceptual,0,0,0,2.407,,,0,,,,,
1,55741756,s48,t6,GTA,conceptual,1,1,1,3.741,3.741,0.02022,185,5,0,3,0.3294117647,keep
1,55741756,s49,t6,GTA,conceptual,0,0,0,2.666,,,0,,,,,
1,55741756,s50,t6,GTA,conceptual,0,1,0,1.608,,,0,,0,3,,keep
1,55741756,s51,t6,GTA,conceptual,0,1,0,13.738,,,0,,0,3,,keep
1,55741756,s52,t6,GTA,conceptual,1,0,1,1.378,1.378,0.003994,345,,,,,
1,55741756,s53,t6,GTA,conceptual,1,1,1,20.764,20.764,0.06125,339,,1,3,0.9203539823,keep
1,55741756,s54,t6,GTA,conceptual,0,1,1,5.962,5.962,0.04551,131,,1,3,1,keep
1,55741756,s55,t6,GTA,conceptual,0,0,0,1.109,,,0,,,,,
1,55741756,s56,t6,GTA,conceptual,0,1,0,2.393,,,0,,0,2,,keep
1,55741756,s57,t6,GTA,conceptual,1,1,1,58.719,58.719,0.1702,345,,1,4,0.8769230769,keep
1,55741756,s58,t6,GTA,conceptual,0,1,0,3.789,,,0,5,0,2,,keep
1,55741756,s59,t6,GTA,conceptual,0,0,1,4.373,4.373,0.4859,9,,,,,
1,55741756,s60,t6,GTA,conceptual,0,1,1,72.973,72.973,0.44769,163,3,1,3,0.5777777778,keep
1,55741756,s61,t6,GTA,conceptual,0,1,0,3.593,,,0,,0,3,,keep
1,55741756,s62,t6,GTA,conceptual,0,0,0,1.49,,,0,,,,,
1,55741756,s63,t6,GTA,conceptual,0,1,0,3.39,,,0,,0,2,,keep
1,55741756,s64,t6,GTA,conceptual,0,1,0,3.13,,,0,,0,3,,keep
1,55741756,s65,t6,GTA,conceptual,0,1,1,14.495,14.495,0.04544,319,4,1,4,1,keep
1,55741756,s66,t6,GTA,conceptual,0,0,0,1.642,,,0,,,,,
1,55741756,s67,t6,GTA,conceptual,0,1,0,11.523,,,0,,0,1,,keep
1,55741756,s68,t6,GTA,conceptual,0,0,0,1.123,,,0,,,,,
1,55741756,s69,t6,GTA,conceptual,0,0,0,0.897,,,0,,,,,
1,55741756,s70,t6,GTA,conceptual,1,1,1,19.861,19.861,0.059822,332,4,1,4,0.9122807018,keep
1,55741756,s71,t6,GTA,conceptual,0,0,0,2.41,,,0,,,,,
1,55741756,s72,t6,GTA,conceptual,0,1,0,2.29,,,0,3,0,3,,keep
1,55741756,s73,t6,GTA,conceptual,1,1,1,152.199,152.199,0.353951,430,3,1,5,0.4962406015,decrease
1,55741756,s74,t6,GTA,conceptual,0,0,0,1.124,,,0,,,,,
1,55741756,s75,t6,GTA,conceptual,0,1,0,2.259,,,0,4,0,3,,keep
1,55741756,s76,t6,GTA,conceptual,0,1,0,11.625,,,0,,0,1,,keep
1,55741756,s77,t6,GTA,conceptual,0,0,0,1.473,,,0,,,,,
1,55741756,s78,t6,GTA,conceptual,0,1,1,7.33,7.33,0.0616,119,,1,4,1,keep
1,55741756,s79,t6,GTA,conceptual,0,0,0,1.692,,,0,,,,,
1,55741756,s81,t6,GTA,conceptual,0,1,0,5.629,,,0,,0,3,,keep
1,55741756,s83,t6,GTA,conceptual,0,0,0,26.601,,,0,3,,,,
1,55741756,s84,t6,GTA,conceptual,0,1,0,3.589,,,0,4,0,3,,keep
1,55741756,s85,t6,GTA,conceptual,0,0,0,1.058,,,0,,,,,
1,55741756,s86,t6,GTA,conceptual,0,0,1,4.599,4.599,0.511,9,,,,,
1,55741756,s87,t6,GTA,conceptual,0,1,1,9.845,9.845,0.0652,151,,1,5,1,keep
1,55741756,s88,t6,GTA,conceptual,0,1,0,4.942,,,0,,0,3,,keep
1,55741757,s1,t4,UTA,applied,0,1,1,110.02,110.02,1.5071,73,,0,2,0.03921568627,keep
1,55741757,s2,t4,UTA,applied,0,1,1,15.138,15.138,0.058223,260,,0,4,0.9090909091,keep
1,55741757,s3,t4,UTA,applied,0,1,1,5.169,5.169,0.06381,81,3,1,4,0.6296296296,keep
1,55741757,s4,t4,UTA,applied,0,1,1,4.768,4.768,0.5298,9,,0,2,0,keep
1,55741757,s5,t4,UTA,applied,0,0,1,4.382,4.382,0.4869,9,4,,,,
1,55741757,s6,t4,UTA,applied,0,1,1,9.475,9.475,0.24295,39,,0,2,0.08,keep
1,55741757,s7,t4,UTA,applied,0,0,1,5.922,5.922,0.658,9,,,,,
1,55741757,s8,t4,UTA,applied,0,0,1,3.292,3.292,0.3658,9,3,,,,
1,55741757,s9,t4,UTA,applied,0,0,1,4.009,4.009,0.4454,9,,,,,
1,55741757,s10,t4,UTA,applied,1,0,1,18.007,18.007,0.27283,66,5,,,,
1,55741757,s11,t4,UTA,applied,0,1,1,12.496,12.496,0.17118,73,,1,4,0.5777777778,keep
1,55741757,s12,t4,UTA,applied,0,1,1,4.613,4.613,0.031596,146,,1,5,1,keep
1,55741757,s13,t4,UTA,applied,0,1,1,8.687,8.687,0.9652,9,,0,2,0,keep
1,55741757,s15,t4,UTA,applied,0,1,1,7.871,7.871,0.029702,265,3,1,5,1,keep
1,55741757,s16,t4,UTA,applied,0,1,1,6.328,6.328,0.08437,75,,1,4,0.5789473684,keep
1,55741757,s17,t4,UTA,applied,0,0,1,3.438,3.438,0.382,9,,,,,
1,55741757,s18,t4,UTA,applied,0,1,1,15.219,15.219,0.19765,77,,0,2,0.1090909091,keep
1,55741757,s19,t4,UTA,applied,0,0,1,3.954,3.954,0.4393,9,4,,,,
1,55741757,s20,t4,UTA,applied,1,1,1,7.023,7.023,0.02295,306,4,1,5,1,keep
1,55741757,s21,t4,UTA,applied,0,0,1,4.124,4.124,0.4582,9,,,,,
1,55741757,s22,t4,UTA,applied,0,0,1,3.14,3.14,0.349,9,3,,,,
1,55741757,s23,t4,UTA,applied,0,0,1,3.199,3.199,0.3554,9,3,,,,
1,55741757,s24,t4,UTA,applied,0,0,1,3.625,3.625,0.4028,9,,,,,
1,55741757,s25,t4,UTA,applied,0,1,1,37.739,37.739,0.44399,85,,1,5,1,keep
1,55741757,s26,t4,UTA,applied,0,1,1,5.966,5.966,0.6629,9,,0,2,0,keep
1,55741757,s27,t4,UTA,applied,0,1,1,9.884,9.884,0.0706,140,,1,5,1,keep
1,55741757,s28,t4,UTA,applied,0,0,1,2.507,2.507,0.5014,5,,,,,
1,55741757,s29,t4,UTA,applied,0,1,1,6.566,6.566,0.7296,9,,0,2,0,keep
1,55741757,s30,t4,UTA,applied,0,1,1,6.528,6.528,0.04502,145,2,1,5,1,keep
1,55741757,s31,t4,UTA,applied,0,1,1,15.98,15.98,0.07467,214,4,1,4,0.6913580247,keep
1,55741757,s32,t4,UTA,applied,0,0,1,7.331,7.331,1.4662,5,3,,,,
1,55741757,s33,t4,UTA,applied,0,0,1,7.124,7.124,0.20953,34,,,,,
1,55741757,s34,t4,UTA,applied,1,1,1,7.786,7.786,0.036214,215,4,1,5,1,keep
1,55741757,s35,t4,UTA,applied,0,1,1,5.629,5.629,0.027325,206,4,1,5,1,keep
1,55741757,s36,t4,UTA,applied,0,1,1,17.133,17.133,0.25196,68,3,0,2,0.170212766,keep
1,55741757,s37,t4,UTA,applied,0,1,1,4.761,4.761,0.03174,150,3,1,5,1,keep
1,55741757,s38,t4,UTA,applied,0,1,1,67.839,67.839,0.323043,210,,1,5,1,keep
1,55741757,s39,t4,UTA,applied,1,0,1,19.833,19.833,0.50854,39,,,,,
1,55741757,s40,t4,UTA,applied,0,1,1,6.482,6.482,0.04533,143,,1,4,0.7878787879,keep
1,55741757,s41,t4,UTA,applied,0,0,1,3.559,3.559,0.3954,9,4,,,,
1,55741757,s42,t4,UTA,applied,0,0,1,3.123,3.123,0.347,9,4,,,,
1,55741757,s43,t4,UTA,applied,0,1,1,30.523,30.523,0.106352,287,3,1,5,1,keep
1,55741757,s45,t4,UTA,applied,0,0,1,3.705,3.705,0.4117,9,,,,,
1,55741757,s46,t4,UTA,applied,0,1,1,26.847,26.847,0.11775,228,,1,4,0.7037037037,keep
1,55741757,s47,t4,UTA,applied,0,1,1,5.405,5.405,0.03652,148,3,1,5,1,keep
1,55741757,s48,t4,UTA,applied,0,0,1,4.123,4.123,0.4581,9,,,,,
1,55741757,s49,t4,UTA,applied,0,1,1,5.307,5.307,0.5897,9,,0,2,0,keep
1,55741757,s50,t4,UTA,applied,0,0,1,13.156,13.156,0.18272,72,,,,,
1,55741757,s51,t4,UTA,applied,0,0,1,1.465,1.465,0.1628,9,3,,,,
1,55741757,s52,t4,UTA,applied,0,1,1,9.862,9.862,0.04161,237,,1,5,1,keep
1,55741757,s53,t4,UTA,applied,0,0,1,3.435,3.435,0.3817,9,,,,,
1,55741757,s54,t4,UTA,applied,0,0,1,13.965,13.965,0.1913,73,,,,,
1,55741757,s55,t4,UTA,applied,0,1,1,6.287,6.287,0.0998,63,,1,4,0.5263157895,keep
1,55741757,s56,t4,UTA,applied,0,0,1,1.883,1.883,0.2092,9,,,,,
1,55741757,s57,t4,UTA,applied,1,0,1,57.983,57.983,0.87853,66,,,,,
1,55741757,s58,t4,UTA,applied,0,0,1,3.998,3.998,0.2856,14,5,,,,
1,55741757,s59,t4,UTA,applied,0,1,1,4.751,4.751,0.02762,172,,1,5,1,keep
1,55741757,s60,t4,UTA,applied,1,0,1,14.54,14.54,0.3826,38,4,,,,
1,55741757,s61,t4,UTA,applied,0,0,1,6.434,6.434,0.7149,9,3,,,,
1,55741757,s62,t4,UTA,applied,0,1,1,7.305,7.305,0.07162,102,,1,4,0.641509434,keep
1,55741757,s63,t4,UTA,applied,0,0,1,28.597,28.597,0.17022,168,,,,,
1,55741757,s64,t4,UTA,applied,0,0,1,11.135,11.135,0.1662,67,,,,,
1,55741757,s65,t4,UTA,applied,0,0,1,12.259,12.259,0.22702,54,1,,,,
1,55741757,s66,t4,UTA,applied,0,1,1,75.188,75.188,1.59974,47,,0,2,0.09090909091,keep
1,55741757,s67,t4,UTA,applied,0,0,1,3.159,3.159,0.351,9,,,,,
1,55741757,s68,t4,UTA,applied,0,1,1,7.891,7.891,0.8768,9,,0,2,0,keep
1,55741757,s69,t4,UTA,applied,0,1,1,8.081,8.081,0.16835,48,,1,4,0.4255319149,keep
1,55741757,s70,t4,UTA,applied,0,0,1,3.561,3.561,0.3957,9,3,,,,
1,55741757,s71,t4,UTA,applied,0,1,1,5.296,5.296,0.04074,130,,1,5,1,keep
1,55741757,s72,t4,UTA,applied,0,0,1,3.379,3.379,0.3754,9,3,,,,
1,55741757,s73,t4,UTA,applied,0,0,1,3.674,3.674,0.4082,9,3,,,,
1,55741757,s74,t4,UTA,applied,1,1,1,31.926,31.926,0.16206,197,,1,5,1,keep
1,55741757,s75,t4,UTA,applied,0,0,1,12.119,12.119,0.18362,66,4,,,,
1,55741757,s76,t4,UTA,applied,0,0,1,7.484,7.484,0.8316,9,,,,,
1,55741757,s77,t4,UTA,applied,0,1,1,4.873,4.873,0.06863,71,4,1,4,0.5333333333,keep
1,55741757,s78,t4,UTA,applied,0,0,1,3.68,3.68,0.409,9,,,,,
1,55741757,s79,t4,UTA,applied,0,1,1,13.835,13.835,0.18952,73,3,0,2,0.03571428571,keep
1,55741757,s80,t4,UTA,applied,1,1,1,5.103,5.103,0.021174,241,,1,5,1,keep
1,55741757,s81,t4,UTA,applied,0,0,1,3.607,3.607,0.4008,9,4,,,,
1,55741757,s82,t4,UTA,applied,1,0,1,24.649,24.649,0.36249,68,,,,,
1,55741757,s83,t4,UTA,applied,0,1,1,20.499,20.499,0.21133,97,3,0,2,0.1333333333,keep
1,55741757,s84,t4,UTA,applied,0,0,1,3.012,3.012,0.3347,9,4,,,,
1,55741757,s85,t4,UTA,applied,1,1,1,21.028,21.028,0.08214,256,4,1,5,1,keep
1,55741757,s86,t4,UTA,applied,0,1,1,6.156,6.156,0.042164,146,,1,5,1,keep
1,55741757,s87,t4,UTA,applied,0,0,1,2.028,2.028,0.02897,70,,,,,
1,55741757,s88,t4,UTA,applied,0,0,1,4.279,4.279,0.4754,9,,,,,
1,56805420,s1,t3,UTA,conceptual,0,0,0,1.22,,,0,,,,,
1,56805420,s2,t3,UTA,conceptual,0,0,0,0.999,,,0,,,,,
1,56805420,s3,t3,UTA,conceptual,0,0,0,1.398,,,0,,,,,
1,56805420,s4,t3,UTA,conceptual,1,0,1,1.186,1.186,0.008785,135,,,,,
1,56805420,s5,t3,UTA,conceptual,0,1,0,1.71,,,0,4,0,3,,keep
1,56805420,s6,t3,UTA,conceptual,0,0,0,0.888,,,0,,,,,
1,56805420,s7,t3,UTA,conceptual,0,1,0,2.151,,,0,,0,3,,keep
1,56805420,s8,t3,UTA,conceptual,0,1,0,1.347,,,0,,0,3,,keep
1,56805420,s9,t3,UTA,conceptual,1,1,0,1.398,1.398,0.01357,103,,0,3,0.1632653061,keep
1,56805420,s10,t3,UTA,conceptual,0,1,0,2.15,,,0,,0,3,,keep
1,56805420,s11,t3,UTA,conceptual,0,0,0,1.326,,,0,,,,,
1,56805420,s13,t3,UTA,conceptual,0,0,0,1.7,,,0,,,,,
1,56805420,s15,t3,UTA,conceptual,0,0,0,1.837,,,0,3,,,,
1,56805420,s16,t3,UTA,conceptual,0,0,0,1.24,,,0,,,,,
1,56805420,s18,t3,UTA,conceptual,0,0,0,1.48,,,0,,,,,
1,56805420,s19,t3,UTA,conceptual,0,1,0,5.2,,,0,4,0,3,,keep
1,56805420,s20,t3,UTA,conceptual,1,0,0,1.17,,,0,4,,,,
1,56805420,s22,t3,UTA,conceptual,0,1,0,3.758,,,0,,0,3,,keep
1,56805420,s23,t3,UTA,conceptual,0,1,0,1.8,,,0,3,0,3,,keep
1,56805420,s24,t3,UTA,conceptual,1,1,1,2.523,2.523,0.01597,158,,0,4,,keep
1,56805420,s25,t3,UTA,conceptual,1,0,0,1.572,1.572,0.02096,75,,,,,
1,56805420,s27,t3,UTA,conceptual,1,0,0,1.866,1.866,0.01944,96,4,,,,
1,56805420,s28,t3,UTA,conceptual,0,1,0,3.628,,,0,,0,3,,keep
1,56805420,s29,t3,UTA,conceptual,0,0,0,1.31,,,0,,,,,
1,56805420,s30,t3,UTA,conceptual,0,0,1,60.352,60.352,0.4607,131,4,,,,
1,56805420,s31,t3,UTA,conceptual,0,0,0,1.266,,,0,4,,,,
1,56805420,s32,t3,UTA,conceptual,0,1,0,1.759,,,0,3,0,3,,keep
1,56805420,s33,t3,UTA,conceptual,0,1,0,1.364,,,0,,0,3,,keep
1,56805420,s34,t3,UTA,conceptual,0,0,0,1.508,,,0,,,,,
1,56805420,s35,t3,UTA,conceptual,0,0,0,1.669,,,0,,,,,
1,56805420,s36,t3,UTA,conceptual,0,0,0,2.582,,,0,,,,,
1,56805420,s37,t3,UTA,conceptual,0,0,0,1.34,,,0,4,,,,
1,56805420,s38,t3,UTA,conceptual,0,0,0,1.091,,,0,,,,,
1,56805420,s39,t3,UTA,conceptual,1,1,0,4.667,4.667,0.06573,71,,0,2,0.06557377049,keep
1,56805420,s40,t3,UTA,conceptual,0,0,0,0.949,,,0,,,,,
1,56805420,s42,t3,UTA,conceptual,1,1,1,2.049,2.049,0.010094,203,4,0,3,0.25,keep
1,56805420,s43,t3,UTA,conceptual,0,0,0,0.968,,,0,,,,,
1,56805420,s45,t3,UTA,conceptual,0,1,0,2.458,,,0,,0,3,,keep
1,56805420,s46,t3,UTA,conceptual,0,0,0,0.737,,,0,,,,,
1,56805420,s47,t3,UTA,conceptual,1,0,1,21.951,21.951,0.22866,96,4,,,,
1,56805420,s48,t3,UTA,conceptual,0,1,0,3.758,,,0,,0,3,,keep
1,56805420,s49,t3,UTA,conceptual,0,0,0,0.865,,,0,,,,,
1,56805420,s50,t3,UTA,conceptual,1,1,1,2.781,2.781,0.019585,142,2,0,3,0.101010101,keep
1,56805420,s51,t3,UTA,conceptual,0,1,0,2.678,,,0,,0,3,,keep
1,56805420,s54,t3,UTA,conceptual,1,1,1,66.682,66.682,0.166705,400,,1,4,1,decrease
1,56805420,s55,t3,UTA,conceptual,0,0,0,0.695,,,0,,,,,
1,56805420,s56,t3,UTA,conceptual,0,1,0,1.329,,,0,,0,3,,keep
1,56805420,s57,t3,UTA,conceptual,1,1,0,1.278,1.278,0.009984,128,,0,3,0.2285714286,keep
1,56805420,s58,t3,UTA,conceptual,0,1,0,1.613,,,0,5,0,3,,keep
1,56805420,s59,t3,UTA,conceptual,0,0,1,1.272,,,0,,,,,
1,56805420,s60,t3,UTA,conceptual,0,1,0,3.316,,,0,3,0,1,,keep
1,56805420,s61,t3,UTA,conceptual,1,1,1,14.296,14.296,0.03249,440,5,1,4,1,keep
1,56805420,s62,t3,UTA,conceptual,0,0,0,2.022,,,0,,,,,
1,56805420,s63,t3,UTA,conceptual,0,1,0,2.845,,,0,,0,3,,keep
1,56805420,s64,t3,UTA,conceptual,0,1,0,1.656,,,0,,0,3,,keep
1,56805420,s65,t3,UTA,conceptual,1,1,1,7.898,7.898,0.017207,459,5,1,4,1,keep
1,56805420,s66,t3,UTA,conceptual,0,0,0,1.711,,,0,,,,,
1,56805420,s67,t3,UTA,conceptual,0,1,0,1.893,,,0,,0,3,,keep
1,56805420,s68,t3,UTA,conceptual,0,0,0,1.408,,,0,,,,,
1,56805420,s69,t3,UTA,conceptual,0,0,0,1.034,,,0,,,,,
1,56805420,s70,t3,UTA,conceptual,0,1,0,2.491,,,0,,0,3,,keep
1,56805420,s71,t3,UTA,conceptual,0,0,0,1.79,,,0,,,,,
1,56805420,s72,t3,UTA,conceptual,0,1,0,1.509,,,0,2,0,3,,keep
1,56805420,s73,t3,UTA,conceptual,0,1,0,1.511,,,0,3,0,3,,keep
1,56805420,s74,t3,UTA,conceptual,0,0,0,0.932,,,0,,,,,
1,56805420,s75,t3,UTA,conceptual,0,1,0,1.611,,,0,4,0,3,,keep
1,56805420,s76,t3,UTA,conceptual,0,1,0,17.552,,,0,,0,3,,keep
1,56805420,s77,t3,UTA,conceptual,1,0,1,1.415,1.415,0.00649,218,4,,,,
1,56805420,s78,t3,UTA,conceptual,0,1,0,3.743,,,0,,0,3,,keep
1,56805420,s79,t3,UTA,conceptual,0,0,0,0.957,,,0,,,,,
1,56805420,s82,t3,UTA,conceptual,1,1,1,20.135,20.135,0.052163,386,,1,4,0.8125,keep
1,56805420,s83,t3,UTA,conceptual,0,0,0,1.593,,,0,3,,,,
1,56805420,s84,t3,UTA,conceptual,0,1,0,1.334,,,0,4,0,3,,keep
1,56805420,s85,t3,UTA,conceptual,0,0,0,0.892,,,0,,,,,
1,56805420,s86,t3,UTA,conceptual,0,0,0,1.102,,,0,,,,,
1,56805420,s87,t3,UTA,conceptual,1,1,1,255.637,255.637,1.200174,213,,1,4,0.5277777778,keep
1,56805420,s88,t3,UTA,conceptual,0,1,0,1.446,,,0,,0,3,,keep
2,55741759,s1,t5,GTA,applied,0,1,0,2.389,,,0,,0,4,,keep
2,55741759,s2,t5,GTA,applied,0,0,0,2.85,,,0,,,,,
2,55741759,s3,t5,GTA,applied,0,1,0,1.216,,,0,,0,3,,keep
2,55741759,s4,t5,GTA,applied,0,1,0,11.021,,,0,,0,4,,keep
2,55741759,s5,t5,GTA,applied,0,1,0,2.775,,,0,,0,4,,keep
2,55741759,s6,t5,GTA,applied,0,1,0,3.172,,,0,,0,3,,keep
2,55741759,s7,t5,GTA,applied,0,1,1,2.436,2.436,0.009192,265,,1,4,1,keep
2,55741759,s8,t5,GTA,applied,0,0,0,1.661,,,0,,,,,
2,55741759,s9,t5,GTA,applied,0,1,0,7.413,,,0,,0,4,,keep
2,55741759,s10,t5,GTA,applied,0,1,0,1.46,,,0,,0,3,,keep
2,55741759,s11,t5,GTA,applied,0,0,0,2.241,,,0,,,,,
2,55741759,s12,t5,GTA,applied,0,0,0,1.94,,,0,,,,,
2,55741759,s13,t5,GTA,applied,0,1,0,1.493,,,0,,0,3,,keep
2,55741759,s14,t5,GTA,applied,1,1,1,6.996,6.996,0.030956,226,5,1,4,1,keep
2,55741759,s15,t5,GTA,applied,0,0,0,1.863,,,0,,,,,
2,55741759,s17,t5,GTA,applied,0,0,0,0.935,,,0,,,,,
2,55741759,s19,t5,GTA,applied,0,1,0,1.601,,,0,,0,3,,keep
2,55741759,s20,t5,GTA,applied,1,0,0,1.261,,,0,,,,,
2,55741759,s21,t5,GTA,applied,0,0,0,1.438,,,0,,,,,
2,55741759,s22,t5,GTA,applied,0,0,0,1.143,,,0,,,,,
2,55741759,s23,t5,GTA,applied,0,0,0,2.334,,,0,3,,,,
2,55741759,s24,t5,GTA,applied,0,1,0,1.142,,,0,,0,3,,keep
2,55741759,s25,t5,GTA,applied,0,1,0,1.495,,,0,,0,3,,keep
2,55741759,s26,t5,GTA,applied,0,0,0,0.821,,,0,3,,,,
2,55741759,s27,t5,GTA,applied,0,1,0,3.229,,,0,,0,3,,keep
2,55741759,s28,t5,GTA,applied,0,1,0,2.684,,,0,,0,3,,keep
2,55741759,s29,t5,GTA,applied,0,0,0,1.028,,,0,,,,,
2,55741759,s30,t5,GTA,applied,0,0,0,1.36,,,0,,,,,
2,55741759,s31,t5,GTA,applied,1,1,1,8.082,8.082,0.023494,344,,1,4,1,keep
2,55741759,s32,t5,GTA,applied,0,1,0,1.349,,,0,,0,3,,keep
2,55741759,s33,t5,GTA,applied,0,1,0,1.906,,,0,,0,4,,keep
2,55741759,s34,t5,GTA,applied,1,1,1,9.672,9.672,0.027477,352,5,1,4,1,keep
2,55741759,s35,t5,GTA,applied,0,0,0,15.427,,,0,,,,,
2,55741759,s36,t5,GTA,applied,0,0,0,0.999,,,0,,,,,
2,55741759,s37,t5,GTA,applied,0,0,0,1.108,,,0,,,,,
2,55741759,s38,t5,GTA,applied,1,0,0,1.254,,,0,,,,,
2,55741759,s39,t5,GTA,applied,1,1,1,22.908,22.908,0.071588,320,,1,5,1,keep
2,55741759,s40,t5,GTA,applied,0,0,0,0.788,,,0,,,,,
2,55741759,s41,t5,GTA,applied,0,0,0,1.688,,,0,,,,,
2,55741759,s42,t5,GTA,applied,1,0,0,1.386,,,0,3,,,,
2,55741759,s43,t5,GTA,applied,0,1,0,53.279,,,0,,0,2,,keep
2,55741759,s44,t5,GTA,applied,0,1,1,10.144,10.144,0.02966,342,,1,5,1,keep
2,55741759,s45,t5,GTA,applied,0,0,0,1.524,,,0,,,,,
2,55741759,s46,t5,GTA,applied,0,0,0,1.318,,,0,,,,,
2,55741759,s48,t5,GTA,applied,1,0,0,2.2,,,0,,,,,
2,55741759,s49,t5,GTA,applied,0,0,0,0.947,,,0,,,,,
2,55741759,s50,t5,GTA,applied,0,1,0,3.286,,,0,,0,3,,keep
2,55741759,s51,t5,GTA,applied,0,0,0,1.398,,,0,,,,,
2,55741759,s52,t5,GTA,applied,0,1,0,1.962,,,0,,0,3,,keep
2,55741759,s54,t5,GTA,applied,0,1,0,3.046,,,0,,0,3,,keep
2,55741759,s55,t5,GTA,applied,0,1,0,1.871,,,0,,0,3,,keep
2,55741759,s56,t5,GTA,applied,0,1,0,1.734,,,0,,0,3,,keep
2,55741759,s57,t5,GTA,applied,0,1,0,1.165,,,0,,0,3,,keep
2,55741759,s58,t5,GTA,applied,0,1,1,6.343,6.343,0.031874,199,5,1,5,1,keep
2,55741759,s59,t5,GTA,applied,0,0,0,1.464,,,0,,,,,
2,55741759,s60,t5,GTA,applied,0,1,0,9.541,,,0,,0,3,,keep
2,55741759,s61,t5,GTA,applied,1,1,1,8.681,8.681,0.036322,239,,1,5,1,keep
2,55741759,s62,t5,GTA,applied,0,0,0,3.758,,,0,,,,,
2,55741759,s63,t5,GTA,applied,0,0,0,0.782,,,0,,,,,
2,55741759,s64,t5,GTA,applied,0,0,0,1.667,,,0,,,,,
2,55741759,s66,t5,GTA,applied,0,1,0,2.759,,,0,,0,4,,keep
2,55741759,s67,t5,GTA,applied,0,1,0,3.594,,,0,,0,4,,keep
2,55741759,s68,t5,GTA,applied,0,0,0,1.292,,,0,,,,,
2,55741759,s69,t5,GTA,applied,0,1,0,1.806,,,0,,0,3,,keep
2,55741759,s70,t5,GTA,applied,0,1,0,1.529,,,0,,0,3,,keep
2,55741759,s71,t5,GTA,applied,0,0,0,5.573,,,0,,,,,
2,55741759,s72,t5,GTA,applied,0,0,0,1.585,,,0,,,,,
2,55741759,s73,t5,GTA,applied,0,1,0,1.979,,,0,,0,3,,keep
2,55741759,s74,t5,GTA,applied,0,1,1,10.868,10.868,0.038403,283,,1,4,1,keep
2,55741759,s75,t5,GTA,applied,0,0,0,3.181,,,0,3,,,,
2,55741759,s76,t5,GTA,applied,0,0,0,1.37,,,0,,,,,
2,55741759,s78,t5,GTA,applied,0,1,0,131.832,,,0,,0,2,,keep
2,55741759,s79,t5,GTA,applied,0,1,0,3.284,,,0,,0,3,,keep
2,55741759,s80,t5,GTA,applied,0,0,0,2.321,,,0,,,,,
2,55741759,s81,t5,GTA,applied,0,1,0,2.941,,,0,,0,4,,keep
2,55741759,s82,t5,GTA,applied,0,0,0,1.779,,,0,,,,,
2,55741759,s83,t5,GTA,applied,0,0,0,3.256,,,0,,,,,
2,55741759,s84,t5,GTA,applied,0,0,0,1.755,,,0,,,,,
2,55741759,s85,t5,GTA,applied,0,1,1,2.53,2.53,0.0078,324,,1,4,1,keep
2,55741759,s86,t5,GTA,applied,0,0,0,1.05,,,0,,,,,
2,55741759,s87,t5,GTA,applied,0,0,0,0.903,,,0,,,,,
2,55741759,s88,t5,GTA,applied,0,1,0,2.549,,,0,,0,3,,keep
2,55741761,s1,t2,UTA,conceptual,0,0,0,0.994,,,0,,,,,
2,55741761,s2,t2,UTA,conceptual,0,1,1,2.521,2.521,0.013627,185,4,1,5,0.6981132075,decrease
2,55741761,s3,t2,UTA,conceptual,0,0,0,1.79,,,0,,,,,
2,55741761,s4,t2,UTA,conceptual,0,0,0,1.125,,,0,,,,,
2,55741761,s5,t2,UTA,conceptual,0,0,0,1.305,,,0,,,,,
2,55741761,s6,t2,UTA,conceptual,0,0,0,1.003,,,0,,,,,
2,55741761,s7,t2,UTA,conceptual,0,0,0,1.131,,,0,,,,,
2,55741761,s8,t2,UTA,conceptual,0,1,0,3.344,,,0,,0,2,,keep
2,55741761,s9,t2,UTA,conceptual,0,0,0,1.055,,,0,,,,,
2,55741761,s10,t2,UTA,conceptual,0,0,0,1.23,,,0,,,,,
2,55741761,s11,t2,UTA,conceptual,0,1,0,6.646,,,0,,0,4,,keep
2,55741761,s12,t2,UTA,conceptual,0,1,0,4.52,,,0,,0,2,,keep
2,55741761,s13,t2,UTA,conceptual,0,0,0,0.93,,,0,,,,,
2,55741761,s14,t2,UTA,conceptual,1,0,1,1.205,1.205,0.01126,107,5,,,,
2,55741761,s15,t2,UTA,conceptual,0,1,0,5.213,,,0,,0,4,,keep
2,55741761,s17,t2,UTA,conceptual,1,1,1,2.207,2.207,0.006897,320,,1,4,0.8208955224,decrease
2,55741761,s19,t2,UTA,conceptual,0,0,0,69.323,,,0,,,,,
2,55741761,s20,t2,UTA,conceptual,1,1,0,2.645,,,0,,0,4,,keep
2,55741761,s21,t2,UTA,conceptual,0,1,0,2.607,,,0,,0,3,,keep
2,55741761,s22,t2,UTA,conceptual,0,1,0,6.04,,,0,,0,2,,keep
2,55741761,s23,t2,UTA,conceptual,0,1,0,4.071,,,0,3,0,3,,keep
2,55741761,s24,t2,UTA,conceptual,0,0,0,0.934,,,0,,,,,
2,55741761,s25,t2,UTA,conceptual,0,0,0,1.419,,,0,,,,,
2,55741761,s26,t2,UTA,conceptual,0,1,0,1.322,,,0,3,0,3,,keep
2,55741761,s27,t2,UTA,conceptual,0,0,0,0.914,,,0,,,,,
2,55741761,s28,t2,UTA,conceptual,0,0,0,1.468,,,0,,,,,
2,55741761,s29,t2,UTA,conceptual,0,1,0,2.69,,,0,,0,3,,keep
2,55741761,s30,t2,UTA,conceptual,0,1,0,75.139,,,0,,0,4,,keep
2,55741761,s31,t2,UTA,conceptual,0,0,0,0.987,,,0,,,,,
2,55741761,s32,t2,UTA,conceptual,0,0,0,1.179,,,0,,,,,
2,55741761,s33,t2,UTA,conceptual,0,0,0,1.052,,,0,,,,,
2,55741761,s34,t2,UTA,conceptual,0,0,0,2.061,,,0,,,,,
2,55741761,s35,t2,UTA,conceptual,0,1,0,4.546,,,0,,0,2,,keep
2,55741761,s36,t2,UTA,conceptual,1,1,1,2.354,2.354,0.01658,142,4,0,4,0.1956521739,keep
2,55741761,s37,t2,UTA,conceptual,0,1,0,3.35,,,0,,0,3,,keep
2,55741761,s38,t2,UTA,conceptual,1,1,1,2.759,2.759,0.01623,170,4,0,1,0.1929824561,keep
2,55741761,s39,t2,UTA,conceptual,0,0,0,1.301,,,0,,,,,
2,55741761,s40,t2,UTA,conceptual,0,1,0,2.586,,,0,,0,3,,keep
2,55741761,s41,t2,UTA,conceptual,0,1,0,4.364,,,0,,0,4,,keep
2,55741761,s42,t2,UTA,conceptual,1,1,1,2.4,2.4,0.007,346,3,1,5,0.9189189189,decrease
2,55741761,s43,t2,UTA,conceptual,0,0,0,1.219,,,0,,,,,
2,55741761,s44,t2,UTA,conceptual,0,0,0,1.202,,,0,,,,,
2,55741761,s45,t2,UTA,conceptual,0,1,1,129.219,129.219,1.3602,95,,1,4,0.5789473684,keep
2,55741761,s46,t2,UTA,conceptual,1,1,0,2.14,,,0,,0,4,,keep
2,55741761,s47,t2,UTA,conceptual,0,0,0,1.145,,,0,,,,,
2,55741761,s48,t2,UTA,conceptual,0,1,0,3.767,,,0,,0,3,,keep
2,55741761,s49,t2,UTA,conceptual,0,1,0,1.398,,,0,,0,3,,keep
2,55741761,s50,t2,UTA,conceptual,0,0,0,1.225,,,0,,,,,
2,55741761,s51,t2,UTA,conceptual,0,1,0,3.091,,,0,,0,3,,keep
2,55741761,s52,t2,UTA,conceptual,1,0,1,1.264,1.264,0.00795,159,,,,,
2,55741761,s54,t2,UTA,conceptual,0,0,0,2.573,,,0,,,,,
2,55741761,s55,t2,UTA,conceptual,0,0,0,1.246,,,0,,,,,
2,55741761,s56,t2,UTA,conceptual,0,0,0,2.311,,,0,,,,,
2,55741761,s57,t2,UTA,conceptual,1,0,1,1.554,1.554,0.009774,159,,,,,
2,55741761,s58,t2,UTA,conceptual,0,0,0,1.282,,,0,5,,,,
2,55741761,s59,t2,UTA,conceptual,0,1,0,1.375,,,0,,0,4,,keep
2,55741761,s60,t2,UTA,conceptual,0,0,0,1.254,,,0,,,,,
2,55741761,s61,t2,UTA,conceptual,0,0,0,1.087,,,0,,,,,
2,55741761,s62,t2,UTA,conceptual,0,1,0,5.383,,,0,,0,3,,keep
2,55741761,s63,t2,UTA,conceptual,0,1,0,2.983,,,0,,0,2,,keep
2,55741761,s64,t2,UTA,conceptual,0,1,0,1.349,,,0,,0,3,,keep
2,55741761,s66,t2,UTA,conceptual,0,0,0,1.191,,,0,,,,,
2,55741761,s67,t2,UTA,conceptual,0,0,0,2.307,,,0,,,,,
2,55741761,s68,t2,UTA,conceptual,0,1,0,5.013,,,0,,0,3,,keep
2,55741761,s69,t2,UTA,conceptual,0,0,0,1.312,,,0,,,,,
2,55741761,s70,t2,UTA,conceptual,0,0,0,1.143,,,0,,,,,
2,55741761,s71,t2,UTA,conceptual,0,1,0,1.964,,,0,,0,3,,keep
2,55741761,s72,t2,UTA,conceptual,0,1,0,4.553,,,0,,0,4,,keep
2,55741761,s73,t2,UTA,conceptual,0,0,0,0.927,,,0,,,,,
2,55741761,s74,t2,UTA,conceptual,0,0,0,1.431,,,0,,,,,
2,55741761,s75,t2,UTA,conceptual,0,1,0,10.114,,,0,3,0,3,,keep
2,55741761,s76,t2,UTA,conceptual,0,1,0,2.325,,,0,,0,2,,keep
2,55741761,s78,t2,UTA,conceptual,0,0,0,1.082,,,0,,,,,
2,55741761,s79,t2,UTA,conceptual,0,0,0,1.268,,,0,,,,,
2,55741761,s80,t2,UTA,conceptual,0,1,0,2.984,,,0,,0,4,,keep
2,55741761,s81,t2,UTA,conceptual,0,0,0,1.369,,,0,,,,,
2,55741761,s82,t2,UTA,conceptual,0,1,0,15.388,,,0,,0,3,,keep
2,55741761,s83,t2,UTA,conceptual,0,1,0,3.967,,,0,,0,2,,keep
2,55741761,s84,t2,UTA,conceptual,0,1,0,19.029,,,0,,0,2,,keep
2,55741761,s85,t2,UTA,conceptual,0,0,0,1.204,,,0,,,,,
2,55741761,s86,t2,UTA,conceptual,0,1,0,7.764,,,0,,0,4,,keep
2,55741761,s87,t2,UTA,conceptual,0,1,1,2.293,2.293,0.02763,83,,1,5,0.5306122449,keep
2,55741761,s88,t2,UTA,conceptual,0,0,0,0.924,,,0,,,,,
2,55741763,s1,t11,GTA,applied,0,0,0,0.794,,,0,,,,,
2,55741763,s2,t11,GTA,applied,0,1,0,5.748,,,0,,0,3,,keep
2,55741763,s3,t11,GTA,applied,0,0,0,0.819,,,0,,,,,
2,55741763,s4,t11,GTA,applied,0,0,0,0.584,,,0,,,,,
2,55741763,s5,t11,GTA,applied,0,0,0,3.734,,,0,,,,,
2,55741763,s6,t11,GTA,applied,1,0,0,2.114,,,0,,,,,
2,55741763,s7,t11,GTA,applied,0,0,0,1.229,,,0,,,,,
2,55741763,s8,t11,GTA,applied,0,1,0,1.384,,,0,,0,3,,keep
2,55741763,s9,t11,GTA,applied,1,0,1,0.783,,,0,,,,,
2,55741763,s10,t11,GTA,applied,1,0,0,0.997,,,0,,,,,
2,55741763,s11,t11,GTA,applied,0,1,0,1.305,,,0,,0,3,,keep
2,55741763,s12,t11,GTA,applied,0,1,0,1.098,,,0,,0,3,,keep
2,55741763,s13,t11,GTA,applied,0,0,0,1.043,,,0,,,,,
2,55741763,s14,t11,GTA,applied,0,0,0,1.281,,,0,3,,,,
2,55741763,s15,t11,GTA,applied,0,1,0,2.479,,,0,,0,3,,keep
2,55741763,s17,t11,GTA,applied,0,1,0,1.572,,,0,,0,3,,keep
2,55741763,s19,t11,GTA,applied,0,0,0,0.975,,,0,,,,,
2,55741763,s20,t11,GTA,applied,0,1,0,1.341,,,0,,0,3,,keep
2,55741763,s21,t11,GTA,applied,1,1,1,1.549,1.549,0.03688,42,,0,3,0.07407407407,keep
2,55741763,s22,t11,GTA,applied,0,1,0,1.204,,,0,,0,3,,keep
2,55741763,s23,t11,GTA,applied,0,1,0,0.887,,,0,3,0,3,,keep
2,55741763,s24,t11,GTA,applied,0,0,0,0.737,,,0,,,,,
2,55741763,s25,t11,GTA,applied,0,0,0,0.834,,,0,,,,,
2,55741763,s26,t11,GTA,applied,0,1,0,1.161,,,0,3,0,3,,keep
2,55741763,s27,t11,GTA,applied,0,0,0,0.713,,,0,,,,,
2,55741763,s28,t11,GTA,applied,0,0,0,1.545,,,0,,,,,
2,55741763,s29,t11,GTA,applied,1,1,1,32.716,32.716,0.22408,146,,1,3,0.8076923077,keep
2,55741763,s30,t11,GTA,applied,0,1,0,3.502,,,0,,0,3,,keep
2,55741763,s31,t11,GTA,applied,0,0,0,0.859,,,0,,,,,
2,55741763,s32,t11,GTA,applied,0,0,0,0.796,,,0,,,,,
2,55741763,s33,t11,GTA,applied,0,0,0,0.872,,,0,,,,,
2,55741763,s34,t11,GTA,applied,1,0,1,1.398,1.398,0.007096,197,4,,,,
2,55741763,s35,t11,GTA,applied,1,1,1,22.001,22.001,0.096496,228,,1,4,1,keep
2,55741763,s36,t11,GTA,applied,0,1,0,4.186,,,0,,0,3,,keep
2,55741763,s37,t11,GTA,applied,0,1,0,0.953,,,0,,0,3,,keep
2,55741763,s38,t11,GTA,applied,0,1,0,2.042,,,0,,0,3,,keep
2,55741763,s39,t11,GTA,applied,1,0,0,4.765,,,0,,,,,
2,55741763,s40,t11,GTA,applied,0,1,0,1.274,,,0,,0,3,,keep
2,55741763,s41,t11,GTA,applied,1,1,0,5.763,,,0,,0,3,,keep
2,55741763,s42,t11,GTA,applied,0,1,0,0.864,,,0,3,0,3,,keep
2,55741763,s43,t11,GTA,applied,0,0,0,0.83,,,0,,,,,
2,55741763,s44,t11,GTA,applied,1,0,1,2.074,2.074,0.05185,40,,,,,
2,55741763,s45,t11,GTA,applied,0,1,0,0.855,,,0,,0,3,,keep
2,55741763,s46,t11,GTA,applied,1,1,1,152.835,152.835,0.48829,313,,1,4,0.8307692308,keep
2,55741763,s47,t11,GTA,applied,1,0,1,0.729,0.729,0.01778,41,,,,,
2,55741763,s49,t11,GTA,applied,0,1,0,1.174,,,0,,0,3,,keep
2,55741763,s50,t11,GTA,applied,0,0,0,9.928,,,0,,,,,
2,55741763,s51,t11,GTA,applied,0,1,0,1.098,,,0,,0,3,,keep
2,55741763,s52,t11,GTA,applied,0,0,0,0.615,,,0,,,,,
2,55741763,s54,t11,GTA,applied,0,0,0,1.127,,,0,,,,,
2,55741763,s55,t11,GTA,applied,0,0,0,0.812,,,0,,,,,
2,55741763,s56,t11,GTA,applied,0,0,0,1.115,,,0,,,,,
2,55741763,s57,t11,GTA,applied,0,0,0,1.039,,,0,,,,,
2,55741763,s59,t11,GTA,applied,0,1,0,0.877,,,0,,0,3,,keep
2,55741763,s60,t11,GTA,applied,0,0,0,0.861,,,0,,,,,
2,55741763,s61,t11,GTA,applied,0,0,0,0.77,,,0,,,,,
2,55741763,s62,t11,GTA,applied,0,1,0,0.787,,,0,,0,3,,keep
2,55741763,s63,t11,GTA,applied,0,1,0,10.067,,,0,,0,3,,keep
2,55741763,s64,t11,GTA,applied,0,1,0,2.573,,,0,,0,3,,keep
2,55741763,s66,t11,GTA,applied,0,0,0,0.957,,,0,,,,,
2,55741763,s67,t11,GTA,applied,0,0,0,0.797,,,0,,,,,
2,55741763,s68,t11,GTA,applied,0,1,0,1.085,,,0,,0,3,,keep
2,55741763,s69,t11,GTA,applied,0,0,0,1.003,,,0,,,,,
2,55741763,s70,t11,GTA,applied,0,0,0,0.74,,,0,,,,,
2,55741763,s71,t11,GTA,applied,1,1,1,18.816,18.816,0.082526,228,,1,4,0.8421052632,keep
2,55741763,s72,t11,GTA,applied,0,1,0,1.432,,,0,,0,3,,keep
2,55741763,s73,t11,GTA,applied,0,0,0,1.007,,,0,,,,,
2,55741763,s74,t11,GTA,applied,0,0,0,0.829,,,0,,,,,
2,55741763,s75,t11,GTA,applied,0,1,0,0.874,,,0,3,0,3,,keep
2,55741763,s76,t11,GTA,applied,0,1,1,1.927,1.927,0.01357,142,,0,3,0.2962962963,keep
2,55741763,s78,t11,GTA,applied,0,0,0,0.95,,,0,,,,,
2,55741763,s79,t11,GTA,applied,0,0,0,1.129,,,0,,,,,
2,55741763,s80,t11,GTA,applied,0,1,0,1.206,,,0,,0,3,,keep
2,55741763,s81,t11,GTA,applied,0,0,0,1.756,,,0,,,,,
2,55741763,s82,t11,GTA,applied,0,1,0,1.137,,,0,,0,3,,keep
2,55741763,s83,t11,GTA,applied,0,1,0,0.946,,,0,,0,3,,keep
2,55741763,s84,t11,GTA,applied,0,1,0,0.74,,,0,,0,3,,keep
2,55741763,s85,t11,GTA,applied,0,0,0,0.774,,,0,,,,,
2,55741763,s86,t11,GTA,applied,0,1,0,1.368,,,0,,0,3,,keep
2,55741763,s87,t11,GTA,applied,0,1,0,6.537,,,0,,0,3,,keep
2,55741763,s88,t11,GTA,applied,0,0,0,0.753,,,0,,,,,
2,55741765,s1,t3,UTA,applied,0,1,0,1.134,,,0,,0,3,,keep
2,55741765,s2,t3,UTA,applied,0,0,0,0.854,,,0,,,,,
2,55741765,s3,t3,UTA,applied,0,1,0,0.961,,,0,,0,3,,keep
2,55741765,s4,t3,UTA,applied,0,1,0,2.685,,,0,,0,3,,keep
2,55741765,s5,t3,UTA,applied,0,1,0,1.294,,,0,,0,3,,keep
2,55741765,s6,t3,UTA,applied,0,1,0,1.061,,,0,,0,3,,keep
2,55741765,s7,t3,UTA,applied,0,1,0,1.12,,,0,,0,3,,keep
2,55741765,s8,t3,UTA,applied,0,0,0,0.89,,,0,,,,,
2,55741765,s9,t3,UTA,applied,0,1,0,1.126,,,0,,0,3,,keep
2,55741765,s10,t3,UTA,applied,0,1,0,2.243,,,0,,0,3,,keep
2,55741765,s11,t3,UTA,applied,0,0,0,0.948,,,0,,,,,
2,55741765,s12,t3,UTA,applied,0,0,0,1.475,,,0,,,,,
2,55741765,s13,t3,UTA,applied,0,1,0,3.501,,,0,,0,3,,keep
2,55741765,s14,t3,UTA,applied,0,1,0,1.95,,,0,3,0,3,,keep
2,55741765,s15,t3,UTA,applied,0,0,0,0.744,,,0,,,,,
2,55741765,s17,t3,UTA,applied,0,0,0,0.693,,,0,,,,,
2,55741765,s19,t3,UTA,applied,0,1,0,4.94,,,0,,0,3,,keep
2,55741765,s20,t3,UTA,applied,0,0,0,0.645,,,0,,,,,
2,55741765,s21,t3,UTA,applied,0,0,0,0.792,,,0,,,,,
2,55741765,s22,t3,UTA,applied,0,0,0,0.888,,,0,,,,,
2,55741765,s23,t3,UTA,applied,0,0,0,0.923,,,0,3,,,,
2,55741765,s24,t3,UTA,applied,0,1,0,1.479,,,0,,0,3,,keep
2,55741765,s25,t3,UTA,applied,0,1,0,1.266,,,0,,0,3,,keep
2,55741765,s26,t3,UTA,applied,0,0,0,1.506,,,0,3,,,,
2,55741765,s27,t3,UTA,applied,0,1,0,2.33,,,0,,0,3,,keep
2,55741765,s28,t3,UTA,applied,0,1,0,1.22,,,0,,0,3,,keep
2,55741765,s29,t3,UTA,applied,0,0,0,1.035,,,0,,,,,
2,55741765,s30,t3,UTA,applied,0,0,0,1.344,,,0,,,,,
2,55741765,s31,t3,UTA,applied,0,1,0,1.781,,,0,,0,3,,keep
2,55741765,s32,t3,UTA,applied,0,1,0,1.745,,,0,,0,3,,keep
2,55741765,s33,t3,UTA,applied,0,1,0,1.052,,,0,,0,3,,keep
2,55741765,s34,t3,UTA,applied,1,1,1,18.03,18.03,0.05303,340,4,1,5,0.9302325581,keep
2,55741765,s35,t3,UTA,applied,1,0,1,0.84,0.84,0.0168,50,,,,,
2,55741765,s36,t3,UTA,applied,0,0,0,1.171,,,0,,,,,
2,55741765,s37,t3,UTA,applied,0,0,0,1.341,,,0,,,,,
2,55741765,s38,t3,UTA,applied,0,0,0,23.215,,,0,,,,,
2,55741765,s39,t3,UTA,applied,0,1,0,4.692,,,0,,0,3,,keep
2,55741765,s40,t3,UTA,applied,0,0,0,1.532,,,0,,,,,
2,55741765,s41,t3,UTA,applied,0,0,0,0.832,,,0,,,,,
2,55741765,s42,t3,UTA,applied,0,0,0,1.04,,,0,3,,,,
2,55741765,s43,t3,UTA,applied,0,1,0,1.288,,,0,,0,2,,keep
2,55741765,s44,t3,UTA,applied,1,1,1,23.237,23.237,0.12698,183,,1,4,0.7787610619,keep
2,55741765,s45,t3,UTA,applied,0,0,0,0.734,,,0,,,,,
2,55741765,s46,t3,UTA,applied,1,0,1,1.084,1.084,0.03738,29,,,,,
2,55741765,s47,t3,UTA,applied,1,1,1,1.62,1.62,0.0352,46,,0,4,0.1359223301,keep
2,55741765,s48,t3,UTA,applied,0,0,0,1.852,,,0,,,,,
2,55741765,s49,t3,UTA,applied,0,0,0,0.695,,,0,,,,,
2,55741765,s50,t3,UTA,applied,0,1,0,1.544,,,0,,0,3,,keep
2,55741765,s51,t3,UTA,applied,0,0,0,1.003,,,0,,,,,
2,55741765,s54,t3,UTA,applied,0,1,0,2.089,,,0,,0,3,,keep
2,55741765,s55,t3,UTA,applied,0,1,0,1.709,,,0,,0,3,,keep
2,55741765,s56,t3,UTA,applied,0,1,0,1.459,,,0,,0,3,,keep
2,55741765,s57,t3,UTA,applied,0,1,0,1.469,,,0,,0,3,,keep
2,55741765,s58,t3,UTA,applied,0,1,0,1.183,,,0,5,0,3,,keep
2,55741765,s59,t3,UTA,applied,0,0,0,0.971,,,0,,,,,
2,55741765,s60,t3,UTA,applied,0,1,1,33.633,33.633,0.171597,196,,1,4,0.8380952381,keep
2,55741765,s61,t3,UTA,applied,0,1,0,1.447,,,0,,0,3,,keep
2,55741765,s62,t3,UTA,applied,0,0,0,1.222,,,0,,,,,
2,55741765,s63,t3,UTA,applied,0,0,0,0.71,,,0,,,,,
2,55741765,s64,t3,UTA,applied,0,0,0,1.147,,,0,,,,,
2,55741765,s66,t3,UTA,applied,0,1,0,2.522,,,0,,0,3,,keep
2,55741765,s67,t3,UTA,applied,0,1,0,1.018,,,0,,0,3,,keep
2,55741765,s68,t3,UTA,applied,0,0,0,0.787,,,0,,,,,
2,55741765,s69,t3,UTA,applied,0,1,0,1.645,,,0,,0,3,,keep
2,55741765,s70,t3,UTA,applied,0,1,0,2.268,,,0,,0,3,,keep
2,55741765,s71,t3,UTA,applied,0,0,0,0.778,,,0,,,,,
2,55741765,s72,t3,UTA,applied,0,0,0,0.767,,,0,,,,,
2,55741765,s73,t3,UTA,applied,0,1,0,1.653,,,0,,0,3,,keep
2,55741765,s75,t3,UTA,applied,0,0,0,0.858,,,0,3,,,,
2,55741765,s76,t3,UTA,applied,0,0,0,0.768,,,0,,,,,
2,55741765,s78,t3,UTA,applied,0,1,0,2.575,,,0,,0,3,,keep
2,55741765,s79,t3,UTA,applied,0,1,0,2.693,,,0,,0,3,,keep
2,55741765,s80,t3,UTA,applied,0,0,0,1.128,,,0,,,,,
2,55741765,s81,t3,UTA,applied,0,1,0,1.848,,,0,,0,3,,keep
2,55741765,s82,t3,UTA,applied,0,0,0,7.5,,,0,,,,,
2,55741765,s83,t3,UTA,applied,0,0,0,0.778,,,0,,,,,
2,55741765,s84,t3,UTA,applied,0,0,0,0.775,,,0,,,,,
2,55741765,s85,t3,UTA,applied,0,1,0,1.066,,,0,,0,3,,keep
2,55741765,s86,t3,UTA,applied,0,0,0,1.003,,,0,,,,,
2,55741765,s87,t3,UTA,applied,0,0,0,1.324,,,0,,,,,
2,55741765,s88,t3,UTA,applied,0,1,0,2.634,,,0,,0,2,,keep
2,55741766,s1,t6,GTA,conceptual,0,0,0,0.969,,,0,,,,,
2,55741766,s2,t6,GTA,conceptual,0,1,0,5.594,,,0,,0,2,,keep
2,55741766,s3,t6,GTA,conceptual,0,0,0,0.981,,,0,,,,,
2,55741766,s4,t6,GTA,conceptual,1,0,1,0.914,0.914,0.00525,174,,,,,
2,55741766,s5,t6,GTA,conceptual,0,0,0,0.957,,,0,,,,,
2,55741766,s6,t6,GTA,conceptual,0,0,0,1.304,,,0,,,,,
2,55741766,s7,t6,GTA,conceptual,1,0,1,1.16,1.16,0.00667,174,,,,,
2,55741766,s8,t6,GTA,conceptual,0,1,0,4.428,,,0,,0,2,,keep
2,55741766,s9,t6,GTA,conceptual,0,0,0,1.299,,,0,,,,,
2,55741766,s10,t6,GTA,conceptual,0,0,0,1.201,,,0,,,,,
2,55741766,s11,t6,GTA,conceptual,0,1,0,2.345,,,0,,0,2,,keep
2,55741766,s12,t6,GTA,conceptual,0,1,0,2.491,,,0,,0,2,,keep
2,55741766,s13,t6,GTA,conceptual,1,0,1,23.502,23.502,0.16321,144,4,,,,
2,55741766,s14,t6,GTA,conceptual,0,0,0,1.429,,,0,3,,,,
2,55741766,s15,t6,GTA,conceptual,0,1,0,14.379,,,0,,0,2,,keep
2,55741766,s17,t6,GTA,conceptual,0,1,0,3.79,,,0,,0,1,,keep
2,55741766,s19,t6,GTA,conceptual,0,0,0,1.264,,,0,,,,,
2,55741766,s20,t6,GTA,conceptual,1,1,0,4.996,,,0,,0,2,,keep
2,55741766,s21,t6,GTA,conceptual,1,1,1,1.837,1.837,0.02482,74,,0,3,0.1505376344,keep
2,55741766,s22,t6,GTA,conceptual,0,1,0,2.902,,,0,,0,3,,keep
2,55741766,s23,t6,GTA,conceptual,0,1,0,2.522,,,0,3,0,2,,keep
2,55741766,s24,t6,GTA,conceptual,1,0,1,43.86,43.86,0.2535,173,,,,,
2,55741766,s25,t6,GTA,conceptual,1,0,1,1.562,1.562,0.008977,174,4,,,,
2,55741766,s26,t6,GTA,conceptual,0,1,0,3.973,,,0,3,0,2,,keep
2,55741766,s27,t6,GTA,conceptual,0,0,0,1.158,,,0,,,,,
2,55741766,s28,t6,GTA,conceptual,0,0,0,1.156,,,0,,,,,
2,55741766,s29,t6,GTA,conceptual,0,1,0,1.75,,,0,,0,2,,keep
2,55741766,s30,t6,GTA,conceptual,1,1,1,8.957,8.957,0.034852,257,3,0,4,0.3669724771,keep
2,55741766,s31,t6,GTA,conceptual,0,0,0,1.526,,,0,,,,,
2,55741766,s32,t6,GTA,conceptual,0,0,0,1.139,,,0,,,,,
2,55741766,s33,t6,GTA,conceptual,0,0,0,1.444,,,0,,,,,
2,55741766,s34,t6,GTA,conceptual,0,0,0,1.056,,,0,,,,,
2,55741766,s35,t6,GTA,conceptual,0,1,0,2.625,,,0,,0,2,,keep
2,55741766,s36,t6,GTA,conceptual,1,1,1,66.486,66.486,0.2587,257,4,0,4,0.3650793651,keep
2,55741766,s37,t6,GTA,conceptual,0,1,0,7.072,,,0,,0,2,,keep
2,55741766,s39,t6,GTA,conceptual,1,0,1,1.223,1.223,0.01653,74,,,,,
2,55741766,s40,t6,GTA,conceptual,0,1,0,16.01,,,0,,0,1,,keep
2,55741766,s41,t6,GTA,conceptual,0,1,0,5.258,,,0,,0,3,,keep
2,55741766,s42,t6,GTA,conceptual,1,1,1,6.92,6.92,0.0263,263,5,0,3,0.3484848485,keep
2,55741766,s43,t6,GTA,conceptual,0,0,0,1.229,,,0,,,,,
2,55741766,s44,t6,GTA,conceptual,1,0,1,1.301,1.301,0.005246,248,,,,,
2,55741766,s45,t6,GTA,conceptual,0,1,0,2.591,,,0,,0,2,,keep
2,55741766,s46,t6,GTA,conceptual,0,1,0,6.176,,,0,,0,2,,keep
2,55741766,s47,t6,GTA,conceptual,0,0,0,1.041,,,0,,,,,
2,55741766,s48,t6,GTA,conceptual,0,1,0,3.722,,,0,,0,2,,keep
2,55741766,s49,t6,GTA,conceptual,0,1,0,10.76,,,0,,0,1,,keep
2,55741766,s50,t6,GTA,conceptual,0,0,0,1.16,,,0,,,,,
2,55741766,s51,t6,GTA,conceptual,0,1,0,5.273,,,0,,0,2,,keep
2,55741766,s52,t6,GTA,conceptual,0,0,0,0.805,,,0,,,,,
2,55741766,s54,t6,GTA,conceptual,0,0,0,1.013,,,0,,,,,
2,55741766,s55,t6,GTA,conceptual,0,0,0,0.907,,,0,,,,,
2,55741766,s56,t6,GTA,conceptual,0,0,0,1.27,,,0,,,,,
2,55741766,s57,t6,GTA,conceptual,0,0,0,6.103,,,0,,,,,
2,55741766,s58,t6,GTA,conceptual,0,0,0,1.127,,,0,5,,,,
2,55741766,s59,t6,GTA,conceptual,0,1,0,2.407,,,0,,0,3,,keep
2,55741766,s60,t6,GTA,conceptual,0,0,0,2.519,,,0,,,,,
2,55741766,s61,t6,GTA,conceptual,0,0,0,1.936,,,0,,,,,
2,55741766,s62,t6,GTA,conceptual,1,1,1,8.36,8.36,0.04447,188,,0,3,0.2424242424,keep
2,55741766,s63,t6,GTA,conceptual,0,1,0,1.244,,,0,,0,2,,keep
2,55741766,s64,t6,GTA,conceptual,0,1,0,3.089,,,0,,0,3,,keep
2,55741766,s66,t6,GTA,conceptual,0,0,0,1.21,,,0,,,,,
2,55741766,s67,t6,GTA,conceptual,0,0,0,0.973,,,0,,,,,
2,55741766,s68,t6,GTA,conceptual,0,1,0,6.594,,,0,,0,2,,keep
2,55741766,s69,t6,GTA,conceptual,0,0,0,0.826,,,0,,,,,
2,55741766,s70,t6,GTA,conceptual,0,0,0,0.872,,,0,,,,,
2,55741766,s71,t6,GTA,conceptual,0,1,0,11.954,,,0,,0,1,,keep
2,55741766,s72,t6,GTA,conceptual,0,1,0,1.324,,,0,,0,3,,keep
2,55741766,s73,t6,GTA,conceptual,0,0,0,1.07,,,0,,,,,
2,55741766,s74,t6,GTA,conceptual,0,0,0,0.941,,,0,,,,,
2,55741766,s75,t6,GTA,conceptual,0,1,0,28.743,,,0,3,0,1,,keep
2,55741766,s76,t6,GTA,conceptual,0,1,0,7.12,,,0,,0,2,,keep
2,55741766,s78,t6,GTA,conceptual,1,0,1,1.453,1.453,0.02505,58,3,,,,
2,55741766,s79,t6,GTA,conceptual,0,0,0,1.464,,,0,,,,,
2,55741766,s80,t6,GTA,conceptual,1,1,1,6.735,6.735,0.11612,58,,0,3,0.1363636364,keep
2,55741766,s81,t6,GTA,conceptual,0,0,0,0.766,,,0,,,,,
2,55741766,s82,t6,GTA,conceptual,0,1,0,7.208,,,0,,0,2,,keep
2,55741766,s83,t6,GTA,conceptual,0,1,0,6.025,,,0,,0,2,,keep
2,55741766,s84,t6,GTA,conceptual,0,1,0,10.622,,,0,,0,2,,keep
2,55741766,s85,t6,GTA,conceptual,0,0,0,0.863,,,0,,,,,
2,55741766,s86,t6,GTA,conceptual,0,1,0,10.556,,,0,,0,3,,keep
2,55741766,s87,t6,GTA,conceptual,0,1,0,1.616,,,0,,0,2,,keep
2,55741766,s88,t6,GTA,conceptual,0,0,0,1.563,,,0,,,,,
2,55741768,s1,t8,GTA,applied,0,1,0,5.146,,,0,,0,3,,keep
2,55741768,s2,t8,GTA,applied,0,0,0,1.65,,,0,,,,,
2,55741768,s3,t8,GTA,applied,0,1,0,6.305,,,0,,0,2,,keep
2,55741768,s4,t8,GTA,applied,0,1,0,3.909,,,0,,0,2,,keep
2,55741768,s5,t8,GTA,applied,1,1,0,12.46,,,0,,0,2,,keep
2,55741768,s6,t8,GTA,applied,0,1,0,4.053,,,0,,0,2,,keep
2,55741768,s7,t8,GTA,applied,0,1,0,3.599,,,0,,0,3,,keep
2,55741768,s8,t8,GTA,applied,1,0,0,1.381,,,0,,,,,
2,55741768,s9,t8,GTA,applied,1,1,0,33.766,,,0,,0,2,,keep
2,55741768,s10,t8,GTA,applied,1,1,1,26.01,26.01,0.1136,229,,1,4,0.8867924528,keep
2,55741768,s11,t8,GTA,applied,1,0,0,1.793,,,0,,,,,
2,55741768,s12,t8,GTA,applied,0,0,0,1.81,,,0,,,,,
2,55741768,s13,t8,GTA,applied,0,1,0,23.747,,,0,,0,2,,keep
2,55741768,s14,t8,GTA,applied,0,1,0,4.537,,,0,3,0,2,,keep
2,55741768,s15,t8,GTA,applied,0,0,0,1.563,,,0,,,,,
2,55741768,s17,t8,GTA,applied,0,0,0,1.532,,,0,,,,,
2,55741768,s19,t8,GTA,applied,0,1,0,39.213,,,0,,0,1,,keep
2,55741768,s20,t8,GTA,applied,1,0,0,1.454,,,0,,,,,
2,55741768,s21,t8,GTA,applied,0,0,0,1.732,,,0,,,,,
2,55741768,s22,t8,GTA,applied,1,0,0,1.256,,,0,,,,,
2,55741768,s23,t8,GTA,applied,0,0,0,1.377,,,0,3,,,,
2,55741768,s25,t8,GTA,applied,0,1,0,2.357,,,0,,0,2,,keep
2,55741768,s26,t8,GTA,applied,0,0,0,1.745,,,0,3,,,,
2,55741768,s27,t8,GTA,applied,1,1,0,43.525,,,0,,0,1,,keep
2,55741768,s28,t8,GTA,applied,1,1,0,7.893,,,0,,0,3,,keep
2,55741768,s29,t8,GTA,applied,1,0,0,1.839,,,0,,,,,
2,55741768,s30,t8,GTA,applied,0,0,1,1.837,,,0,,,,,
2,55741768,s31,t8,GTA,applied,0,1,0,19.224,,,0,,0,2,,keep
2,55741768,s32,t8,GTA,applied,0,1,0,6.196,,,0,,0,1,,keep
2,55741768,s33,t8,GTA,applied,1,1,1,8.191,8.191,0.025126,326,1,1,4,1,keep
2,55741768,s34,t8,GTA,applied,0,1,0,3.959,,,0,,0,2,,keep
2,55741768,s35,t8,GTA,applied,0,0,0,2.056,,,0,,,,,
2,55741768,s36,t8,GTA,applied,1,0,0,2.441,,,0,2,,,,
2,55741768,s37,t8,GTA,applied,1,0,0,1.591,,,0,,,,,
2,55741768,s38,t8,GTA,applied,1,0,0,1.628,,,0,,,,,
2,55741768,s39,t8,GTA,applied,1,1,0,6.401,,,0,,0,4,,keep
2,55741768,s40,t8,GTA,applied,0,0,0,3.079,,,0,,,,,
2,55741768,s41,t8,GTA,applied,1,0,0,1.336,,,0,,,,,
2,55741768,s42,t8,GTA,applied,0,0,0,1.511,,,0,3,,,,
2,55741768,s43,t8,GTA,applied,0,1,0,15.929,,,0,,0,1,,keep
2,55741768,s44,t8,GTA,applied,0,1,0,18.973,,,0,,0,2,,keep
2,55741768,s45,t8,GTA,applied,0,0,0,3.029,,,0,,,,,
2,55741768,s46,t8,GTA,applied,1,0,0,2.579,,,0,,,,,
2,55741768,s47,t8,GTA,applied,0,1,0,2.117,,,0,,0,2,,keep
2,55741768,s48,t8,GTA,applied,1,0,0,1.319,,,0,,,,,
2,55741768,s49,t8,GTA,applied,0,0,0,1.66,,,0,,,,,
2,55741768,s50,t8,GTA,applied,1,1,0,9.181,,,0,,0,1,,keep
2,55741768,s51,t8,GTA,applied,1,0,0,1.383,,,0,,,,,
2,55741768,s52,t8,GTA,applied,1,1,1,26.242,26.242,0.117677,223,,0,2,0.2162162162,keep
2,55741768,s54,t8,GTA,applied,0,1,0,8.15,,,0,,0,1,,keep
2,55741768,s55,t8,GTA,applied,1,1,1,10.335,10.335,0.044935,230,4,1,4,0.8282828283,keep
2,55741768,s56,t8,GTA,applied,0,1,0,3.197,,,0,,0,2,,keep
2,55741768,s57,t8,GTA,applied,1,1,1,40.997,40.997,0.183843,223,,1,4,0.7843137255,keep
2,55741768,s58,t8,GTA,applied,0,1,0,2.58,,,0,5,0,2,,keep
2,55741768,s59,t8,GTA,applied,1,0,0,1.705,,,0,,,,,
2,55741768,s60,t8,GTA,applied,1,1,1,40.856,40.856,2.0428,20,,0,1,0.03921568627,keep
2,55741768,s61,t8,GTA,applied,0,1,0,1.661,,,0,,0,2,,keep
2,55741768,s62,t8,GTA,applied,0,0,0,1.518,,,0,,,,,
2,55741768,s63,t8,GTA,applied,0,0,0,2.379,,,0,,,,,
2,55741768,s64,t8,GTA,applied,1,0,0,1.707,,,0,,,,,
2,55741768,s66,t8,GTA,applied,1,1,0,6.859,,,0,,0,2,,keep
2,55741768,s67,t8,GTA,applied,0,1,0,12.648,,,0,,0,2,,keep
2,55741768,s68,t8,GTA,applied,0,0,0,2.455,,,0,,,,,
2,55741768,s69,t8,GTA,applied,0,1,0,2.228,,,0,,0,2,,keep
2,55741768,s70,t8,GTA,applied,1,1,0,2.835,,,0,,0,3,,keep
2,55741768,s71,t8,GTA,applied,1,0,0,1.435,,,0,,,,,
2,55741768,s72,t8,GTA,applied,0,0,0,1.69,,,0,,,,,
2,55741768,s73,t8,GTA,applied,0,1,0,2.11,,,0,,0,2,,keep
2,55741768,s74,t8,GTA,applied,1,1,0,67.294,,,0,,0,1,,keep
2,55741768,s75,t8,GTA,applied,1,0,0,1.458,,,0,4,,,,
2,55741768,s76,t8,GTA,applied,1,0,0,2.443,,,0,,,,,
2,55741768,s78,t8,GTA,applied,0,1,0,24.559,,,0,,0,2,,keep
2,55741768,s80,t8,GTA,applied,1,0,0,2.443,,,0,,,,,
2,55741768,s81,t8,GTA,applied,1,1,1,15.98,15.98,0.07297,219,4,1,4,0.88,keep
2,55741768,s82,t8,GTA,applied,0,0,0,2.174,,,0,,,,,
2,55741768,s83,t8,GTA,applied,0,0,0,1.831,,,0,,,,,
2,55741768,s84,t8,GTA,applied,1,0,0,2.161,,,0,4,,,,
2,55741768,s85,t8,GTA,applied,1,1,1,14.725,14.725,0.06663,221,4,1,4,0.8958333333,keep
2,55741768,s86,t8,GTA,applied,0,0,0,3.092,,,0,,,,,
2,55741768,s87,t8,GTA,applied,1,0,0,11.138,11.138,0.3276,34,,,,,
2,55741768,s88,t8,GTA,applied,0,1,0,42.846,,,0,,0,1,,keep
2,55741771,s1,t4,UTA,applied,0,0,1,104.562,104.562,11.618,9,,,,,
2,55741771,s2,t4,UTA,applied,0,1,1,7.779,7.779,0.06592,118,4,1,4,0.6666666667,keep
2,55741771,s3,t4,UTA,applied,1,0,1,22.232,22.232,0.5558,40,,,,,
2,55741771,s4,t4,UTA,applied,0,0,1,3.109,3.109,0.3454,9,,,,,
2,55741771,s5,t4,UTA,applied,0,0,1,2.968,2.968,0.3298,9,,,,,
2,55741771,s6,t4,UTA,applied,0,0,1,3.287,3.287,0.3652,9,,,,,
2,55741771,s7,t4,UTA,applied,0,0,1,4.031,4.031,0.4031,10,,,,,
2,55741771,s8,t4,UTA,applied,0,1,1,10.436,10.436,0.09845,106,,1,4,0.7307692308,keep
2,55741771,s9,t4,UTA,applied,0,0,1,3.026,3.026,0.3362,9,,,,,
2,55741771,s10,t4,UTA,applied,0,0,1,2.733,2.733,0.3037,9,,,,,
2,55741771,s11,t4,UTA,applied,0,1,1,6.748,6.748,0.04065,166,,1,4,0.7297297297,keep
2,55741771,s12,t4,UTA,applied,0,1,1,7.305,7.305,0.04509,162,,1,4,0.7837837838,keep
2,55741771,s13,t4,UTA,applied,0,0,1,2.785,2.785,0.3094,9,,,,,
2,55741771,s14,t4,UTA,applied,0,0,1,2.939,2.939,0.3266,9,3,,,,
2,55741771,s15,t4,UTA,applied,0,1,1,6.512,6.512,0.03923,166,,1,4,0.7671232877,keep
2,55741771,s17,t4,UTA,applied,0,1,1,10.974,10.974,0.10865,101,,1,4,0.5517241379,keep
2,55741771,s19,t4,UTA,applied,0,0,1,3.044,3.044,0.3382,9,,,,,
2,55741771,s20,t4,UTA,applied,1,1,1,3.402,3.402,1.701,2,,0,1,0,keep
2,55741771,s21,t4,UTA,applied,0,1,1,6.501,6.501,0.06916,94,,1,4,0.5098039216,keep
2,55741771,s22,t4,UTA,applied,0,1,1,12.75,12.75,0.0737,173,3,1,4,0.8358208955,keep
2,55741771,s23,t4,UTA,applied,0,1,1,7.523,7.523,0.8359,9,3,0,1,0,keep
2,55741771,s24,t4,UTA,applied,1,0,1,33.677,33.677,0.37839,89,,,,,
2,55741771,s25,t4,UTA,applied,0,0,1,3.641,3.641,0.4046,9,,,,,
2,55741771,s26,t4,UTA,applied,0,1,1,5.121,5.121,0.04698,109,3,1,4,0.6153846154,keep
2,55741771,s27,t4,UTA,applied,0,0,1,3.614,3.614,0.4016,9,,,,,
2,55741771,s28,t4,UTA,applied,0,0,1,3.076,3.076,0.3418,9,,,,,
2,55741771,s29,t4,UTA,applied,0,1,1,8.973,8.973,0.11078,81,,1,4,0.5384615385,keep
2,55741771,s30,t4,UTA,applied,0,1,1,6.841,6.841,0.03273,209,1,1,5,1,keep
2,55741771,s31,t4,UTA,applied,0,0,1,3.505,3.505,0.3894,9,,,,,
2,55741771,s32,t4,UTA,applied,0,0,1,2.827,2.827,0.3141,9,,,,,
2,55741771,s33,t4,UTA,applied,0,0,1,2.892,2.892,0.3213,9,3,,,,
2,55741771,s34,t4,UTA,applied,0,0,1,3.179,3.179,0.3532,9,4,,,,
2,55741771,s35,t4,UTA,applied,1,1,1,64.689,64.689,0.513405,126,,0,1,0.2253521127,keep
2,55741771,s36,t4,UTA,applied,0,1,1,6.988,6.988,0.06851,102,3,1,3,0.5714285714,keep
2,55741771,s37,t4,UTA,applied,0,1,1,14.622,14.622,0.10994,133,,1,4,1,keep
2,55741771,s38,t4,UTA,applied,0,1,1,25.697,25.697,0.24242,106,5,1,4,0.6101694915,keep
2,55741771,s39,t4,UTA,applied,1,0,1,6.726,6.726,0.2402,28,,,,,
2,55741771,s40,t4,UTA,applied,0,1,1,5.752,5.752,0.033835,170,,1,5,1,keep
2,55741771,s41,t4,UTA,applied,0,1,1,5.857,5.857,0.05632,104,,1,4,0.5964912281,keep
2,55741771,s42,t4,UTA,applied,0,1,1,4.859,4.859,0.03351,145,3,1,5,1,keep
2,55741771,s43,t4,UTA,applied,0,0,1,3.438,3.438,0.382,9,,,,,
2,55741771,s44,t4,UTA,applied,0,0,1,3.188,3.188,0.3542,9,,,,,
2,55741771,s45,t4,UTA,applied,0,1,1,5.209,5.209,0.05601,93,,1,4,0.5614035088,keep
2,55741771,s46,t4,UTA,applied,0,1,1,6.72,6.72,0.0425,158,,1,4,0.7012987013,keep
2,55741771,s47,t4,UTA,applied,0,0,1,4.429,4.429,0.2109,21,,,,,
2,55741771,s48,t4,UTA,applied,1,1,1,159.834,159.834,0.80724,198,,1,4,0.5714285714,keep
2,55741771,s49,t4,UTA,applied,0,1,1,5.038,5.038,0.05791,87,,1,4,0.5384615385,keep
2,55741771,s50,t4,UTA,applied,0,0,1,2.837,2.837,0.3152,9,3,,,,
2,55741771,s51,t4,UTA,applied,0,1,1,6.881,6.881,0.06881,100,3,1,4,0.5806451613,keep
2,55741771,s52,t4,UTA,applied,1,0,1,26.84,26.84,0.2917,92,,,,,
2,55741771,s54,t4,UTA,applied,0,0,1,2.83,2.83,0.314,9,,,,,
2,55741771,s55,t4,UTA,applied,1,0,1,12.092,12.092,0.16794,72,3,,,,
2,55741771,s56,t4,UTA,applied,0,0,1,4.633,4.633,0.5148,9,,,,,
2,55741771,s57,t4,UTA,applied,1,0,1,51.154,51.154,0.49187,104,,,,,
2,55741771,s58,t4,UTA,applied,0,0,1,2.657,2.657,0.2952,9,5,,,,
2,55741771,s59,t4,UTA,applied,0,1,1,5.628,5.628,0.0536,105,1,1,4,0.7391304348,keep
2,55741771,s60,t4,UTA,applied,0,0,1,3.129,3.129,0.3477,9,,,,,
2,55741771,s61,t4,UTA,applied,0,0,1,2.856,2.856,0.3173,9,,,,,
2,55741771,s62,t4,UTA,applied,0,1,1,5.678,5.678,0.6309,9,,0,1,0,keep
2,55741771,s63,t4,UTA,applied,0,1,1,6.479,6.479,0.033397,194,,1,5,1,keep
2,55741771,s64,t4,UTA,applied,0,1,1,5.742,5.742,0.05268,109,,1,4,0.6779661017,keep
2,55741771,s66,t4,UTA,applied,0,0,1,2.787,2.787,0.3097,9,,,,,
2,55741771,s67,t4,UTA,applied,0,0,1,2.845,2.845,0.3161,9,,,,,
2,55741771,s68,t4,UTA,applied,0,1,1,18.704,18.704,2.0782,9,3,0,1,0,keep
2,55741771,s69,t4,UTA,applied,0,0,1,5.04,5.04,0.18,28,,,,,
2,55741771,s70,t4,UTA,applied,0,0,1,2.81,2.81,0.312,9,3,,,,
2,55741771,s71,t4,UTA,applied,1,1,1,10.806,10.806,0.048676,222,,1,4,0.8453608247,keep
2,55741771,s72,t4,UTA,applied,0,1,1,6.585,6.585,0.05534,119,,1,4,0.6557377049,keep
2,55741771,s73,t4,UTA,applied,0,0,1,2.971,2.971,0.3301,9,,,,,
2,55741771,s74,t4,UTA,applied,0,0,1,2.842,2.842,0.3158,9,,,,,
2,55741771,s75,t4,UTA,applied,0,1,1,6.526,6.526,0.04944,132,4,1,4,0.6896551724,keep
2,55741771,s76,t4,UTA,applied,1,1,1,37.468,37.468,0.21784,172,,1,4,0.6722689076,keep
2,55741771,s78,t4,UTA,applied,0,0,1,3.112,3.112,0.3458,9,3,,,,
2,55741771,s79,t4,UTA,applied,0,0,1,3.334,3.334,0.3704,9,,,,,
2,55741771,s80,t4,UTA,applied,0,1,1,6.929,6.929,0.05774,120,,1,4,0.5666666667,keep
2,55741771,s81,t4,UTA,applied,0,0,1,2.884,2.884,0.3204,9,3,,,,
2,55741771,s82,t4,UTA,applied,0,1,1,5.499,5.499,0.038455,143,,1,4,0.6764705882,keep
2,55741771,s83,t4,UTA,applied,0,1,1,6.123,6.123,0.04821,127,,1,4,0.7741935484,keep
2,55741771,s84,t4,UTA,applied,0,1,1,11.559,11.559,0.069216,167,4,1,4,0.7671232877,keep
2,55741771,s85,t4,UTA,applied,0,0,1,3.679,3.679,0.4088,9,,,,,
2,55741771,s86,t4,UTA,applied,0,1,1,6.637,6.637,0.058735,113,,1,4,0.7058823529,keep
2,55741771,s87,t4,UTA,applied,0,1,1,8.316,8.316,0.08153,102,,1,3,0.6071428571,keep
2,55741771,s88,t4,UTA,applied,0,0,1,2.984,2.984,0.3316,9,,,,,
2,57733261,s1,t1,UTA,applied,0,1,0,1.123,,,0,,0,4,,keep
2,57733261,s2,t1,UTA,applied,0,0,0,0.685,,,0,,,,,
2,57733261,s3,t1,UTA,applied,0,1,0,1.311,,,0,,0,4,,keep
2,57733261,s4,t1,UTA,applied,0,1,0,1.452,,,0,,0,4,,keep
2,57733261,s5,t1,UTA,applied,0,1,0,3.231,,,0,,0,4,,keep
2,57733261,s6,t1,UTA,applied,0,1,0,0.956,,,0,,0,4,,keep
2,57733261,s7,t1,UTA,applied,0,1,0,1.051,,,0,,0,4,,keep
2,57733261,s8,t1,UTA,applied,0,0,0,0.823,,,0,,,,,
2,57733261,s9,t1,UTA,applied,0,1,0,1.468,,,0,,0,4,,keep
2,57733261,s10,t1,UTA,applied,0,1,0,1.296,,,0,,0,4,,keep
2,57733261,s11,t1,UTA,applied,0,0,0,0.633,,,0,,,,,
2,57733261,s12,t1,UTA,applied,0,0,0,0.771,,,0,,,,,
2,57733261,s13,t1,UTA,applied,0,1,0,1.311,,,0,,0,4,,keep
2,57733261,s14,t1,UTA,applied,0,1,0,1.14,,,0,3,0,4,,keep
2,57733261,s15,t1,UTA,applied,0,0,0,1.24,,,0,,,,,
2,57733261,s17,t1,UTA,applied,0,0,0,4.854,,,0,,,,,
2,57733261,s19,t1,UTA,applied,0,1,0,5.629,,,0,,0,4,,keep
2,57733261,s20,t1,UTA,applied,1,0,0,5.921,,,0,,,,,
2,57733261,s21,t1,UTA,applied,0,0,0,0.67,,,0,,,,,
2,57733261,s22,t1,UTA,applied,0,0,0,0.963,,,0,,,,,
2,57733261,s23,t1,UTA,applied,0,0,0,0.806,,,0,3,,,,
2,57733261,s24,t1,UTA,applied,0,1,0,0.948,,,0,,0,4,,keep
2,57733261,s25,t1,UTA,applied,0,1,0,1.559,,,0,,0,4,,keep
2,57733261,s26,t1,UTA,applied,0,0,0,0.771,,,0,3,,,,
2,57733261,s27,t1,UTA,applied,0,1,0,1.643,,,0,,0,4,,keep
2,57733261,s28,t1,UTA,applied,0,1,0,1.434,,,0,,0,4,,keep
2,57733261,s29,t1,UTA,applied,1,0,0,1.236,1.236,0.02687,46,,,,,
2,57733261,s30,t1,UTA,applied,0,0,0,0.88,,,0,,,,,
2,57733261,s31,t1,UTA,applied,0,1,0,3.095,,,0,,0,4,,keep
2,57733261,s32,t1,UTA,applied,0,1,0,1.551,,,0,,0,4,,keep
2,57733261,s33,t1,UTA,applied,0,1,0,1.179,,,0,,0,3,,keep
2,57733261,s34,t1,UTA,applied,0,1,0,1.085,,,0,,0,4,,keep
2,57733261,s35,t1,UTA,applied,0,0,0,1.127,,,0,,,,,
2,57733261,s36,t1,UTA,applied,0,0,0,0.787,,,0,,,,,
2,57733261,s37,t1,UTA,applied,0,0,0,1.209,,,0,,,,,
2,57733261,s38,t1,UTA,applied,1,0,1,18.741,18.741,0.6247,30,5,,,,
2,57733261,s39,t1,UTA,applied,1,1,0,1.094,1.094,0.003325,329,,0,4,1,decrease
2,57733261,s40,t1,UTA,applied,0,0,0,0.95,,,0,,,,,
2,57733261,s41,t1,UTA,applied,0,0,0,0.887,,,0,,,,,
2,57733261,s42,t1,UTA,applied,0,0,0,0.95,,,0,3,,,,
2,57733261,s43,t1,UTA,applied,0,1,0,2.222,,,0,,0,2,,keep
2,57733261,s44,t1,UTA,applied,1,1,1,11.535,11.535,0.032493,355,,1,5,1,keep
2,57733261,s45,t1,UTA,applied,0,0,0,1.177,,,0,,,,,
2,57733261,s46,t1,UTA,applied,1,0,0,0.997,0.997,0.03116,32,,,,,
2,57733261,s47,t1,UTA,applied,0,1,0,1.001,,,0,,0,4,,keep
2,57733261,s48,t1,UTA,applied,1,0,0,0.633,0.633,0.01194,53,,,,,
2,57733261,s49,t1,UTA,applied,0,0,0,0.806,,,0,,,,,
2,57733261,s50,t1,UTA,applied,0,1,0,1.052,,,0,,0,4,,keep
2,57733261,s51,t1,UTA,applied,0,0,0,1.188,,,0,,,,,
2,57733261,s52,t1,UTA,applied,0,1,0,1.148,,,0,,0,4,,keep
2,57733261,s54,t1,UTA,applied,0,1,0,3.067,,,0,,0,4,,keep
2,57733261,s55,t1,UTA,applied,0,1,0,4.419,,,0,,0,4,,keep
2,57733261,s56,t1,UTA,applied,0,1,0,0.942,,,0,,0,4,,keep
2,57733261,s57,t1,UTA,applied,0,1,0,1.531,,,0,,0,4,,keep
2,57733261,s58,t1,UTA,applied,0,1,0,1.009,,,0,5,0,4,,keep
2,57733261,s59,t1,UTA,applied,0,0,0,1.29,,,0,,,,,
2,57733261,s60,t1,UTA,applied,0,1,0,11.243,,,0,,0,4,,keep
2,57733261,s61,t1,UTA,applied,0,1,0,0.941,,,0,,0,4,,keep
2,57733261,s62,t1,UTA,applied,0,0,0,0.79,,,0,,,,,
2,57733261,s63,t1,UTA,applied,0,0,0,1.358,,,0,,,,,
2,57733261,s64,t1,UTA,applied,0,0,0,0.747,,,0,,,,,
2,57733261,s66,t1,UTA,applied,0,1,0,2.008,,,0,,0,3,,keep
2,57733261,s67,t1,UTA,applied,0,1,0,0.991,,,0,,0,4,,keep
2,57733261,s68,t1,UTA,applied,0,0,0,0.662,,,0,,,,,
2,57733261,s69,t1,UTA,applied,0,1,0,1.137,,,0,,0,4,,keep
2,57733261,s70,t1,UTA,applied,0,1,0,0.934,,,0,,0,4,,keep
2,57733261,s71,t1,UTA,applied,0,0,0,1.246,,,0,,,,,
2,57733261,s72,t1,UTA,applied,0,0,0,0.929,,,0,,,,,
2,57733261,s73,t1,UTA,applied,0,1,0,1.125,,,0,,0,1,,keep
2,57733261,s74,t1,UTA,applied,0,1,0,1.238,,,0,,0,4,,keep
2,57733261,s75,t1,UTA,applied,1,0,0,1.399,1.399,0.0159,88,5,,,,
2,57733261,s76,t1,UTA,applied,0,0,0,0.706,,,0,,,,,
2,57733261,s78,t1,UTA,applied,1,1,1,31.75,31.75,1.323,24,3,1,4,0.02325581395,keep
2,57733261,s79,t1,UTA,applied,0,1,0,3.669,,,0,,0,3,,keep
2,57733261,s80,t1,UTA,applied,0,0,0,0.866,,,0,,,,,
2,57733261,s81,t1,UTA,applied,0,1,0,1.847,,,0,,0,3,,keep
2,57733261,s82,t1,UTA,applied,0,0,0,1.262,,,0,,,,,
2,57733261,s83,t1,UTA,applied,0,0,0,1.239,,,0,,,,,
2,57733261,s84,t1,UTA,applied,0,0,0,1.509,,,0,,,,,
2,57733261,s85,t1,UTA,applied,0,1,0,1.23,,,0,,0,4,,keep
2,57733261,s86,t1,UTA,applied,0,0,0,0.732,,,0,,,,,
2,57733261,s87,t1,UTA,applied,0,0,0,0.824,,,0,,,,,
2,57733261,s88,t1,UTA,applied,0,1,0,1.416,,,0,,0,4,,keep
2,57733683,s1,t7,GTA,conceptual,0,0,0,2.9,,,0,,,,,
2,57733683,s3,t7,GTA,conceptual,1,0,0,1.172,,,0,,,,,
2,57733683,s4,t7,GTA,conceptual,1,0,0,3.736,,,0,,,,,
2,57733683,s6,t7,GTA,conceptual,0,0,0,0.943,,,0,,,,,
2,57733683,s9,t7,GTA,conceptual,0,0,0,1.079,,,0,,,,,
2,57733683,s10,t7,GTA,conceptual,0,0,0,1.373,,,0,,,,,
2,57733683,s11,t7,GTA,conceptual,0,1,0,2.046,,,0,,0,3,,keep
2,57733683,s12,t7,GTA,conceptual,0,1,0,1.801,,,0,,0,2,,keep
2,57733683,s14,t7,GTA,conceptual,0,0,0,0.915,,,0,3,,,,
2,57733683,s15,t7,GTA,conceptual,0,1,0,3.009,,,0,,0,2,,keep
2,57733683,s17,t7,GTA,conceptual,0,1,0,8.2,,,0,,0,3,,keep
2,57733683,s20,t7,GTA,conceptual,1,1,0,2.968,,,0,,0,2,,keep
2,57733683,s21,t7,GTA,conceptual,0,1,0,3.773,,,0,,0,3,,keep
2,57733683,s22,t7,GTA,conceptual,0,1,0,2.741,,,0,,0,2,,keep
2,57733683,s23,t7,GTA,conceptual,0,1,0,5.972,,,0,3,0,3,,keep
2,57733683,s24,t7,GTA,conceptual,1,0,0,1.393,,,0,,,,,
2,57733683,s25,t7,GTA,conceptual,0,0,0,1.675,,,0,,,,,
2,57733683,s26,t7,GTA,conceptual,0,1,0,6.924,,,0,3,0,3,,keep
2,57733683,s33,t7,GTA,conceptual,0,0,0,1.683,,,0,,,,,
2,57733683,s34,t7,GTA,conceptual,0,0,0,1.969,,,0,,,,,
2,57733683,s38,t7,GTA,conceptual,1,1,1,15.217,15.217,0.057423,265,5,1,4,0.7936507937,keep
2,57733683,s39,t7,GTA,conceptual,0,0,0,1.368,,,0,,,,,
2,57733683,s40,t7,GTA,conceptual,0,1,0,3.161,,,0,,0,2,,keep
2,57733683,s41,t7,GTA,conceptual,0,1,0,5.565,,,0,,0,3,,keep
2,57733683,s42,t7,GTA,conceptual,0,1,0,9.774,,,0,3,0,3,,keep
2,57733683,s44,t7,GTA,conceptual,0,0,0,1.269,,,0,,,,,
2,57733683,s45,t7,GTA,conceptual,0,1,1,16.511,16.511,0.049882,331,,1,3,1,keep
2,57733683,s46,t7,GTA,conceptual,1,1,1,70.696,70.696,0.60945,116,,0,3,0.1818181818,keep
2,57733683,s47,t7,GTA,conceptual,1,0,1,22.197,22.197,0.27746,80,,,,,
2,57733683,s48,t7,GTA,conceptual,0,1,0,3.714,,,0,,0,3,,keep
2,57733683,s49,t7,GTA,conceptual,0,1,0,3.048,,,0,,0,2,,keep
2,57733683,s51,t7,GTA,conceptual,0,1,0,2.717,,,0,,0,2,,keep
2,57733683,s52,t7,GTA,conceptual,0,0,0,1.142,,,0,,,,,
2,57733683,s55,t7,GTA,conceptual,0,0,0,1.343,,,0,,,,,
2,57733683,s56,t7,GTA,conceptual,0,0,0,1.27,,,0,,,,,
2,57733683,s57,t7,GTA,conceptual,0,0,0,1.38,,,0,,,,,
2,57733683,s58,t7,GTA,conceptual,0,0,0,1.302,,,0,5,,,,
2,57733683,s59,t7,GTA,conceptual,0,1,1,14.462,14.462,0.050744,285,3,1,4,0.7067669173,keep
2,57733683,s61,t7,GTA,conceptual,0,0,0,0.897,,,0,,,,,
2,57733683,s62,t7,GTA,conceptual,0,1,0,3.386,,,0,,0,3,,keep
2,57733683,s63,t7,GTA,conceptual,0,1,0,1.942,,,0,,0,3,,keep
2,57733683,s64,t7,GTA,conceptual,0,1,0,3.254,,,0,,0,2,,keep
2,57733683,s66,t7,GTA,conceptual,0,0,0,2.457,,,0,,,,,
2,57733683,s67,t7,GTA,conceptual,0,0,0,2.564,,,0,,,,,
2,57733683,s68,t7,GTA,conceptual,0,1,1,6.766,6.766,0.03677,184,4,1,3,1,keep
2,57733683,s69,t7,GTA,conceptual,0,0,0,1.648,,,0,,,,,
2,57733683,s70,t7,GTA,conceptual,1,0,0,1.079,,,0,,,,,
2,57733683,s74,t7,GTA,conceptual,0,0,0,1.025,,,0,,,,,
2,57733683,s75,t7,GTA,conceptual,0,1,0,3.394,,,0,3,0,3,,keep
2,57733683,s76,t7,GTA,conceptual,0,1,0,3.01,,,0,,0,3,,keep
2,57733683,s85,t7,GTA,conceptual,0,0,0,1.528,,,0,,,,,
3,55741777,s1,t5,GTA,conceptual,0,1,0,2.647,,,0,,0,3,,keep
3,55741777,s2,t5,GTA,conceptual,0,1,0,3.741,,,0,,0,4,,keep
3,55741777,s3,t5,GTA,conceptual,0,1,0,1.841,,,0,,0,4,,keep
3,55741777,s4,t5,GTA,conceptual,1,1,1,20.273,20.273,0.051065,397,,1,5,1,decrease
3,55741777,s5,t5,GTA,conceptual,0,0,0,0.89,,,0,,,,,
3,55741777,s6,t5,GTA,conceptual,0,1,0,1.987,,,0,,0,4,,keep
3,55741777,s7,t5,GTA,conceptual,0,1,0,24.535,,,0,,0,4,,keep
3,55741777,s8,t5,GTA,conceptual,0,0,0,2.603,,,0,,,,,
3,55741777,s9,t5,GTA,conceptual,0,0,0,0.898,,,0,,,,,
3,55741777,s10,t5,GTA,conceptual,0,0,0,2.676,,,0,,,,,
3,55741777,s11,t5,GTA,conceptual,1,1,1,20.197,20.197,0.049993,404,,1,4,,decrease
3,55741777,s12,t5,GTA,conceptual,0,1,0,4.404,,,0,,0,4,,keep
3,55741777,s13,t5,GTA,conceptual,0,0,0,0.969,,,0,3,,,,
3,55741777,s14,t5,GTA,conceptual,0,0,0,0.795,,,0,,,,,
3,55741777,s15,t5,GTA,conceptual,0,1,0,2.117,,,0,,0,4,,keep
3,55741777,s16,t5,GTA,conceptual,0,1,0,2.869,,,0,,0,4,,keep
3,55741777,s18,t5,GTA,conceptual,1,1,1,7.826,7.826,0.021983,356,,1,4,1,keep
3,55741777,s19,t5,GTA,conceptual,0,0,0,0.757,,,0,,,,,
3,55741777,s22,t5,GTA,conceptual,0,1,0,1.704,,,0,,0,4,,keep
3,55741777,s23,t5,GTA,conceptual,0,1,0,1.75,,,0,3,0,4,,keep
3,55741777,s25,t5,GTA,conceptual,0,0,0,1.478,,,0,,,,,
3,55741777,s26,t5,GTA,conceptual,0,1,0,2.564,,,0,,0,4,,keep
3,55741777,s27,t5,GTA,conceptual,0,1,0,3.713,,,0,,0,4,,keep
3,55741777,s28,t5,GTA,conceptual,1,1,1,11.712,11.712,0.03042,385,,1,4,0.9942857143,decrease
3,55741777,s29,t5,GTA,conceptual,0,1,0,1.945,,,0,,0,4,,keep
3,55741777,s30,t5,GTA,conceptual,0,0,0,0.794,,,0,,,,,
3,55741777,s31,t5,GTA,conceptual,0,0,0,0.758,,,0,,,,,
3,55741777,s32,t5,GTA,conceptual,0,1,0,1.836,,,0,,0,4,,keep
3,55741777,s33,t5,GTA,conceptual,0,0,0,0.876,,,0,,,,,
3,55741777,s34,t5,GTA,conceptual,0,1,0,1.428,,,0,,0,4,,keep
3,55741777,s35,t5,GTA,conceptual,0,0,0,1.318,,,0,,,,,
3,55741777,s36,t5,GTA,conceptual,1,1,1,49.514,49.514,0.161283,307,4,1,5,1,decrease
3,55741777,s37,t5,GTA,conceptual,0,0,0,0.858,,,0,,,,,
3,55741777,s38,t5,GTA,conceptual,0,0,0,1.001,,,0,,,,,
3,55741777,s39,t5,GTA,conceptual,0,0,0,0.939,,,0,,,,,
3,55741777,s40,t5,GTA,conceptual,0,1,0,3.137,,,0,,0,4,,keep
3,55741777,s41,t5,GTA,conceptual,0,0,0,0.794,,,0,,,,,
3,55741777,s42,t5,GTA,conceptual,0,0,0,1.052,,,0,,,,,
3,55741777,s43,t5,GTA,conceptual,0,0,0,1.366,,,0,,,,,
3,55741777,s45,t5,GTA,conceptual,0,0,0,0.618,,,0,,,,,
3,55741777,s48,t5,GTA,conceptual,1,1,1,13.181,13.181,0.031761,415,,1,4,1,decrease
3,55741777,s49,t5,GTA,conceptual,0,1,0,1.396,,,0,,0,4,,keep
3,55741777,s50,t5,GTA,conceptual,0,1,0,2.044,,,0,,0,4,,keep
3,55741777,s51,t5,GTA,conceptual,0,0,0,1.107,,,0,,,,,
3,55741777,s52,t5,GTA,conceptual,0,1,0,3.973,,,0,,0,4,,keep
3,55741777,s53,t5,GTA,conceptual,0,1,0,22.337,,,0,,0,3,,keep
3,55741777,s54,t5,GTA,conceptual,1,1,1,215.693,215.693,0.509913,423,2,1,5,1,decrease
3,55741777,s55,t5,GTA,conceptual,0,0,0,1.449,,,0,,,,,
3,55741777,s56,t5,GTA,conceptual,0,0,0,0.882,,,0,,,,,
3,55741777,s57,t5,GTA,conceptual,0,1,0,3.891,,,0,,0,4,,keep
3,55741777,s58,t5,GTA,conceptual,0,1,0,2.014,,,0,4,0,4,,keep
3,55741777,s59,t5,GTA,conceptual,0,0,0,2.782,,,0,,,,,
3,55741777,s60,t5,GTA,conceptual,1,1,1,35.161,35.161,0.089015,395,,1,4,1,decrease
3,55741777,s61,t5,GTA,conceptual,0,1,0,3.423,,,0,,0,4,,keep
3,55741777,s62,t5,GTA,conceptual,0,0,0,1.33,,,0,,,,,
3,55741777,s63,t5,GTA,conceptual,0,0,0,0.664,,,0,3,,,,
3,55741777,s64,t5,GTA,conceptual,0,1,0,1.563,,,0,,0,4,,keep
3,55741777,s65,t5,GTA,conceptual,0,0,0,1.312,,,0,,,,,
3,55741777,s66,t5,GTA,conceptual,0,0,0,1.114,,,0,,,,,
3,55741777,s67,t5,GTA,conceptual,0,0,0,0.682,,,0,,,,,
3,55741777,s68,t5,GTA,conceptual,0,1,0,3.117,,,0,,0,4,,keep
3,55741777,s69,t5,GTA,conceptual,0,1,0,1.716,,,0,,0,4,,keep
3,55741777,s70,t5,GTA,conceptual,0,1,0,2.713,,,0,,0,4,,keep
3,55741777,s71,t5,GTA,conceptual,0,0,0,0.96,,,0,,,,,
3,55741777,s72,t5,GTA,conceptual,0,0,0,0.72,,,0,,,,,
3,55741777,s73,t5,GTA,conceptual,0,1,0,1.115,,,0,,0,4,,keep
3,55741777,s74,t5,GTA,conceptual,1,1,1,14.977,14.977,0.046657,321,,1,4,1,decrease
3,55741777,s75,t5,GTA,conceptual,0,0,0,1.24,,,0,,,,,
3,55741777,s76,t5,GTA,conceptual,0,0,0,0.65,,,0,,,,,
3,55741777,s77,t5,GTA,conceptual,0,1,0,1.729,,,0,,0,4,,keep
3,55741777,s78,t5,GTA,conceptual,0,0,0,0.786,,,0,,,,,
3,55741777,s79,t5,GTA,conceptual,0,0,0,0.782,,,0,,,,,
3,55741777,s80,t5,GTA,conceptual,0,0,0,0.918,,,0,,,,,
3,55741777,s81,t5,GTA,conceptual,0,0,0,0.729,,,0,,,,,
3,55741777,s82,t5,GTA,conceptual,0,0,0,1.77,,,0,,,,,
3,55741777,s83,t5,GTA,conceptual,0,0,0,1.872,,,0,,,,,
3,55741777,s84,t5,GTA,conceptual,0,0,0,1.35,,,0,,,,,
3,55741777,s85,t5,GTA,conceptual,0,0,0,4.562,,,0,,,,,
3,55741777,s86,t5,GTA,conceptual,0,1,0,3.071,,,0,,0,3,,keep
3,55741777,s87,t5,GTA,conceptual,0,0,0,0.823,,,0,,,,,
3,55741777,s88,t5,GTA,conceptual,0,1,0,1.911,,,0,,0,4,,keep
3,55741778,s1,t9,GTA,applied,0,0,0,,,,0,,,,,
3,55741778,s2,t9,GTA,applied,0,0,0,,,,0,,,,,
3,55741778,s3,t9,GTA,applied,0,0,0,,,,0,,,,,
3,55741778,s4,t9,GTA,applied,0,0,0,,,,0,,,,,
3,55741778,s5,t9,GTA,applied,0,1,0,,,,0,,0,1,,keep
3,55741778,s6,t9,GTA,applied,0,0,0,,,,0,,,,,
3,55741778,s7,t9,GTA,applied,0,0,0,,,,0,,,,,
3,55741778,s8,t9,GTA,applied,0,1,0,,,,0,,0,1,,keep
3,55741778,s9,t9,GTA,applied,1,1,1,,,,325,,1,5,1,keep
3,55741778,s10,t9,GTA,applied,0,1,0,,,,0,,0,1,,keep
3,55741778,s11,t9,GTA,applied,0,0,0,,,,0,,,,,
3,55741778,s12,t9,GTA,applied,0,0,0,,,,0,,,,,
3,55741778,s13,t9,GTA,applied,0,1,0,,,,0,3,0,1,,keep
3,55741778,s14,t9,GTA,applied,0,1,0,,,,0,,0,1,,keep
3,55741778,s15,t9,GTA,applied,0,0,0,,,,0,,,,,
3,55741778,s16,t9,GTA,applied,0,0,0,,,,0,,,,,
3,55741778,s18,t9,GTA,applied,0,0,0,,,,0,,,,,
3,55741778,s19,t9,GTA,applied,0,1,0,,,,0,,0,1,,keep
3,55741778,s22,t9,GTA,applied,0,0,0,,,,0,,,,,
3,55741778,s23,t9,GTA,applied,0,0,0,,,,0,3,,,,
3,55741778,s25,t9,GTA,applied,0,1,0,,,,0,,0,1,,keep
3,55741778,s26,t9,GTA,applied,0,0,0,,,,0,,,,,
3,55741778,s27,t9,GTA,applied,0,0,0,,,,0,,,,,
3,55741778,s28,t9,GTA,applied,0,0,0,,,,0,,,,,
3,55741778,s29,t9,GTA,applied,1,0,0,,,,0,,,,,
3,55741778,s30,t9,GTA,applied,0,1,0,,,,0,,0,1,,keep
3,55741778,s31,t9,GTA,applied,0,1,0,,,,0,,0,1,,keep
3,55741778,s32,t9,GTA,applied,0,0,0,,,,0,,,,,
3,55741778,s33,t9,GTA,applied,0,1,0,,,,0,,0,1,,keep
3,55741778,s34,t9,GTA,applied,0,0,0,,,,0,,,,,
3,55741778,s35,t9,GTA,applied,0,1,0,,,,0,,0,1,,keep
3,55741778,s36,t9,GTA,applied,0,0,0,,,,0,,,,,
3,55741778,s37,t9,GTA,applied,0,1,0,,,,0,,0,1,,keep
3,55741778,s38,t9,GTA,applied,0,1,0,,,,0,,0,1,,keep
3,55741778,s39,t9,GTA,applied,0,1,0,,,,0,,0,1,,keep
3,55741778,s40,t9,GTA,applied,0,0,0,,,,0,,,,,
3,55741778,s41,t9,GTA,applied,0,1,0,,,,0,,0,1,,keep
3,55741778,s42,t9,GTA,applied,0,1,0,,,,0,,0,1,,keep
3,55741778,s43,t9,GTA,applied,0,1,0,,,,0,,0,1,,keep
3,55741778,s45,t9,GTA,applied,0,1,0,,,,0,,0,1,,keep
3,55741778,s48,t9,GTA,applied,0,0,0,,,,0,,,,,
3,55741778,s49,t9,GTA,applied,0,0,0,,,,0,,,,,
3,55741778,s50,t9,GTA,applied,0,0,0,,,,0,,,,,
3,55741778,s51,t9,GTA,applied,0,1,0,,,,0,,0,1,,keep
3,55741778,s52,t9,GTA,applied,0,0,0,,,,0,,,,,
3,55741778,s53,t9,GTA,applied,0,0,0,,,,0,,,,,
3,55741778,s54,t9,GTA,applied,0,0,0,,,,0,,,,,
3,55741778,s55,t9,GTA,applied,0,1,0,,,,0,,0,1,,keep
3,55741778,s56,t9,GTA,applied,0,1,0,,,,0,,0,1,,keep
3,55741778,s57,t9,GTA,applied,0,0,0,,,,0,,,,,
3,55741778,s58,t9,GTA,applied,0,0,0,,,,0,4,,,,
3,55741778,s59,t9,GTA,applied,0,1,0,,,,0,,0,1,,keep
3,55741778,s60,t9,GTA,applied,0,0,0,,,,0,,,,,
3,55741778,s61,t9,GTA,applied,0,0,0,,,,0,,,,,
3,55741778,s62,t9,GTA,applied,0,1,0,,,,0,,0,1,,keep
3,55741778,s63,t9,GTA,applied,0,1,0,,,,0,3,0,1,,keep
3,55741778,s64,t9,GTA,applied,0,0,0,,,,0,,,,,
3,55741778,s65,t9,GTA,applied,0,1,0,,,,0,,0,1,,keep
3,55741778,s66,t9,GTA,applied,1,1,1,,,,181,,1,5,1,keep
3,55741778,s67,t9,GTA,applied,0,1,0,,,,0,,0,1,,keep
3,55741778,s68,t9,GTA,applied,0,0,0,,,,0,,,,,
3,55741778,s69,t9,GTA,applied,0,0,0,,,,0,,,,,
3,55741778,s70,t9,GTA,applied,0,0,0,,,,0,,,,,
3,55741778,s71,t9,GTA,applied,0,1,0,,,,0,,0,1,,keep
3,55741778,s72,t9,GTA,applied,0,1,0,,,,0,,0,1,,keep
3,55741778,s73,t9,GTA,applied,0,0,0,,,,0,,,,,
3,55741778,s74,t9,GTA,applied,0,0,0,,,,0,,,,,
3,55741778,s75,t9,GTA,applied,0,1,0,,,,0,,0,1,,keep
3,55741778,s76,t9,GTA,applied,1,1,1,,,,255,,1,5,1,keep
3,55741778,s77,t9,GTA,applied,0,0,0,,,,0,,,,,
3,55741778,s78,t9,GTA,applied,1,1,1,,,,203,,1,5,1,keep
3,55741778,s79,t9,GTA,applied,0,1,0,,,,0,,0,1,,keep
3,55741778,s80,t9,GTA,applied,0,1,0,,,,0,,0,1,,keep
3,55741778,s81,t9,GTA,applied,0,1,0,,,,0,,0,1,,keep
3,55741778,s82,t9,GTA,applied,0,1,0,,,,0,,0,1,,keep
3,55741778,s83,t9,GTA,applied,0,1,0,,,,0,,0,1,,keep
3,55741778,s84,t9,GTA,applied,1,1,1,,,,193,,1,5,1,keep
3,55741778,s85,t9,GTA,applied,0,1,0,,,,0,,0,1,,keep
3,55741778,s86,t9,GTA,applied,0,0,0,,,,0,,,,,
3,55741778,s87,t9,GTA,applied,0,1,0,,,,0,,0,1,,keep
3,55741778,s88,t9,GTA,applied,0,0,0,,,,0,,,,,
3,55741784,s1,t6,GTA,conceptual,0,0,0,1.197,,,0,,,,,
3,55741784,s2,t6,GTA,conceptual,0,0,0,0.928,,,0,,,,,
3,55741784,s3,t6,GTA,conceptual,0,0,0,1.209,,,0,,,,,
3,55741784,s4,t6,GTA,conceptual,0,0,0,0.822,,,0,,,,,
3,55741784,s5,t6,GTA,conceptual,0,1,0,25.275,,,0,,0,3,,keep
3,55741784,s6,t6,GTA,conceptual,0,0,0,0.856,,,0,,,,,
3,55741784,s7,t6,GTA,conceptual,0,0,0,1.298,,,0,,,,,
3,55741784,s8,t6,GTA,conceptual,0,1,0,1.83,,,0,,0,3,,keep
3,55741784,s9,t6,GTA,conceptual,1,1,1,18.476,18.476,0.067185,275,,1,4,1,keep
3,55741784,s10,t6,GTA,conceptual,0,1,0,28.925,,,0,,0,3,,keep
3,55741784,s11,t6,GTA,conceptual,0,0,0,1.016,,,0,,,,,
3,55741784,s12,t6,GTA,conceptual,0,0,0,1.058,,,0,,,,,
3,55741784,s13,t6,GTA,conceptual,0,1,0,21.557,,,0,3,0,3,,keep
3,55741784,s14,t6,GTA,conceptual,0,1,1,119.57,119.57,0.9058,132,,1,3,0.4301075269,decrease
3,55741784,s15,t6,GTA,conceptual,1,0,1,1.202,1.202,0.00294,409,,,,,
3,55741784,s16,t6,GTA,conceptual,1,0,1,3.03,3.03,0.0352,86,,,,,
3,55741784,s18,t6,GTA,conceptual,0,0,0,1.307,,,0,,,,,
3,55741784,s19,t6,GTA,conceptual,0,1,0,1.408,,,0,,0,3,,keep
3,55741784,s22,t6,GTA,conceptual,0,0,0,1.593,,,0,,,,,
3,55741784,s23,t6,GTA,conceptual,0,0,0,1.492,,,0,3,,,,
3,55741784,s25,t6,GTA,conceptual,0,1,0,3.747,,,0,,0,3,,keep
3,55741784,s26,t6,GTA,conceptual,0,0,0,1.148,,,0,,,,,
3,55741784,s27,t6,GTA,conceptual,0,0,0,1.272,,,0,,,,,
3,55741784,s28,t6,GTA,conceptual,0,0,0,1.945,,,0,,,,,
3,55741784,s29,t6,GTA,conceptual,1,0,1,1.407,1.407,0.00977,144,2,,,,
3,55741784,s30,t6,GTA,conceptual,0,1,0,9.602,,,0,,0,3,,keep
3,55741784,s31,t6,GTA,conceptual,0,1,1,1.224,1.224,0.00641,191,,1,4,0.972972973,decrease
3,55741784,s32,t6,GTA,conceptual,0,0,0,1.076,,,0,,,,,
3,55741784,s33,t6,GTA,conceptual,0,1,0,19.505,,,0,,0,3,,keep
3,55741784,s34,t6,GTA,conceptual,0,0,0,0.939,,,0,,,,,
3,55741784,s35,t6,GTA,conceptual,0,1,0,6.867,,,0,,0,3,,keep
3,55741784,s36,t6,GTA,conceptual,0,0,0,0.951,,,0,,,,,
3,55741784,s38,t6,GTA,conceptual,0,1,0,19.346,,,0,,0,1,,keep
3,55741784,s39,t6,GTA,conceptual,1,1,1,76.879,76.879,0.78448,98,,0,5,0.2028985507,decrease
3,55741784,s40,t6,GTA,conceptual,0,0,0,1.465,,,0,,,,,
3,55741784,s41,t6,GTA,conceptual,0,1,0,4.294,,,0,,0,3,,keep
3,55741784,s42,t6,GTA,conceptual,0,1,0,5.766,,,0,,0,1,,keep
3,55741784,s43,t6,GTA,conceptual,0,1,0,2.911,,,0,,0,3,,keep
3,55741784,s45,t6,GTA,conceptual,0,1,0,6.826,,,0,,0,3,,keep
3,55741784,s48,t6,GTA,conceptual,0,0,0,1.606,,,0,,,,,
3,55741784,s49,t6,GTA,conceptual,0,0,0,1.24,,,0,,,,,
3,55741784,s50,t6,GTA,conceptual,0,0,0,1.259,,,0,,,,,
3,55741784,s51,t6,GTA,conceptual,0,1,1,143.695,143.695,0.487102,295,4,1,4,1,decrease
3,55741784,s52,t6,GTA,conceptual,0,0,0,1.524,,,0,,,,,
3,55741784,s53,t6,GTA,conceptual,0,0,0,0.93,,,0,,,,,
3,55741784,s54,t6,GTA,conceptual,0,0,0,2.745,,,0,,,,,
3,55741784,s55,t6,GTA,conceptual,0,1,1,29.573,29.573,0.087236,339,,1,4,1,decrease
3,55741784,s56,t6,GTA,conceptual,0,1,0,2.222,,,0,,0,2,,keep
3,55741784,s57,t6,GTA,conceptual,0,0,0,0.977,,,0,,,,,
3,55741784,s58,t6,GTA,conceptual,0,0,0,3.007,,,0,4,,,,
3,55741784,s59,t6,GTA,conceptual,0,1,0,32.988,,,0,,0,2,,keep
3,55741784,s60,t6,GTA,conceptual,0,0,0,1.538,,,0,,,,,
3,55741784,s61,t6,GTA,conceptual,0,0,0,1.631,,,0,,,,,
3,55741784,s62,t6,GTA,conceptual,0,1,0,6.397,,,0,,0,3,,keep
3,55741784,s63,t6,GTA,conceptual,1,1,1,124.662,124.662,1.35502,92,4,1,4,0.5660377358,decrease
3,55741784,s64,t6,GTA,conceptual,0,0,0,0.966,,,0,,,,,
3,55741784,s65,t6,GTA,conceptual,0,1,0,5.197,,,0,,0,3,,keep
3,55741784,s66,t6,GTA,conceptual,0,1,0,2.339,,,0,,0,3,,keep
3,55741784,s67,t6,GTA,conceptual,0,1,1,15.621,15.621,0.065088,240,,1,4,1,keep
3,55741784,s68,t6,GTA,conceptual,0,0,0,8.554,,,0,,,,,
3,55741784,s69,t6,GTA,conceptual,0,0,0,1.47,,,0,,,,,
3,55741784,s70,t6,GTA,conceptual,0,0,0,1.536,,,0,,,,,
3,55741784,s71,t6,GTA,conceptual,1,1,1,2.372,2.372,0.03163,75,,1,4,0.4642857143,decrease
3,55741784,s72,t6,GTA,conceptual,0,1,0,2.038,,,0,,0,3,,keep
3,55741784,s73,t6,GTA,conceptual,0,0,0,1.27,,,0,,,,,
3,55741784,s74,t6,GTA,conceptual,0,0,0,7.891,,,0,,,,,
3,55741784,s76,t6,GTA,conceptual,1,1,1,47.001,47.001,0.13743,342,,1,5,1,keep
3,55741784,s77,t6,GTA,conceptual,1,0,1,1.734,1.734,0.006193,280,,,,,
3,55741784,s78,t6,GTA,conceptual,0,1,0,3.044,,,0,,0,3,,keep
3,55741784,s79,t6,GTA,conceptual,0,1,0,3.657,,,0,,0,3,,keep
3,55741784,s80,t6,GTA,conceptual,0,1,0,26.465,,,0,,0,3,,keep
3,55741784,s81,t6,GTA,conceptual,0,1,1,88.872,88.872,0.362743,245,,1,4,1,keep
3,55741784,s83,t6,GTA,conceptual,0,1,0,2.77,,,0,,0,3,,keep
3,55741784,s84,t6,GTA,conceptual,0,1,0,4.646,,,0,,0,3,,keep
3,55741784,s85,t6,GTA,conceptual,0,1,0,1.97,,,0,,0,3,,keep
3,55741784,s86,t6,GTA,conceptual,0,0,0,0.868,,,0,,,,,
3,55741784,s87,t6,GTA,conceptual,0,1,0,1.661,,,0,,0,3,,keep
3,55741784,s88,t6,GTA,conceptual,0,0,0,1.496,,,0,,,,,
3,55741789,s1,t7,GTA,conceptual,0,0,0,1.43,,,0,,,,,
3,55741789,s2,t7,GTA,conceptual,0,0,0,1.087,,,0,,,,,
3,55741789,s3,t7,GTA,conceptual,0,0,0,1.311,,,0,,,,,
3,55741789,s4,t7,GTA,conceptual,0,0,0,1.08,,,0,,,,,
3,55741789,s5,t7,GTA,conceptual,0,1,0,5.086,,,0,,0,2,,keep
3,55741789,s6,t7,GTA,conceptual,1,0,0,1.392,,,0,,,,,
3,55741789,s7,t7,GTA,conceptual,0,0,0,1.145,,,0,,,,,
3,55741789,s8,t7,GTA,conceptual,0,1,0,4.734,,,0,,0,3,,keep
3,55741789,s9,t7,GTA,conceptual,1,1,1,10.813,10.813,0.07509,144,,1,3,0.5576923077,keep
3,55741789,s10,t7,GTA,conceptual,1,1,1,45.614,45.614,0.42235,108,,0,3,0.225,keep
3,55741789,s11,t7,GTA,conceptual,0,0,0,0.972,,,0,,,,,
3,55741789,s12,t7,GTA,conceptual,0,0,0,1.178,,,0,,,,,
3,55741789,s13,t7,GTA,conceptual,0,1,0,3.619,,,0,3,0,3,,keep
3,55741789,s14,t7,GTA,conceptual,0,1,0,4.851,,,0,,0,3,,keep
3,55741789,s15,t7,GTA,conceptual,1,0,1,20.858,20.858,0.12565,166,,,,,
3,55741789,s16,t7,GTA,conceptual,1,0,0,1.22,,,0,,,,,
3,55741789,s18,t7,GTA,conceptual,0,0,0,1.016,,,0,,,,,
3,55741789,s19,t7,GTA,conceptual,0,1,0,1.996,,,0,,0,2,,keep
3,55741789,s22,t7,GTA,conceptual,0,0,0,2.208,,,0,,,,,
3,55741789,s23,t7,GTA,conceptual,0,0,0,1.2,,,0,3,,,,
3,55741789,s25,t7,GTA,conceptual,0,1,0,16.576,,,0,,0,3,,keep
3,55741789,s26,t7,GTA,conceptual,0,0,0,1.146,,,0,,,,,
3,55741789,s27,t7,GTA,conceptual,0,0,0,1.071,,,0,,,,,
3,55741789,s28,t7,GTA,conceptual,0,0,0,1.043,,,0,,,,,
3,55741789,s30,t7,GTA,conceptual,0,1,0,6.223,,,0,,0,2,,keep
3,55741789,s31,t7,GTA,conceptual,0,1,0,2.341,,,0,,0,3,,keep
3,55741789,s32,t7,GTA,conceptual,0,0,1,1.03,1.03,0.0105,98,4,,,,
3,55741789,s33,t7,GTA,conceptual,0,1,0,3.595,,,0,,0,3,,keep
3,55741789,s34,t7,GTA,conceptual,0,0,0,1.185,,,0,,,,,
3,55741789,s35,t7,GTA,conceptual,0,1,0,3.946,,,0,,0,3,,keep
3,55741789,s36,t7,GTA,conceptual,0,0,0,1.263,,,0,,,,,
3,55741789,s37,t7,GTA,conceptual,0,1,0,2.834,,,0,,0,3,,keep
3,55741789,s38,t7,GTA,conceptual,1,1,1,33.034,33.034,0.19432,170,5,1,4,0.6428571429,keep
3,55741789,s39,t7,GTA,conceptual,1,1,0,3.573,,,0,,0,3,,keep
3,55741789,s40,t7,GTA,conceptual,0,0,0,1.616,,,0,,,,,
3,55741789,s41,t7,GTA,conceptual,1,1,1,45.447,45.447,0.28764,158,,1,4,0.9142857143,keep
3,55741789,s42,t7,GTA,conceptual,1,1,1,187.184,187.184,0.61777,303,5,1,3,0.5,keep
3,55741789,s43,t7,GTA,conceptual,0,1,0,30.397,,,0,,0,2,,keep
3,55741789,s45,t7,GTA,conceptual,0,1,0,2.005,,,0,,0,2,,keep
3,55741789,s48,t7,GTA,conceptual,1,0,0,1.25,,,0,,,,,
3,55741789,s49,t7,GTA,conceptual,0,0,0,1.18,,,0,,,,,
3,55741789,s50,t7,GTA,conceptual,0,0,0,1.958,,,0,,,,,
3,55741789,s51,t7,GTA,conceptual,0,1,0,1.884,,,0,,0,3,,keep
3,55741789,s52,t7,GTA,conceptual,0,0,0,1.742,,,0,,,,,
3,55741789,s53,t7,GTA,conceptual,1,0,0,1.14,,,0,,,,,
3,55741789,s54,t7,GTA,conceptual,0,0,0,0.91,,,0,,,,,
3,55741789,s55,t7,GTA,conceptual,0,1,0,32.356,,,0,,0,3,,keep
3,55741789,s56,t7,GTA,conceptual,0,1,0,2.196,,,0,,0,3,,keep
3,55741789,s57,t7,GTA,conceptual,0,0,0,0.996,,,0,,,,,
3,55741789,s58,t7,GTA,conceptual,0,0,0,1.271,,,0,3,,,,
3,55741789,s59,t7,GTA,conceptual,0,1,0,9.669,,,0,,0,2,,keep
3,55741789,s61,t7,GTA,conceptual,0,0,0,1.02,,,0,,,,,
3,55741789,s62,t7,GTA,conceptual,0,1,0,15.519,,,0,,0,3,,keep
3,55741789,s63,t7,GTA,conceptual,0,1,0,3.399,,,0,4,0,3,,keep
3,55741789,s64,t7,GTA,conceptual,0,0,0,1.276,,,0,,,,,
3,55741789,s65,t7,GTA,conceptual,0,1,0,5.216,,,0,,0,3,,keep
3,55741789,s66,t7,GTA,conceptual,0,1,0,13.525,,,0,,0,3,,keep
3,55741789,s67,t7,GTA,conceptual,0,1,0,2.217,,,0,,0,3,,keep
3,55741789,s68,t7,GTA,conceptual,0,0,0,1.425,,,0,,,,,
3,55741789,s69,t7,GTA,conceptual,0,0,0,1.4,,,0,,,,,
3,55741789,s70,t7,GTA,conceptual,0,0,0,1.118,,,0,,,,,
3,55741789,s71,t7,GTA,conceptual,1,1,0,2.104,,,0,,0,3,,keep
3,55741789,s72,t7,GTA,conceptual,0,1,0,11.283,,,0,,0,3,,keep
3,55741789,s73,t7,GTA,conceptual,0,0,0,1.345,,,0,,,,,
3,55741789,s74,t7,GTA,conceptual,0,0,0,0.988,,,0,,,,,
3,55741789,s76,t7,GTA,conceptual,1,1,1,10.948,10.948,0.034212,320,,1,4,1,keep
3,55741789,s77,t7,GTA,conceptual,1,0,0,3.202,,,0,,,,,
3,55741789,s78,t7,GTA,conceptual,0,1,0,4.365,,,0,,0,2,,keep
3,55741789,s79,t7,GTA,conceptual,0,1,0,17.532,,,0,,0,3,,keep
3,55741789,s80,t7,GTA,conceptual,1,1,1,19.69,19.69,0.1094,180,,1,4,0.6296296296,keep
3,55741789,s81,t7,GTA,conceptual,0,1,0,5.04,,,0,,0,3,,keep
3,55741789,s82,t7,GTA,conceptual,0,1,0,16.286,,,0,,0,3,,keep
3,55741789,s83,t7,GTA,conceptual,0,1,1,43.057,43.057,0.33638,128,,0,3,0.1066666667,keep
3,55741789,s84,t7,GTA,conceptual,1,1,1,36.335,36.335,0.126163,288,,1,4,1,decrease
3,55741789,s85,t7,GTA,conceptual,0,1,1,24.924,24.924,0.151055,165,,1,4,0.4935064935,keep
3,55741789,s86,t7,GTA,conceptual,0,0,0,1.658,,,0,,,,,
3,55741789,s87,t7,GTA,conceptual,0,1,0,2.445,,,0,,0,4,,keep
3,55741789,s88,t7,GTA,conceptual,0,0,0,1.317,,,0,,,,,
3,55741791,s1,t10,GTA,conceptual,1,1,0,,,,0,,0,2,,keep
3,55741791,s2,t10,GTA,conceptual,0,1,0,,,,0,,0,2,,keep
3,55741791,s3,t10,GTA,conceptual,0,1,0,,,,0,,0,2,,keep
3,55741791,s5,t10,GTA,conceptual,0,0,0,,,,0,,,,,
3,55741791,s6,t10,GTA,conceptual,0,1,0,,,,0,,0,1,,keep
3,55741791,s7,t10,GTA,conceptual,0,1,0,,,,0,,0,2,,keep
3,55741791,s8,t10,GTA,conceptual,0,0,0,,,,0,,,,,
3,55741791,s9,t10,GTA,conceptual,0,0,0,,,,0,,,,,
3,55741791,s11,t10,GTA,conceptual,0,1,0,,,,0,,0,1,,keep
3,55741791,s13,t10,GTA,conceptual,0,0,0,,,,0,3,,,,
3,55741791,s14,t10,GTA,conceptual,0,0,0,,,,0,,,,,
3,55741791,s16,t10,GTA,conceptual,1,1,0,,,,0,,0,3,,keep
3,55741791,s19,t10,GTA,conceptual,1,0,0,,,,0,,,,,
3,55741791,s22,t10,GTA,conceptual,0,1,0,,,,0,,0,2,,keep
3,55741791,s23,t10,GTA,conceptual,0,1,0,,,,0,3,0,1,,keep
3,55741791,s26,t10,GTA,conceptual,0,1,0,,,,0,,0,2,,keep
3,55741791,s28,t10,GTA,conceptual,0,1,0,,,,0,,0,2,,keep
3,55741791,s32,t10,GTA,conceptual,0,1,0,,,,0,,0,3,,keep
3,55741791,s33,t10,GTA,conceptual,0,0,0,,,,0,,,,,
3,55741791,s35,t10,GTA,conceptual,0,0,0,,,,0,,,,,
3,55741791,s37,t10,GTA,conceptual,0,0,0,,,,0,,,,,
3,55741791,s38,t10,GTA,conceptual,0,0,0,,,,0,,,,,
3,55741791,s39,t10,GTA,conceptual,0,0,0,,,,0,,,,,
3,55741791,s40,t10,GTA,conceptual,0,1,0,,,,0,,0,1,,keep
3,55741791,s42,t10,GTA,conceptual,0,0,0,,,,0,,,,,
3,55741791,s43,t10,GTA,conceptual,0,0,0,,,,0,,,,,
3,55741791,s48,t10,GTA,conceptual,0,1,0,,,,0,,0,2,,keep
3,55741791,s50,t10,GTA,conceptual,0,1,0,,,,0,,0,2,,keep
3,55741791,s51,t10,GTA,conceptual,0,0,0,,,,0,,,,,
3,55741791,s53,t10,GTA,conceptual,0,1,0,,,,0,,0,2,,keep
3,55741791,s54,t10,GTA,conceptual,0,1,0,,,,0,,0,2,,keep
3,55741791,s55,t10,GTA,conceptual,0,0,0,,,,0,,,,,
3,55741791,s56,t10,GTA,conceptual,0,0,0,,,,0,,,,,
3,55741791,s57,t10,GTA,conceptual,0,1,0,,,,0,,0,2,,keep
3,55741791,s58,t10,GTA,conceptual,0,1,0,,,,0,3,0,3,,keep
3,55741791,s60,t10,GTA,conceptual,0,1,0,,,,0,,0,2,,keep
3,55741791,s61,t10,GTA,conceptual,0,1,0,,,,0,,0,2,,keep
3,55741791,s63,t10,GTA,conceptual,0,0,0,,,,0,3,,,,
3,55741791,s64,t10,GTA,conceptual,0,1,0,,,,0,,0,1,,keep
3,55741791,s65,t10,GTA,conceptual,0,0,0,,,,0,,,,,
3,55741791,s66,t10,GTA,conceptual,0,0,0,,,,0,,,,,
3,55741791,s67,t10,GTA,conceptual,0,0,0,,,,0,,,,,
3,55741791,s68,t10,GTA,conceptual,0,1,0,,,,0,,0,2,,keep
3,55741791,s69,t10,GTA,conceptual,0,1,0,,,,0,,0,1,,keep
3,55741791,s71,t10,GTA,conceptual,0,0,0,,,,0,,,,,
3,55741791,s73,t10,GTA,conceptual,0,1,0,,,,0,,0,2,,keep
3,55741791,s75,t10,GTA,conceptual,0,0,0,,,,0,,,,,
3,55741791,s76,t10,GTA,conceptual,1,0,0,,,,0,,,,,
3,55741791,s77,t10,GTA,conceptual,1,1,0,,,,0,,0,2,,keep
3,55741791,s80,t10,GTA,conceptual,0,0,0,,,,0,,,,,
3,55741791,s81,t10,GTA,conceptual,0,0,0,,,,0,,,,,
3,55741791,s83,t10,GTA,conceptual,0,0,0,,,,0,,,,,
3,55741791,s84,t10,GTA,conceptual,0,0,0,,,,0,,,,,
3,55741791,s85,t10,GTA,conceptual,0,0,0,,,,0,,,,,
3,55741791,s87,t10,GTA,conceptual,0,0,0,,,,0,,,,,
3,55741791,s88,t10,GTA,conceptual,0,1,0,,,,0,,0,1,,keep
3,55741792,s1,t4,UTA,conceptual,1,0,1,1.264,1.264,0.0098,129,,,,,
3,55741792,s2,t4,UTA,conceptual,1,0,1,19.781,19.781,0.14873,133,,,,,
3,55741792,s3,t4,UTA,conceptual,1,0,1,8.913,8.913,0.15107,59,,,,,
3,55741792,s4,t4,UTA,conceptual,1,0,1,1.272,1.272,0.02356,54,,,,,
3,55741792,s5,t4,UTA,conceptual,1,1,1,65.431,65.431,0.467364,140,,0,2,0.3130434783,keep
3,55741792,s6,t4,UTA,conceptual,1,0,1,10.468,10.468,0.1975,53,,,,,
3,55741792,s7,t4,UTA,conceptual,1,0,1,21.323,21.323,0.1679,127,,,,,
3,55741792,s8,t4,UTA,conceptual,1,1,1,11.681,11.681,0.12168,96,3,0,2,0.3265306122,keep
3,55741792,s9,t4,UTA,conceptual,1,1,1,17.173,17.173,0.20943,82,,0,2,0.2461538462,keep
3,55741792,s10,t4,UTA,conceptual,1,1,1,1.41,1.41,0.0034,415,,1,4,1,keep
3,55741792,s11,t4,UTA,conceptual,0,0,1,3.116,3.116,0.3462,9,,,,,
3,55741792,s12,t4,UTA,conceptual,1,0,1,1.146,1.146,0.04244,27,,,,,
3,55741792,s13,t4,UTA,conceptual,0,1,1,3.258,3.258,0.362,9,3,0,2,0.0625,keep
3,55741792,s14,t4,UTA,conceptual,1,1,1,20.225,20.225,0.36773,55,,0,2,0.152173913,keep
3,55741792,s15,t4,UTA,conceptual,1,0,1,8.69,8.69,0.0762,114,,,,,
3,55741792,s16,t4,UTA,conceptual,1,0,1,26.373,26.373,0.32559,81,,,,,
3,55741792,s18,t4,UTA,conceptual,0,0,1,2.567,2.567,0.2852,9,,,,,
3,55741792,s19,t4,UTA,conceptual,1,1,1,6.6,6.6,0.065,101,,0,2,0.2465753425,keep
3,55741792,s22,t4,UTA,conceptual,1,0,1,6.932,6.932,0.07877,88,4,,,,
3,55741792,s23,t4,UTA,conceptual,1,0,1,5.989,5.989,0.2139,28,3,,,,
3,55741792,s25,t4,UTA,conceptual,1,1,1,6.011,6.011,0.21468,28,2,0,2,0.08,keep
3,55741792,s26,t4,UTA,conceptual,1,0,1,1.27,1.27,0.013,98,,,,,
3,55741792,s27,t4,UTA,conceptual,0,0,1,3.283,3.283,0.3648,9,3,,,,
3,55741792,s28,t4,UTA,conceptual,0,0,1,2.805,2.805,0.3117,9,,,,,
3,55741792,s29,t4,UTA,conceptual,0,0,1,17.226,17.226,1.914,9,2,,,,
3,55741792,s30,t4,UTA,conceptual,1,1,1,17.413,17.413,0.13604,128,4,1,2,0.4651162791,keep
3,55741792,s31,t4,UTA,conceptual,1,1,1,6.494,6.494,0.20294,32,,0,2,0.1290322581,keep
3,55741792,s32,t4,UTA,conceptual,0,0,1,2.737,2.737,0.3041,9,4,,,,
3,55741792,s33,t4,UTA,conceptual,1,1,1,2.294,2.294,0.01434,160,,0,2,0.28125,keep
3,55741792,s34,t4,UTA,conceptual,1,0,1,1.171,1.171,0.02661,44,2,,,,
3,55741792,s35,t4,UTA,conceptual,1,1,1,24.866,24.866,0.058098,428,,1,5,1,keep
3,55741792,s36,t4,UTA,conceptual,0,0,1,1.613,1.613,0.03102,52,4,,,,
3,55741792,s37,t4,UTA,conceptual,1,1,1,20.123,20.123,0.7453,27,,0,2,0.07547169811,keep
3,55741792,s38,t4,UTA,conceptual,1,1,1,1.195,1.195,0.00866,138,3,0,2,0.3442622951,keep
3,55741792,s39,t4,UTA,conceptual,1,1,1,1.301,1.301,0.01001,130,,0,2,0.4235294118,keep
3,55741792,s40,t4,UTA,conceptual,1,0,1,1.124,1.124,0.00871,129,,,,,
3,55741792,s41,t4,UTA,conceptual,0,1,1,32.329,32.329,0.52144,62,,0,2,0.3768115942,keep
3,55741792,s42,t4,UTA,conceptual,1,1,1,4.42,4.42,0.02105,210,5,0,2,0.2935779817,keep
3,55741792,s43,t4,UTA,conceptual,1,1,1,8.61,8.61,0.1076,80,,0,2,0.1132075472,keep
3,55741792,s45,t4,UTA,conceptual,0,1,1,1.396,1.396,0.1551,9,,0,2,0,keep
3,55741792,s48,t4,UTA,conceptual,1,0,1,1.444,1.444,0.007805,185,,,,,
3,55741792,s49,t4,UTA,conceptual,1,0,1,12.366,12.366,0.17922,69,,,,,
3,55741792,s50,t4,UTA,conceptual,0,0,1,6.675,6.675,0.7417,9,,,,,
3,55741792,s51,t4,UTA,conceptual,1,1,1,13.758,13.758,0.21838,63,3,0,2,0.2121212121,keep
3,55741792,s52,t4,UTA,conceptual,1,0,1,17.95,17.95,0.2301,78,,,,,
3,55741792,s53,t4,UTA,conceptual,0,0,1,3.474,3.474,0.386,9,,,,,
3,55741792,s54,t4,UTA,conceptual,1,0,1,1.021,1.021,0.01702,60,3,,,,
3,55741792,s55,t4,UTA,conceptual,1,1,1,30.63,30.63,0.3735,82,,0,2,0.3376623377,keep
3,55741792,s56,t4,UTA,conceptual,1,1,1,23.896,23.896,0.36206,66,,0,2,0.1875,keep
3,55741792,s57,t4,UTA,conceptual,1,0,1,28.675,28.675,0.25833,111,,,,,
3,55741792,s58,t4,UTA,conceptual,1,0,1,5.76,5.76,0.2133,27,3,,,,
3,55741792,s59,t4,UTA,conceptual,1,1,1,21.541,21.541,0.18896,114,4,0,2,0.2568807339,keep
3,55741792,s60,t4,UTA,conceptual,1,0,1,10.601,10.601,0.16564,64,,,,,
3,55741792,s61,t4,UTA,conceptual,1,0,1,11.123,11.123,0.04166,267,,,,,
3,55741792,s62,t4,UTA,conceptual,1,1,1,2.256,2.256,0.03133,72,,0,2,0.1523809524,keep
3,55741792,s63,t4,UTA,conceptual,1,1,1,14.352,14.352,0.2708,53,3,0,2,0.1886792453,keep
3,55741792,s64,t4,UTA,conceptual,1,0,1,5.524,5.524,0.2046,27,,,,,
3,55741792,s65,t4,UTA,conceptual,0,1,1,2.869,2.869,0.3188,9,,0,2,0,keep
3,55741792,s66,t4,UTA,conceptual,1,1,1,8.85,8.85,0.0922,96,,0,2,0.2285714286,keep
3,55741792,s67,t4,UTA,conceptual,0,1,1,1.195,1.195,0.01232,97,,0,2,0.2823529412,keep
3,55741792,s68,t4,UTA,conceptual,1,0,1,5.884,5.884,0.21793,27,,,,,
3,55741792,s69,t4,UTA,conceptual,1,0,1,1.47,1.47,0.0544,27,,,,,
3,55741792,s70,t4,UTA,conceptual,1,0,1,1.176,1.176,0.0181,65,,,,,
3,55741792,s71,t4,UTA,conceptual,1,1,1,1.87,1.87,0.0152,123,,0,2,0.24,keep
3,55741792,s72,t4,UTA,conceptual,1,1,1,1.547,1.547,0.00921,168,,0,2,0.2909090909,keep
3,55741792,s73,t4,UTA,conceptual,1,0,1,5.543,5.543,0.2053,27,,,,,
3,55741792,s74,t4,UTA,conceptual,1,0,1,16.677,16.677,0.22536,74,,,,,
3,55741792,s76,t4,UTA,conceptual,1,1,1,2.252,2.252,0.01846,122,,0,2,0.2736842105,keep
3,55741792,s77,t4,UTA,conceptual,1,0,0,0.925,,,0,,,,,
3,55741792,s78,t4,UTA,conceptual,1,1,1,1.408,1.408,0.01224,115,,0,2,0.2608695652,keep
3,55741792,s79,t4,UTA,conceptual,1,1,1,1.154,1.154,0.01861,62,,0,2,0.2295081967,keep
3,55741792,s80,t4,UTA,conceptual,1,1,1,1.801,1.801,0.005344,337,,1,4,0.4933333333,keep
3,55741792,s81,t4,UTA,conceptual,0,1,1,9.598,9.598,0.14325,67,,0,2,0.1818181818,keep
3,55741792,s82,t4,UTA,conceptual,1,1,1,16.399,16.399,0.25229,65,,0,2,0.1176470588,keep
3,55741792,s83,t4,UTA,conceptual,1,1,1,7.022,7.022,0.26007,27,,0,2,0.125,keep
3,55741792,s84,t4,UTA,conceptual,1,1,1,7.106,7.106,0.2632,27,,0,2,0.09090909091,keep
3,55741792,s85,t4,UTA,conceptual,0,1,1,14.938,14.938,1.6598,9,,0,1,0,keep
3,55741792,s86,t4,UTA,conceptual,0,0,1,2.94,2.94,0.327,9,,,,,
3,55741792,s87,t4,UTA,conceptual,1,1,1,7.498,7.498,0.09034,83,,0,2,0.2264150943,keep
3,55741792,s88,t4,UTA,conceptual,0,0,1,31.832,31.832,0.3882,82,,,,,
3,55741793,s1,t2,UTA,conceptual,1,1,1,17.362,17.362,0.054426,319,,0,4,0.3461538462,decrease
3,55741793,s2,t2,UTA,conceptual,1,1,1,1.196,1.196,0.002882,415,,1,5,0.65,decrease
3,55741793,s3,t2,UTA,conceptual,1,1,1,1.646,1.646,0.00862,191,,0,4,0.3211678832,keep
3,55741793,s4,t2,UTA,conceptual,1,1,1,1.094,1.094,0.001864,587,,0,3,0.3505154639,keep
3,55741793,s5,t2,UTA,conceptual,1,0,1,2.031,2.031,0.003413,595,,,,,
3,55741793,s6,t2,UTA,conceptual,1,1,1,1.292,1.292,0.00519,249,,0,2,0.34,keep
3,55741793,s7,t2,UTA,conceptual,1,1,1,3.491,3.491,0.005907,591,,0,4,0.4975124378,keep
3,55741793,s8,t2,UTA,conceptual,1,0,1,1.145,1.145,0.0053,216,3,,,,
3,55741793,s9,t2,UTA,conceptual,1,0,1,1.638,1.638,0.01011,162,,,,,
3,55741793,s10,t2,UTA,conceptual,1,0,1,0.998,0.998,0.00616,162,,,,,
3,55741793,s11,t2,UTA,conceptual,0,1,1,3.082,,,0,,0,2,,keep
3,55741793,s12,t2,UTA,conceptual,1,1,1,10.335,10.335,0.063796,162,,0,2,0.3058823529,keep
3,55741793,s13,t2,UTA,conceptual,1,0,1,1.22,1.22,0.0079,154,4,,,,
3,55741793,s14,t2,UTA,conceptual,1,0,1,1.521,1.521,0.01552,98,,,,,
3,55741793,s15,t2,UTA,conceptual,1,1,1,11.034,11.034,0.033135,333,,0,5,0.4740740741,keep
3,55741793,s16,t2,UTA,conceptual,1,1,1,1.361,1.361,0.00486,280,,1,5,0.5864661654,keep
3,55741793,s18,t2,UTA,conceptual,0,1,1,6.271,6.271,0.04824,130,,0,4,0.2191780822,keep
3,55741793,s19,t2,UTA,conceptual,1,0,1,1.506,1.506,0.009296,162,,,,,
3,55741793,s22,t2,UTA,conceptual,1,1,1,1.248,1.248,0.004657,268,5,0,4,0.4,keep
3,55741793,s23,t2,UTA,conceptual,1,1,1,2.191,2.191,0.01992,110,3,0,2,0.2295081967,keep
3,55741793,s25,t2,UTA,conceptual,1,0,1,1.09,1.09,0.0099,110,2,,,,
3,55741793,s26,t2,UTA,conceptual,1,1,1,2.762,2.762,0.02488,111,,0,2,0.1204819277,keep
3,55741793,s27,t2,UTA,conceptual,0,1,1,1.541,1.541,0.01902,81,4,0,4,0.07619047619,keep
3,55741793,s28,t2,UTA,conceptual,0,1,1,6.381,,,0,,0,1,,keep
3,55741793,s29,t2,UTA,conceptual,1,1,1,2.187,2.187,0.0135,162,1,0,2,0.2597402597,keep
3,55741793,s30,t2,UTA,conceptual,1,0,1,1.333,1.333,0.00617,216,4,,,,
3,55741793,s31,t2,UTA,conceptual,1,0,1,1.526,1.526,0.01387,110,,,,,
3,55741793,s32,t2,UTA,conceptual,0,1,1,2.375,,,0,,0,3,,keep
3,55741793,s33,t2,UTA,conceptual,1,0,1,0.816,0.816,0.00378,216,,,,,
3,55741793,s34,t2,UTA,conceptual,0,1,0,2.898,,,0,,0,3,,keep
3,55741793,s35,t2,UTA,conceptual,1,0,1,0.962,0.962,0.00625,154,,,,,
3,55741793,s36,t2,UTA,conceptual,1,1,1,1.149,1.149,0.00527,218,4,0,4,0.4,keep
3,55741793,s37,t2,UTA,conceptual,1,0,1,1.033,1.033,0.00939,110,,,,,
3,55741793,s38,t2,UTA,conceptual,1,0,1,1.186,1.186,0.005516,215,3,,,,
3,55741793,s39,t2,UTA,conceptual,1,0,1,1.147,1.147,0.01072,107,,,,,
3,55741793,s40,t2,UTA,conceptual,1,1,1,1.348,1.348,0.004464,302,,0,2,0.3434343434,keep
3,55741793,s41,t2,UTA,conceptual,1,0,1,1.229,1.229,0.005186,237,,,,,
3,55741793,s42,t2,UTA,conceptual,1,0,1,1.364,1.364,0.002082,655,5,,,,
3,55741793,s43,t2,UTA,conceptual,1,0,1,1.217,1.217,0.00751,162,,,,,
3,55741793,s45,t2,UTA,conceptual,0,0,1,2.384,2.384,0.02249,106,,,,,
3,55741793,s48,t2,UTA,conceptual,1,1,1,1.778,1.778,0.002804,634,,0,4,0.4854368932,keep
3,55741793,s49,t2,UTA,conceptual,1,1,1,1.516,1.516,0.00702,216,,0,4,0.2962962963,keep
3,55741793,s50,t2,UTA,conceptual,0,1,0,5.269,,,0,,0,3,,keep
3,55741793,s51,t2,UTA,conceptual,1,0,1,1.839,1.839,0.01672,110,3,,,,
3,55741793,s52,t2,UTA,conceptual,1,1,1,19.397,19.397,0.086594,224,,0,5,0.4715447154,keep
3,55741793,s53,t2,UTA,conceptual,1,1,1,5.881,5.881,0.0156,377,,0,4,0.4755244755,keep
3,55741793,s54,t2,UTA,conceptual,1,1,1,1.613,1.613,0.004348,371,3,0,4,0.2297297297,keep
3,55741793,s55,t2,UTA,conceptual,1,0,1,1.755,1.755,0.00954,184,,,,,
3,55741793,s56,t2,UTA,conceptual,1,0,1,1.389,1.389,0.01263,110,,,,,
3,55741793,s57,t2,UTA,conceptual,1,1,1,0.97,0.97,0.00433,224,,1,4,0.3958333333,keep
3,55741793,s58,t2,UTA,conceptual,1,1,1,3.035,3.035,0.018735,162,3,0,2,0.25,keep
3,55741793,s59,t2,UTA,conceptual,1,0,1,1.521,1.521,0.01635,93,4,,,,
3,55741793,s60,t2,UTA,conceptual,1,1,1,3.11,3.11,0.01152,270,,0,4,0.380952381,keep
3,55741793,s61,t2,UTA,conceptual,1,1,1,3.184,3.184,0.004228,753,,0,3,0.4427480916,keep
3,55741793,s62,t2,UTA,conceptual,1,0,1,1.131,1.131,0.003438,329,,,,,
3,55741793,s63,t2,UTA,conceptual,1,0,1,1.835,1.835,0.01133,162,3,,,,
3,55741793,s64,t2,UTA,conceptual,1,1,1,2.829,2.829,0.02572,110,,0,2,0.3461538462,keep
3,55741793,s65,t2,UTA,conceptual,0,0,0,1.409,,,0,,,,,
3,55741793,s66,t2,UTA,conceptual,1,0,1,0.93,0.93,0.00574,162,,,,,
3,55741793,s67,t2,UTA,conceptual,1,0,1,2.163,2.163,0.009656,224,,,,,
3,55741793,s68,t2,UTA,conceptual,1,1,1,2.795,2.795,0.017253,162,,0,2,0.2820512821,keep
3,55741793,s69,t2,UTA,conceptual,1,1,1,1.543,1.543,0.01403,110,,0,1,0.3018867925,keep
3,55741793,s70,t2,UTA,conceptual,1,1,1,5.32,5.32,0.02163,246,,0,4,0.3361344538,keep
3,55741793,s71,t2,UTA,conceptual,1,0,1,1.141,1.141,0.004164,274,,,,,
3,55741793,s72,t2,UTA,conceptual,1,0,1,1.053,1.053,0.00387,272,,,,,
3,55741793,s73,t2,UTA,conceptual,1,1,1,4.751,4.751,0.04319,110,,0,2,0.2692307692,keep
3,55741793,s74,t2,UTA,conceptual,1,1,1,3.237,3.237,0.011814,274,,0,4,0.4460431655,keep
3,55741793,s75,t2,UTA,conceptual,1,0,1,0.966,0.966,0.002654,364,,,,,
3,55741793,s76,t2,UTA,conceptual,1,0,1,2.519,2.519,0.003363,749,,,,,
3,55741793,s77,t2,UTA,conceptual,1,1,1,1.452,1.452,0.00854,170,,0,4,0.5833333333,keep
3,55741793,s78,t2,UTA,conceptual,1,0,1,0.851,0.851,0.00692,123,,,,,
3,55741793,s79,t2,UTA,conceptual,1,0,1,1.308,1.308,0.005317,246,,,,,
3,55741793,s80,t2,UTA,conceptual,1,0,1,1.036,1.036,0.002596,399,,,,,
3,55741793,s81,t2,UTA,conceptual,1,0,1,2.243,2.243,0.02039,110,,,,,
3,55741793,s82,t2,UTA,conceptual,1,0,1,0.947,0.947,0.003456,274,,,,,
3,55741793,s83,t2,UTA,conceptual,1,0,1,1.463,1.463,0.00903,162,,,,,
3,55741793,s84,t2,UTA,conceptual,0,0,0,1.734,,,0,,,,,
3,55741793,s85,t2,UTA,conceptual,1,0,1,1.847,1.847,0.01368,135,3,,,,
3,55741793,s86,t2,UTA,conceptual,1,1,1,9.513,9.513,0.09707,98,2,0,2,0.09009009009,keep
3,55741793,s87,t2,UTA,conceptual,1,0,1,1.001,1.001,0.00439,228,,,,,
3,55741793,s88,t2,UTA,conceptual,1,1,1,3.077,3.077,0.02772,111,,0,2,0.1724137931,keep
3,60047333,s1,t1,UTA,applied,0,0,0,4.327,,,0,,,,,
3,60047333,s2,t1,UTA,applied,0,0,0,1.334,,,0,,,,,
3,60047333,s3,t1,UTA,applied,1,0,0,1.051,,,0,,,,,
3,60047333,s4,t1,UTA,applied,1,0,1,1.124,,,0,,,,,
3,60047333,s5,t1,UTA,applied,0,1,0,5.258,,,0,,0,4,,keep
3,60047333,s6,t1,UTA,applied,1,0,0,1.131,,,0,,,,,
3,60047333,s7,t1,UTA,applied,0,0,0,0.974,,,0,,,,,
3,60047333,s8,t1,UTA,applied,0,1,0,3.272,,,0,,0,3,,keep
3,60047333,s9,t1,UTA,applied,0,1,0,4.475,,,0,,0,4,,keep
3,60047333,s10,t1,UTA,applied,1,1,1,10.699,10.699,0.028081,381,,1,4,1,keep
3,60047333,s11,t1,UTA,applied,0,0,0,0.756,,,0,,,,,
3,60047333,s12,t1,UTA,applied,0,0,0,0.94,,,0,,,,,
3,60047333,s13,t1,UTA,applied,0,1,0,3.185,,,0,3,0,4,,keep
3,60047333,s14,t1,UTA,applied,1,1,1,8.794,8.794,0.042077,209,,1,4,1,keep
3,60047333,s15,t1,UTA,applied,1,0,1,1.121,1.121,0.00346,324,,,,,
3,60047333,s16,t1,UTA,applied,0,0,0,0.775,,,0,,,,,
3,60047333,s18,t1,UTA,applied,1,0,1,0.915,0.915,0.00995,92,,,,,
3,60047333,s19,t1,UTA,applied,1,1,1,68.986,68.986,0.138526,498,,1,5,1,keep
3,60047333,s22,t1,UTA,applied,0,0,0,0.778,,,0,,,,,
3,60047333,s23,t1,UTA,applied,0,0,0,0.903,,,0,3,,,,
3,60047333,s25,t1,UTA,applied,0,1,0,6.383,,,0,,0,3,,keep
3,60047333,s26,t1,UTA,applied,1,0,1,1.279,,,0,,,,,
3,60047333,s27,t1,UTA,applied,0,0,0,1.176,,,0,,,,,
3,60047333,s28,t1,UTA,applied,1,0,1,0.771,,,0,,,,,
3,60047333,s29,t1,UTA,applied,0,0,0,0.77,,,0,,,,,
3,60047333,s30,t1,UTA,applied,0,1,0,5.733,,,0,,0,4,,keep
3,60047333,s31,t1,UTA,applied,1,1,1,10.123,,,0,,0,3,,keep
3,60047333,s32,t1,UTA,applied,0,0,0,0.875,,,0,,,,,
3,60047333,s33,t1,UTA,applied,0,1,0,65.888,,,0,,0,2,,keep
3,60047333,s34,t1,UTA,applied,0,0,0,0.799,,,0,,,,,
3,60047333,s35,t1,UTA,applied,1,1,1,8.968,,,0,,0,4,,keep
3,60047333,s36,t1,UTA,applied,0,0,0,3.593,,,0,,,,,
3,60047333,s37,t1,UTA,applied,0,1,0,4.237,,,0,,0,4,,keep
3,60047333,s38,t1,UTA,applied,1,1,1,68.542,68.542,0.250153,274,5,1,5,0.9904761905,decrease
3,60047333,s39,t1,UTA,applied,1,1,1,13.314,13.314,0.03541,376,,1,4,1,keep
3,60047333,s40,t1,UTA,applied,0,0,0,2.326,,,0,,,,,
3,60047333,s41,t1,UTA,applied,0,1,0,1.415,,,0,,0,4,,keep
3,60047333,s42,t1,UTA,applied,0,1,0,5.504,,,0,,0,4,,keep
3,60047333,s43,t1,UTA,applied,0,1,0,5.174,,,0,,0,4,,keep
3,60047333,s45,t1,UTA,applied,0,1,0,3.82,,,0,,0,4,,keep
3,60047333,s48,t1,UTA,applied,1,0,1,1.066,,,0,,,,,
3,60047333,s49,t1,UTA,applied,0,0,0,1.953,,,0,,,,,
3,60047333,s50,t1,UTA,applied,0,0,0,3.879,,,0,,,,,
3,60047333,s52,t1,UTA,applied,0,0,0,1.026,,,0,,,,,
3,60047333,s53,t1,UTA,applied,0,0,0,0.981,,,0,,,,,
3,60047333,s54,t1,UTA,applied,0,0,0,0.886,,,0,,,,,
3,60047333,s55,t1,UTA,applied,1,1,1,12.162,12.162,0.02644,460,,1,4,1,keep
3,60047333,s56,t1,UTA,applied,0,1,0,2.211,,,0,,0,4,,keep
3,60047333,s57,t1,UTA,applied,0,0,0,1.335,,,0,,,,,
3,60047333,s59,t1,UTA,applied,1,1,1,12.618,12.618,0.044587,283,4,1,5,1,keep
3,60047333,s61,t1,UTA,applied,0,0,0,1.11,,,0,,,,,
3,60047333,s62,t1,UTA,applied,1,1,1,11.167,11.167,0.031545,354,,1,5,1,keep
3,60047333,s63,t1,UTA,applied,1,1,1,14.861,14.861,0.073207,203,3,1,5,1,decrease
3,60047333,s65,t1,UTA,applied,1,1,1,7.882,7.882,0.03599,219,,1,4,1,keep
3,60047333,s66,t1,UTA,applied,1,1,1,12.504,,,0,,0,2,,keep
3,60047333,s67,t1,UTA,applied,0,1,0,4.456,,,0,,0,4,,keep
3,60047333,s69,t1,UTA,applied,0,0,0,0.723,,,0,,,,,
3,60047333,s70,t1,UTA,applied,0,0,0,0.958,,,0,,,,,
3,60047333,s71,t1,UTA,applied,1,1,1,20.456,20.456,0.061614,332,,1,4,1,decrease
3,60047333,s72,t1,UTA,applied,0,1,0,60.368,,,0,,0,3,,keep
3,60047333,s73,t1,UTA,applied,0,0,0,0.958,,,0,,,,,
3,60047333,s74,t1,UTA,applied,0,0,0,1.627,,,0,,,,,
3,60047333,s75,t1,UTA,applied,1,1,1,10.977,10.977,0.036348,302,,1,5,1,keep
3,60047333,s76,t1,UTA,applied,1,1,1,22.033,22.033,0.064424,342,,1,5,1,decrease
3,60047333,s77,t1,UTA,applied,0,0,0,1.782,,,0,,,,,
3,60047333,s78,t1,UTA,applied,1,1,1,38.339,38.339,0.080884,474,,1,5,1,decrease
3,60047333,s79,t1,UTA,applied,0,1,0,2.507,,,0,,0,4,,keep
3,60047333,s80,t1,UTA,applied,1,1,1,8.379,8.379,0.016792,499,,1,4,1,keep
3,60047333,s81,t1,UTA,applied,1,1,1,52.853,52.853,0.163127,324,,1,5,1,decrease
3,60047333,s82,t1,UTA,applied,0,1,0,3.047,,,0,,0,4,,keep
3,60047333,s83,t1,UTA,applied,0,1,0,2.387,,,0,,0,3,,keep
3,60047333,s84,t1,UTA,applied,0,1,0,3.771,,,0,,0,4,,keep
3,60047333,s85,t1,UTA,applied,0,1,0,6.134,,,0,,0,4,,keep
3,60047333,s86,t1,UTA,applied,0,0,0,1.156,,,0,,,,,
3,60047334,s1,t3,UTA,applied,0,1,0,1.07,,,0,,0,3,,keep
3,60047334,s2,t3,UTA,applied,0,1,0,1.127,,,0,,0,3,,keep
3,60047334,s3,t3,UTA,applied,0,1,0,1.253,,,0,,0,3,,keep
3,60047334,s4,t3,UTA,applied,0,1,0,1.408,,,0,,0,3,,keep
3,60047334,s5,t3,UTA,applied,0,0,0,1.129,,,0,,,,,
3,60047334,s6,t3,UTA,applied,0,1,0,1.262,,,0,,0,3,,keep
3,60047334,s7,t3,UTA,applied,0,1,0,2.387,,,0,,0,3,,keep
3,60047334,s8,t3,UTA,applied,0,0,0,0.802,,,0,,,,,
3,60047334,s9,t3,UTA,applied,1,0,0,1.42,1.42,0.029,49,,,,,
3,60047334,s10,t3,UTA,applied,0,0,0,1.105,,,0,,,,,
3,60047334,s11,t3,UTA,applied,0,1,0,0.91,,,0,,0,3,,keep
3,60047334,s12,t3,UTA,applied,0,1,0,0.914,,,0,,0,3,,keep
3,60047334,s13,t3,UTA,applied,0,0,0,0.765,,,0,3,,,,
3,60047334,s14,t3,UTA,applied,0,0,0,0.952,,,0,,,,,
3,60047334,s15,t3,UTA,applied,0,1,0,1.336,,,0,,0,3,,keep
3,60047334,s16,t3,UTA,applied,0,1,0,17.99,,,0,,0,3,,keep
3,60047334,s18,t3,UTA,applied,0,1,0,2.239,,,0,,0,3,,keep
3,60047334,s19,t3,UTA,applied,0,0,0,0.859,,,0,,,,,
3,60047334,s22,t3,UTA,applied,0,1,0,1.303,,,0,,0,3,,keep
3,60047334,s23,t3,UTA,applied,0,1,0,1.644,,,0,3,0,3,,keep
3,60047334,s25,t3,UTA,applied,0,0,0,1.921,,,0,,,,,
3,60047334,s26,t3,UTA,applied,1,1,1,40.216,40.216,0.45187,89,,1,3,0.4347826087,keep
3,60047334,s27,t3,UTA,applied,0,1,1,1.237,1.237,0.01302,95,4,1,4,0.5066666667,keep
3,60047334,s28,t3,UTA,applied,0,1,0,1.193,,,0,,0,3,,keep
3,60047334,s29,t3,UTA,applied,1,1,1,4933.164,4933.164,109.62587,45,4,0,4,0.1395348837,keep
3,60047334,s30,t3,UTA,applied,0,0,0,6.037,,,0,,,,,
3,60047334,s31,t3,UTA,applied,0,0,0,1.114,,,0,,,,,
3,60047334,s32,t3,UTA,applied,0,1,0,1.942,,,0,,0,3,,keep
3,60047334,s33,t3,UTA,applied,0,0,0,1.046,,,0,,,,,
3,60047334,s34,t3,UTA,applied,0,1,0,1.493,,,0,,0,3,,keep
3,60047334,s35,t3,UTA,applied,0,0,0,0.794,,,0,,,,,
3,60047334,s36,t3,UTA,applied,0,1,0,2.378,,,0,,0,3,,keep
3,60047334,s37,t3,UTA,applied,0,0,0,1.181,,,0,,,,,
3,60047334,s38,t3,UTA,applied,0,0,0,1.056,,,0,,,,,
3,60047334,s39,t3,UTA,applied,0,0,0,1.373,,,0,,,,,
3,60047334,s40,t3,UTA,applied,0,1,0,1.379,,,0,,0,4,,keep
3,60047334,s41,t3,UTA,applied,0,0,0,0.806,,,0,,,,,
3,60047334,s42,t3,UTA,applied,1,0,1,15.729,15.729,0.15421,102,5,,,,
3,60047334,s43,t3,UTA,applied,0,0,0,0.722,,,0,,,,,
3,60047334,s45,t3,UTA,applied,0,0,0,1.351,,,0,,,,,
3,60047334,s48,t3,UTA,applied,0,1,0,6.393,,,0,,0,3,,keep
3,60047334,s49,t3,UTA,applied,0,1,0,1.38,,,0,,0,3,,keep
3,60047334,s50,t3,UTA,applied,0,1,0,1.058,,,0,,0,3,,keep
3,60047334,s51,t3,UTA,applied,0,0,0,1.031,,,0,,,,,
3,60047334,s52,t3,UTA,applied,0,1,0,1.173,,,0,,0,3,,keep
3,60047334,s53,t3,UTA,applied,0,1,0,6.434,,,0,,0,3,,keep
3,60047334,s54,t3,UTA,applied,0,1,0,1.351,,,0,,0,3,,keep
3,60047334,s55,t3,UTA,applied,0,0,0,1.235,,,0,,,,,
3,60047334,s56,t3,UTA,applied,0,0,0,0.968,,,0,,,,,
3,60047334,s57,t3,UTA,applied,0,1,0,1.598,,,0,,0,3,,keep
3,60047334,s58,t3,UTA,applied,0,1,0,1.506,,,0,4,0,3,,keep
3,60047334,s59,t3,UTA,applied,0,0,0,1.027,,,0,,,,,
3,60047334,s60,t3,UTA,applied,0,1,0,1.889,,,0,,0,3,,keep
3,60047334,s61,t3,UTA,applied,0,1,0,1.132,,,0,,0,3,,keep
3,60047334,s62,t3,UTA,applied,0,0,0,0.868,,,0,,,,,
3,60047334,s63,t3,UTA,applied,0,0,0,0.824,,,0,3,,,,
3,60047334,s64,t3,UTA,applied,0,1,0,1.68,,,0,,0,3,,keep
3,60047334,s65,t3,UTA,applied,0,0,0,0.934,,,0,,,,,
3,60047334,s66,t3,UTA,applied,0,0,0,0.86,,,0,,,,,
3,60047334,s67,t3,UTA,applied,0,0,0,1.376,,,0,,,,,
3,60047334,s68,t3,UTA,applied,0,1,0,1.3,,,0,,0,3,,keep
3,60047334,s69,t3,UTA,applied,0,1,0,1.119,,,0,,0,3,,keep
3,60047334,s70,t3,UTA,applied,0,1,0,1.031,,,0,,0,3,,keep
3,60047334,s71,t3,UTA,applied,0,0,0,1.027,,,0,,,,,
3,60047334,s72,t3,UTA,applied,0,0,0,1.235,,,0,,,,,
3,60047334,s73,t3,UTA,applied,0,1,0,2.179,,,0,,0,3,,keep
3,60047334,s74,t3,UTA,applied,0,1,0,1.792,,,0,,0,3,,keep
3,60047334,s75,t3,UTA,applied,0,0,0,0.828,,,0,,,,,
3,60047334,s76,t3,UTA,applied,1,0,0,0.832,,,0,,,,,
3,60047334,s77,t3,UTA,applied,0,1,0,1.234,,,0,,0,3,,keep
3,60047334,s78,t3,UTA,applied,0,0,0,4.021,,,0,,,,,
3,60047334,s79,t3,UTA,applied,0,0,0,0.895,,,0,,,,,
3,60047334,s80,t3,UTA,applied,0,0,0,1.325,,,0,,,,,
3,60047334,s81,t3,UTA,applied,0,0,0,0.79,,,0,,,,,
3,60047334,s82,t3,UTA,applied,0,0,0,1.271,,,0,,,,,
3,60047334,s83,t3,UTA,applied,0,0,0,1.06,,,0,,,,,
3,60047334,s84,t3,UTA,applied,0,0,0,1.592,,,0,,,,,
3,60047334,s85,t3,UTA,applied,0,0,0,0.831,,,0,,,,,
3,60047334,s86,t3,UTA,applied,0,1,0,1.933,,,0,,0,3,,keep
3,60047334,s87,t3,UTA,applied,0,0,0,20.512,20.512,0.17532,117,,,,,
3,60047334,s88,t3,UTA,applied,0,1,0,1.233,,,0,,0,3,,keep
3,60048277,s1,t11,GTA,conceptual,0,1,0,1.115,,,0,,0,2,,keep
3,60048277,s3,t11,GTA,conceptual,0,1,0,1.135,,,0,,0,2,,keep
3,60048277,s4,t11,GTA,conceptual,0,1,0,0.938,,,0,,0,2,,keep
3,60048277,s5,t11,GTA,conceptual,0,0,0,0.663,,,0,,,,,
3,60048277,s6,t11,GTA,conceptual,0,1,0,0.841,,,0,,0,2,,keep
3,60048277,s7,t11,GTA,conceptual,0,1,0,1.179,,,0,,0,2,,keep
3,60048277,s8,t11,GTA,conceptual,0,0,0,0.682,,,0,,,,,
3,60048277,s9,t11,GTA,conceptual,1,0,1,1.164,1.164,0.02079,56,,,,,
3,60048277,s10,t11,GTA,conceptual,0,0,0,0.967,,,0,,,,,
3,60048277,s11,t11,GTA,conceptual,0,1,0,1.501,,,0,,0,2,,keep
3,60048277,s12,t11,GTA,conceptual,0,1,0,1.614,,,0,,0,2,,keep
3,60048277,s13,t11,GTA,conceptual,0,0,0,0.715,,,0,3,,,,
3,60048277,s14,t11,GTA,conceptual,0,0,0,0.855,,,0,,,,,
3,60048277,s15,t11,GTA,conceptual,0,1,0,0.826,,,0,,0,2,,keep
3,60048277,s16,t11,GTA,conceptual,0,1,0,1.026,,,0,,0,2,,keep
3,60048277,s18,t11,GTA,conceptual,0,1,0,0.909,,,0,,0,2,,keep
3,60048277,s19,t11,GTA,conceptual,0,0,0,1.399,,,0,,,,,
3,60048277,s22,t11,GTA,conceptual,0,1,0,1.069,,,0,,0,2,,keep
3,60048277,s23,t11,GTA,conceptual,0,1,0,1.217,,,0,3,0,2,,keep
3,60048277,s25,t11,GTA,conceptual,0,0,0,0.824,,,0,,,,,
3,60048277,s26,t11,GTA,conceptual,0,1,0,1.346,,,0,,0,2,,keep
3,60048277,s27,t11,GTA,conceptual,0,1,0,0.879,,,0,,0,2,,keep
3,60048277,s28,t11,GTA,conceptual,0,1,0,1.167,,,0,,0,2,,keep
3,60048277,s29,t11,GTA,conceptual,1,1,1,9.042,9.042,0.029646,305,3,1,5,1,keep
3,60048277,s30,t11,GTA,conceptual,0,0,0,5.131,,,0,,,,,
3,60048277,s31,t11,GTA,conceptual,0,0,0,0.767,,,0,,,,,
3,60048277,s32,t11,GTA,conceptual,0,1,0,1.52,,,0,,0,2,,keep
3,60048277,s33,t11,GTA,conceptual,0,0,0,1.161,,,0,,,,,
3,60048277,s34,t11,GTA,conceptual,0,1,0,0.969,,,0,,0,2,,keep
3,60048277,s35,t11,GTA,conceptual,0,0,0,0.779,,,0,,,,,
3,60048277,s36,t11,GTA,conceptual,0,1,0,1.468,,,0,,0,2,,keep
3,60048277,s37,t11,GTA,conceptual,0,0,0,0.823,,,0,,,,,
3,60048277,s38,t11,GTA,conceptual,0,0,0,0.975,,,0,,,,,
3,60048277,s39,t11,GTA,conceptual,1,0,0,0.974,,,0,,,,,
3,60048277,s40,t11,GTA,conceptual,0,1,0,1.011,,,0,,0,2,,keep
3,60048277,s41,t11,GTA,conceptual,0,0,0,0.713,,,0,,,,,
3,60048277,s42,t11,GTA,conceptual,1,0,0,1.092,1.092,0.01227,89,4,,,,
3,60048277,s43,t11,GTA,conceptual,0,0,0,0.507,,,0,,,,,
3,60048277,s45,t11,GTA,conceptual,0,0,0,0.595,,,0,,,,,
3,60048277,s48,t11,GTA,conceptual,1,1,1,5.902,5.902,0.019288,306,,1,5,1,keep
3,60048277,s49,t11,GTA,conceptual,0,1,0,1.019,,,0,,0,2,,keep
3,60048277,s51,t11,GTA,conceptual,0,0,0,1.13,,,0,,,,,
3,60048277,s52,t11,GTA,conceptual,1,1,0,1.625,,,0,,0,2,,keep
3,60048277,s53,t11,GTA,conceptual,0,1,0,1.283,,,0,,0,2,,keep
3,60048277,s54,t11,GTA,conceptual,0,1,0,1.347,,,0,,0,2,,keep
3,60048277,s55,t11,GTA,conceptual,0,0,0,0.975,,,0,,,,,
3,60048277,s56,t11,GTA,conceptual,0,0,0,0.564,,,0,,,,,
3,60048277,s57,t11,GTA,conceptual,1,1,0,0.807,,,0,,0,2,,keep
3,60048277,s58,t11,GTA,conceptual,0,1,0,1.089,,,0,3,0,2,,keep
3,60048277,s59,t11,GTA,conceptual,0,0,0,0.517,,,0,,,,,
3,60048277,s60,t11,GTA,conceptual,0,1,0,1.674,,,0,,0,2,,keep
3,60048277,s61,t11,GTA,conceptual,0,1,0,0.901,,,0,,0,2,,keep
3,60048277,s62,t11,GTA,conceptual,0,0,0,1.056,,,0,,,,,
3,60048277,s63,t11,GTA,conceptual,1,0,0,7.943,,,0,4,,,,
3,60048277,s64,t11,GTA,conceptual,0,1,0,1.46,,,0,,0,2,,keep
3,60048277,s65,t11,GTA,conceptual,0,0,0,0.617,,,0,,,,,
3,60048277,s66,t11,GTA,conceptual,0,0,0,0.792,,,0,,,,,
3,60048277,s67,t11,GTA,conceptual,0,0,0,0.727,,,0,,,,,
3,60048277,s68,t11,GTA,conceptual,0,1,0,1.153,,,0,,0,2,,keep
3,60048277,s69,t11,GTA,conceptual,0,1,0,0.717,,,0,,0,2,,keep
3,60048277,s70,t11,GTA,conceptual,0,1,0,31.782,,,0,,0,2,,keep
3,60048277,s72,t11,GTA,conceptual,0,0,0,0.763,,,0,,,,,
3,60048277,s73,t11,GTA,conceptual,0,1,0,1.131,,,0,,0,2,,keep
3,60048277,s74,t11,GTA,conceptual,0,1,0,1.79,,,0,,0,2,,keep
3,60048277,s75,t11,GTA,conceptual,0,0,0,0.696,,,0,,,,,
3,60048277,s76,t11,GTA,conceptual,1,0,0,14.568,14.568,0.26014,56,,,,,
3,60048277,s78,t11,GTA,conceptual,0,0,0,0.75,,,0,,,,,
3,60048277,s79,t11,GTA,conceptual,0,0,0,1.142,,,0,,,,,
3,60048277,s80,t11,GTA,conceptual,1,0,0,24.006,,,0,,,,,
3,60048277,s81,t11,GTA,conceptual,0,0,0,0.626,,,0,,,,,
3,60048277,s82,t11,GTA,conceptual,0,0,0,0.746,,,0,,,,,
3,60048277,s83,t11,GTA,conceptual,0,0,0,0.611,,,0,,,,,
3,60048277,s84,t11,GTA,conceptual,1,0,0,1.89,1.89,0.059,32,,,,,
3,60048277,s85,t11,GTA,conceptual,0,0,0,0.786,,,0,,,,,
3,60048277,s86,t11,GTA,conceptual,0,1,0,1.441,,,0,,0,2,,keep
3,60048277,s87,t11,GTA,conceptual,0,0,0,1.255,,,0,,,,,
3,60048277,s88,t11,GTA,conceptual,0,1,0,1.898,,,0,,0,2,,keep
4,55741798,s1,t2,UTA,applied,0,0,1,0.947,,,0,,,,,
4,55741798,s2,t2,UTA,applied,1,1,1,21.93,21.93,0.17,129,4,0,4,0.4761904762,keep
4,55741798,s3,t2,UTA,applied,0,1,1,2.472,,,0,,0,2,,keep
4,55741798,s4,t2,UTA,applied,0,0,0,0.755,,,0,,,,,
4,55741798,s5,t2,UTA,applied,0,0,1,1.054,1.054,0.00817,129,,,,,
4,55741798,s6,t2,UTA,applied,0,0,0,1.008,,,0,,,,,
4,55741798,s7,t2,UTA,applied,0,1,1,3.033,,,0,,0,2,,keep
4,55741798,s8,t2,UTA,applied,1,0,1,5.217,5.217,0.04044,129,,,,,
4,55741798,s9,t2,UTA,applied,0,0,0,3.29,,,0,,,,,
4,55741798,s10,t2,UTA,applied,0,0,0,1.023,,,0,,,,,
4,55741798,s11,t2,UTA,applied,0,1,1,1.181,,,0,,0,4,,keep
4,55741798,s12,t2,UTA,applied,0,1,1,2.19,,,0,3,0,2,,keep
4,55741798,s13,t2,UTA,applied,0,0,0,0.994,,,0,,,,,
4,55741798,s14,t2,UTA,applied,1,0,1,1.053,1.053,0.00816,129,,,,,
4,55741798,s15,t2,UTA,applied,1,1,1,1.407,1.407,0.02759,51,,0,4,0.5416666667,keep
4,55741798,s16,t2,UTA,applied,1,0,1,1.568,1.568,0.03075,51,,,,,
4,55741798,s18,t2,UTA,applied,0,1,1,1.68,,,0,,0,2,,keep
4,55741798,s19,t2,UTA,applied,0,0,0,1.057,,,0,,,,,
4,55741798,s21,t2,UTA,applied,0,0,0,0.945,,,0,,,,,
4,55741798,s22,t2,UTA,applied,0,1,1,5.551,,,0,,0,4,,keep
4,55741798,s23,t2,UTA,applied,0,1,1,1.792,,,0,3,0,2,,keep
4,55741798,s25,t2,UTA,applied,0,1,1,1.278,,,0,4,0,2,,keep
4,55741798,s26,t2,UTA,applied,1,1,1,1.761,1.761,0.01365,129,3,0,4,0.5373134328,keep
4,55741798,s27,t2,UTA,applied,0,0,0,1.652,,,0,,,,,
4,55741798,s28,t2,UTA,applied,0,0,0,1.162,,,0,,,,,
4,55741798,s29,t2,UTA,applied,0,1,1,2.745,,,0,,0,4,,keep
4,55741798,s30,t2,UTA,applied,0,0,0,1.087,,,0,,,,,
4,55741798,s31,t2,UTA,applied,0,1,1,1.367,,,0,,0,2,,keep
4,55741798,s32,t2,UTA,applied,0,1,1,2.931,,,0,,0,2,,keep
4,55741798,s33,t2,UTA,applied,1,1,1,1.773,1.773,0.013744,129,,0,4,0.4941176471,keep
4,55741798,s34,t2,UTA,applied,0,1,1,1.619,,,0,,0,2,,keep
4,55741798,s35,t2,UTA,applied,0,0,0,1.188,,,0,,,,,
4,55741798,s36,t2,UTA,applied,0,0,0,1.163,,,0,,,,,
4,55741798,s37,t2,UTA,applied,0,1,1,2.541,,,0,,0,2,,keep
4,55741798,s38,t2,UTA,applied,0,1,1,1.346,,,0,,0,2,,keep
4,55741798,s39,t2,UTA,applied,0,0,0,1.141,,,0,,,,,
4,55741798,s40,t2,UTA,applied,0,0,0,0.873,,,0,,,,,
4,55741798,s41,t2,UTA,applied,0,1,1,1.526,,,0,4,0,2,,keep
4,55741798,s42,t2,UTA,applied,0,0,0,1.08,,,0,,,,,
4,55741798,s43,t2,UTA,applied,1,0,1,2.348,2.348,0.0182,129,,,,,
4,55741798,s44,t2,UTA,applied,0,1,1,1.622,,,0,4,0,2,,keep
4,55741798,s45,t2,UTA,applied,0,0,0,1.402,,,0,,,,,
4,55741798,s46,t2,UTA,applied,0,1,1,3.387,,,0,,0,1,,keep
4,55741798,s47,t2,UTA,applied,1,0,1,2.926,2.926,0.02268,129,,,,,
4,55741798,s48,t2,UTA,applied,0,0,0,1.755,,,0,,,,,
4,55741798,s49,t2,UTA,applied,0,0,0,0.956,,,0,,,,,
4,55741798,s50,t2,UTA,applied,0,0,0,1.298,,,0,,,,,
4,55741798,s51,t2,UTA,applied,0,1,1,1.19,,,0,,0,2,,keep
4,55741798,s52,t2,UTA,applied,1,1,1,14.726,14.726,0.060106,245,,0,2,0.479338843,keep
4,55741798,s54,t2,UTA,applied,0,1,1,1.248,,,0,,0,2,,keep
4,55741798,s56,t2,UTA,applied,0,0,0,1.615,,,0,,,,,
4,55741798,s57,t2,UTA,applied,1,0,1,1.051,1.051,0.00815,129,,,,,
4,55741798,s58,t2,UTA,applied,0,1,1,1.594,,,0,,0,2,,keep
4,55741798,s59,t2,UTA,applied,1,1,1,2.773,2.773,0.021496,129,4,0,4,0.4,keep
4,55741798,s60,t2,UTA,applied,1,1,1,2.029,2.029,0.03978,51,,0,4,0.4615384615,keep
4,55741798,s61,t2,UTA,applied,0,1,1,1.55,,,0,,0,2,,keep
4,55741798,s62,t2,UTA,applied,0,0,0,1.061,,,0,,,,,
4,55741798,s63,t2,UTA,applied,1,1,1,2.056,2.056,0.01594,129,3,0,4,0.6567164179,keep
4,55741798,s64,t2,UTA,applied,0,1,1,1.2,,,0,,0,3,,keep
4,55741798,s65,t2,UTA,applied,1,0,1,0.952,0.952,0.00738,129,,,,,
4,55741798,s66,t2,UTA,applied,0,0,0,1.113,,,0,,,,,
4,55741798,s67,t2,UTA,applied,0,0,0,1.448,,,0,,,,,
4,55741798,s68,t2,UTA,applied,1,1,1,2.29,2.29,0.0449,51,,1,3,0.625,keep
4,55741798,s69,t2,UTA,applied,0,0,0,1.229,,,0,,,,,
4,55741798,s70,t2,UTA,applied,1,1,1,1.617,1.617,0.012535,129,,0,4,0.5263157895,keep
4,55741798,s71,t2,UTA,applied,1,1,1,2.327,2.327,0.009537,244,,0,4,0.5090909091,decrease
4,55741798,s72,t2,UTA,applied,0,1,1,2.354,,,0,3,0,2,,keep
4,55741798,s73,t2,UTA,applied,1,1,1,1.688,1.688,0.00559,302,4,1,5,0.6917293233,keep
4,55741798,s74,t2,UTA,applied,0,0,0,1.167,,,0,,,,,
4,55741798,s75,t2,UTA,applied,0,1,1,1.392,,,0,,0,2,,keep
4,55741798,s76,t2,UTA,applied,1,0,1,1.324,1.324,0.007397,179,,,,,
4,55741798,s77,t2,UTA,applied,1,0,1,1.706,1.706,0.006963,245,,,,,
4,55741798,s78,t2,UTA,applied,0,1,1,4.338,,,0,,0,2,,keep
4,55741798,s79,t2,UTA,applied,0,1,1,2.793,,,0,,0,2,,keep
4,55741798,s80,t2,UTA,applied,0,0,0,1.147,,,0,,,,,
4,55741798,s81,t2,UTA,applied,0,0,0,0.786,,,0,,,,,
4,55741798,s82,t2,UTA,applied,1,0,1,1.276,1.276,0.01081,118,,,,,
4,55741798,s83,t2,UTA,applied,1,0,1,1.673,1.673,0.0328,51,,,,,
4,55741798,s84,t2,UTA,applied,0,1,1,12.092,,,0,,0,3,,keep
4,55741798,s85,t2,UTA,applied,1,1,1,2.347,2.347,0.01701,138,3,0,4,0.4666666667,keep
4,55741798,s86,t2,UTA,applied,0,0,0,1.09,,,0,1,,,,
4,55741798,s87,t2,UTA,applied,0,1,1,4.315,,,0,,0,3,,keep
4,55741798,s88,t2,UTA,applied,0,1,1,1.254,,,0,,0,4,,keep
4,55741799,s2,t10,GTA,applied,0,0,0,,,,0,,,,,
4,55741799,s3,t10,GTA,applied,0,0,0,,,,0,,,,,
4,55741799,s5,t10,GTA,applied,0,1,0,,,,0,,0,3,,keep
4,55741799,s7,t10,GTA,applied,0,0,0,,,,0,,,,,
4,55741799,s8,t10,GTA,applied,0,1,0,,,,0,,0,3,,keep
4,55741799,s9,t10,GTA,applied,0,1,0,,,,0,,0,3,,keep
4,55741799,s11,t10,GTA,applied,0,0,0,,,,0,,,,,
4,55741799,s12,t10,GTA,applied,0,0,0,,,,0,3,,,,
4,55741799,s13,t10,GTA,applied,0,1,0,,,,0,,0,3,,keep
4,55741799,s15,t10,GTA,applied,0,0,0,,,,0,,,,,
4,55741799,s16,t10,GTA,applied,0,1,0,,,,0,,0,3,,keep
4,55741799,s18,t10,GTA,applied,0,0,0,,,,0,,,,,
4,55741799,s19,t10,GTA,applied,0,1,0,,,,0,,0,3,,keep
4,55741799,s21,t10,GTA,applied,0,1,0,,,,0,,0,3,,keep
4,55741799,s23,t10,GTA,applied,0,0,0,,,,0,3,,,,
4,55741799,s25,t10,GTA,applied,0,0,0,,,,0,,,,,
4,55741799,s27,t10,GTA,applied,0,1,0,,,,0,,0,3,,keep
4,55741799,s28,t10,GTA,applied,1,1,0,,,,0,,0,3,,keep
4,55741799,s29,t10,GTA,applied,0,0,0,,,,0,,,,,
4,55741799,s30,t10,GTA,applied,0,1,0,,,,0,,0,3,,keep
4,55741799,s32,t10,GTA,applied,0,0,0,,,,0,,,,,
4,55741799,s33,t10,GTA,applied,1,0,0,,,,0,,,,,
4,55741799,s34,t10,GTA,applied,0,0,0,,,,0,,,,,
4,55741799,s35,t10,GTA,applied,0,1,0,,,,0,,0,3,,keep
4,55741799,s36,t10,GTA,applied,0,1,0,,,,0,,0,2,,keep
4,55741799,s37,t10,GTA,applied,0,0,0,,,,0,,,,,
4,55741799,s39,t10,GTA,applied,0,1,0,,,,0,,0,3,,keep
4,55741799,s40,t10,GTA,applied,0,1,0,,,,0,,0,3,,keep
4,55741799,s41,t10,GTA,applied,0,0,0,,,,0,4,,,,
4,55741799,s42,t10,GTA,applied,0,1,0,,,,0,,0,3,,keep
4,55741799,s44,t10,GTA,applied,0,0,0,,,,0,4,,,,
4,55741799,s46,t10,GTA,applied,1,0,0,,,,0,,,,,
4,55741799,s47,t10,GTA,applied,0,1,0,,,,0,,0,2,,keep
4,55741799,s48,t10,GTA,applied,0,1,0,,,,0,,0,3,,keep
4,55741799,s49,t10,GTA,applied,0,1,0,,,,0,,0,3,,keep
4,55741799,s50,t10,GTA,applied,0,1,0,,,,0,,0,3,,keep
4,55741799,s51,t10,GTA,applied,0,0,0,,,,0,,,,,
4,55741799,s52,t10,GTA,applied,0,0,0,,,,0,,,,,
4,55741799,s54,t10,GTA,applied,0,0,0,,,,0,,,,,
4,55741799,s56,t10,GTA,applied,0,1,0,,,,0,,0,3,,keep
4,55741799,s57,t10,GTA,applied,0,1,0,,,,0,,0,3,,keep
4,55741799,s58,t10,GTA,applied,0,0,0,,,,0,,,,,
4,55741799,s61,t10,GTA,applied,0,0,0,,,,0,,,,,
4,55741799,s63,t10,GTA,applied,0,0,0,,,,0,3,,,,
4,55741799,s66,t10,GTA,applied,0,1,0,,,,0,,0,3,,keep
4,55741799,s68,t10,GTA,applied,0,0,0,,,,0,,,,,
4,55741799,s69,t10,GTA,applied,0,1,0,,,,0,,0,3,,keep
4,55741799,s70,t10,GTA,applied,0,0,0,,,,0,,,,,
4,55741799,s71,t10,GTA,applied,1,0,0,,,,0,,,,,
4,55741799,s72,t10,GTA,applied,0,0,0,,,,0,3,,,,
4,55741799,s74,t10,GTA,applied,1,1,0,,,,0,,0,3,,keep
4,55741799,s76,t10,GTA,applied,1,1,0,,,,0,,0,3,,keep
4,55741799,s77,t10,GTA,applied,1,1,0,,,,0,,0,4,,keep
4,55741799,s78,t10,GTA,applied,1,0,0,,,,0,,,,,
4,55741799,s80,t10,GTA,applied,0,1,0,,,,0,,0,3,,keep
4,55741799,s81,t10,GTA,applied,0,1,0,,,,0,,0,3,,keep
4,55741799,s82,t10,GTA,applied,0,1,0,,,,0,,0,3,,keep
4,55741799,s83,t10,GTA,applied,0,1,0,,,,0,,0,3,,keep
4,55741799,s84,t10,GTA,applied,0,0,0,,,,0,,,,,
4,55741799,s85,t10,GTA,applied,0,0,0,,,,0,,,,,
4,55741799,s86,t10,GTA,applied,0,1,0,,,,0,,0,3,,keep
4,55741799,s88,t10,GTA,applied,0,0,0,,,,0,,,,,
4,55741802,s1,t4,UTA,applied,0,0,0,0.932,,,0,,,,,
4,55741802,s2,t4,UTA,applied,0,1,0,0.986,,,0,,0,2,,keep
4,55741802,s3,t4,UTA,applied,0,1,0,1.213,,,0,,0,2,,keep
4,55741802,s4,t4,UTA,applied,0,0,0,1.076,,,0,,,,,
4,55741802,s5,t4,UTA,applied,0,0,0,1.012,,,0,,,,,
4,55741802,s6,t4,UTA,applied,0,0,0,1.004,,,0,,,,,
4,55741802,s7,t4,UTA,applied,0,1,1,9.548,9.548,1.0609,9,,0,2,0.05,keep
4,55741802,s8,t4,UTA,applied,0,0,0,1.04,,,0,,,,,
4,55741802,s9,t4,UTA,applied,0,0,0,1.018,,,0,,,,,
4,55741802,s10,t4,UTA,applied,0,0,0,1.015,,,0,,,,,
4,55741802,s11,t4,UTA,applied,0,1,0,1.899,,,0,,0,2,,keep
4,55741802,s12,t4,UTA,applied,0,1,0,2.454,,,0,3,0,2,,keep
4,55741802,s13,t4,UTA,applied,0,0,0,1.024,,,0,,,,,
4,55741802,s14,t4,UTA,applied,0,0,0,0.982,,,0,,,,,
4,55741802,s15,t4,UTA,applied,0,1,0,2.189,,,0,,0,2,,keep
4,55741802,s16,t4,UTA,applied,0,0,0,1.012,,,0,,,,,
4,55741802,s18,t4,UTA,applied,0,1,0,1.152,,,0,,0,2,,keep
4,55741802,s19,t4,UTA,applied,0,0,0,0.975,,,0,,,,,
4,55741802,s21,t4,UTA,applied,0,0,0,0.951,,,0,,,,,
4,55741802,s22,t4,UTA,applied,0,1,0,2.791,,,0,,0,2,,keep
4,55741802,s25,t4,UTA,applied,0,1,0,1.437,,,0,,0,2,,keep
4,55741802,s26,t4,UTA,applied,0,1,0,1.303,,,0,3,0,2,,keep
4,55741802,s27,t4,UTA,applied,0,0,0,1.017,,,0,,,,,
4,55741802,s28,t4,UTA,applied,0,0,0,1.036,,,0,,,,,
4,55741802,s29,t4,UTA,applied,0,1,1,6.261,6.261,0.07366,85,,1,4,1,keep
4,55741802,s30,t4,UTA,applied,0,0,0,1.086,,,0,,,,,
4,55741802,s31,t4,UTA,applied,0,1,0,1.149,,,0,,0,2,,keep
4,55741802,s32,t4,UTA,applied,0,1,0,1.065,,,0,,0,2,,keep
4,55741802,s33,t4,UTA,applied,0,1,0,1.404,,,0,,0,2,,keep
4,55741802,s34,t4,UTA,applied,0,1,0,1.46,,,0,,0,2,,keep
4,55741802,s35,t4,UTA,applied,0,0,0,1.014,,,0,,,,,
4,55741802,s36,t4,UTA,applied,0,0,0,1.102,,,0,,,,,
4,55741802,s37,t4,UTA,applied,0,1,0,1.282,,,0,,0,2,,keep
4,55741802,s38,t4,UTA,applied,0,1,0,1.149,,,0,,0,2,,keep
4,55741802,s39,t4,UTA,applied,0,0,0,1.004,,,0,,,,,
4,55741802,s40,t4,UTA,applied,0,0,0,1.111,,,0,,,,,
4,55741802,s41,t4,UTA,applied,0,1,0,1.12,,,0,5,0,2,,keep
4,55741802,s42,t4,UTA,applied,0,0,0,1.859,,,0,,,,,
4,55741802,s43,t4,UTA,applied,1,0,1,56.135,56.135,0.73862,76,,,,,
4,55741802,s44,t4,UTA,applied,0,1,0,1.017,,,0,4,0,2,,keep
4,55741802,s45,t4,UTA,applied,0,0,0,1.045,,,0,,,,,
4,55741802,s46,t4,UTA,applied,0,1,0,2.021,,,0,,0,2,,keep
4,55741802,s47,t4,UTA,applied,0,0,0,1.45,,,0,,,,,
4,55741802,s48,t4,UTA,applied,0,0,0,0.991,,,0,,,,,
4,55741802,s49,t4,UTA,applied,0,0,0,0.991,,,0,,,,,
4,55741802,s50,t4,UTA,applied,0,0,1,3.076,3.076,0.3418,9,3,,,,
4,55741802,s51,t4,UTA,applied,0,1,0,1.015,,,0,,0,2,,keep
4,55741802,s52,t4,UTA,applied,0,1,0,1.007,,,0,,0,2,,keep
4,55741802,s54,t4,UTA,applied,0,1,0,10.099,,,0,,0,2,,keep
4,55741802,s56,t4,UTA,applied,0,0,0,0.882,,,0,,,,,
4,55741802,s57,t4,UTA,applied,0,0,0,1.021,,,0,,,,,
4,55741802,s58,t4,UTA,applied,0,1,0,1.739,,,0,,0,2,,keep
4,55741802,s59,t4,UTA,applied,0,1,1,1.277,1.277,0.1419,9,1,0,2,0,keep
4,55741802,s60,t4,UTA,applied,0,1,1,5.546,5.546,0.6162,9,,0,2,0.08,keep
4,55741802,s61,t4,UTA,applied,0,1,0,1.501,,,0,,0,2,,keep
4,55741802,s62,t4,UTA,applied,0,0,0,1.015,,,0,,,,,
4,55741802,s63,t4,UTA,applied,0,1,0,1.827,,,0,3,0,2,,keep
4,55741802,s64,t4,UTA,applied,0,1,0,1.225,,,0,,0,2,,keep
4,55741802,s65,t4,UTA,applied,0,0,0,1.085,,,0,,,,,
4,55741802,s66,t4,UTA,applied,0,0,0,1.087,,,0,,,,,
4,55741802,s67,t4,UTA,applied,0,0,0,0.916,,,0,,,,,
4,55741802,s68,t4,UTA,applied,0,1,0,2.044,,,0,,0,2,,keep
4,55741802,s69,t4,UTA,applied,0,0,0,0.943,,,0,,,,,
4,55741802,s70,t4,UTA,applied,0,1,0,2.109,,,0,,0,2,,keep
4,55741802,s71,t4,UTA,applied,1,1,1,15.246,15.246,0.054645,279,,1,4,1,keep
4,55741802,s72,t4,UTA,applied,0,1,0,1.098,,,0,3,0,2,,keep
4,55741802,s73,t4,UTA,applied,0,1,0,1.416,,,0,,0,2,,keep
4,55741802,s74,t4,UTA,applied,0,0,0,1.011,,,0,,,,,
4,55741802,s75,t4,UTA,applied,0,1,0,1.455,,,0,,0,2,,keep
4,55741802,s76,t4,UTA,applied,0,0,0,1.039,,,0,,,,,
4,55741802,s77,t4,UTA,applied,1,0,1,18.517,18.517,0.23146,80,,,,,
4,55741802,s78,t4,UTA,applied,0,1,0,1.347,,,0,,0,2,,keep
4,55741802,s79,t4,UTA,applied,0,1,1,6.079,6.079,0.6754,9,,0,2,0,keep
4,55741802,s80,t4,UTA,applied,0,0,0,1.039,,,0,,,,,
4,55741802,s81,t4,UTA,applied,0,0,0,0.959,,,0,,,,,
4,55741802,s82,t4,UTA,applied,0,0,0,0.93,,,0,,,,,
4,55741802,s83,t4,UTA,applied,0,0,0,1.061,,,0,,,,,
4,55741802,s84,t4,UTA,applied,0,1,1,4.056,4.056,0.4507,9,4,0,2,0,keep
4,55741802,s85,t4,UTA,applied,0,1,0,1.287,,,0,,0,2,,keep
4,55741802,s86,t4,UTA,applied,0,0,1,3.977,3.977,0.4419,9,,,,,
4,55741802,s87,t4,UTA,applied,0,1,1,4.493,4.493,0.4992,9,,0,2,0.09523809524,keep
4,55741802,s88,t4,UTA,applied,0,1,0,1.422,,,0,,0,2,,keep
4,55741803,s1,t9,GTA,applied,0,1,0,,,,0,,0,1,,keep
4,55741803,s2,t9,GTA,applied,0,0,0,,,,0,,,,,
4,55741803,s3,t9,GTA,applied,0,0,0,,,,0,,,,,
4,55741803,s4,t9,GTA,applied,0,1,0,,,,0,,0,1,,keep
4,55741803,s5,t9,GTA,applied,0,1,0,,,,0,,0,1,,keep
4,55741803,s6,t9,GTA,applied,0,1,0,,,,0,,0,1,,keep
4,55741803,s7,t9,GTA,applied,0,0,0,,,,0,,,,,
4,55741803,s8,t9,GTA,applied,0,1,0,,,,0,,0,1,,keep
4,55741803,s9,t9,GTA,applied,0,1,0,,,,0,,0,1,,keep
4,55741803,s10,t9,GTA,applied,0,1,0,,,,0,,0,1,,keep
4,55741803,s11,t9,GTA,applied,0,0,0,,,,0,,,,,
4,55741803,s12,t9,GTA,applied,1,0,0,,,,0,2,,,,
4,55741803,s13,t9,GTA,applied,0,1,0,,,,0,,0,1,,keep
4,55741803,s14,t9,GTA,applied,0,1,0,,,,0,,0,1,,keep
4,55741803,s15,t9,GTA,applied,1,0,1,,,,16,,,,,
4,55741803,s16,t9,GTA,applied,0,1,0,,,,0,,0,1,,keep
4,55741803,s18,t9,GTA,applied,0,0,0,,,,0,,,,,
4,55741803,s19,t9,GTA,applied,0,1,0,,,,0,,0,1,,keep
4,55741803,s21,t9,GTA,applied,0,1,0,,,,0,,0,1,,keep
4,55741803,s22,t9,GTA,applied,0,0,0,,,,0,,,,,
4,55741803,s23,t9,GTA,applied,0,0,0,,,,0,3,,,,
4,55741803,s25,t9,GTA,applied,0,0,0,,,,0,,,,,
4,55741803,s26,t9,GTA,applied,0,0,0,,,,0,3,,,,
4,55741803,s27,t9,GTA,applied,0,1,0,,,,0,,0,1,,keep
4,55741803,s28,t9,GTA,applied,1,1,0,,,,0,,0,1,,keep
4,55741803,s29,t9,GTA,applied,0,0,0,,,,0,,,,,
4,55741803,s30,t9,GTA,applied,0,1,0,,,,0,,0,1,,keep
4,55741803,s31,t9,GTA,applied,0,0,0,,,,0,,,,,
4,55741803,s32,t9,GTA,applied,0,0,0,,,,0,,,,,
4,55741803,s33,t9,GTA,applied,0,0,0,,,,0,,,,,
4,55741803,s34,t9,GTA,applied,1,0,0,,,,0,,,,,
4,55741803,s35,t9,GTA,applied,0,1,0,,,,0,,0,1,,keep
4,55741803,s36,t9,GTA,applied,0,1,0,,,,0,,0,1,,keep
4,55741803,s37,t9,GTA,applied,0,0,0,,,,0,,,,,
4,55741803,s38,t9,GTA,applied,0,0,0,,,,0,,,,,
4,55741803,s39,t9,GTA,applied,0,1,0,,,,0,,0,1,,keep
4,55741803,s40,t9,GTA,applied,0,1,0,,,,0,,0,1,,keep
4,55741803,s41,t9,GTA,applied,0,0,0,,,,0,4,,,,
4,55741803,s42,t9,GTA,applied,0,1,0,,,,0,,0,1,,keep
4,55741803,s43,t9,GTA,applied,0,1,0,,,,0,,0,1,,keep
4,55741803,s44,t9,GTA,applied,0,0,0,,,,0,4,,,,
4,55741803,s45,t9,GTA,applied,0,1,0,,,,0,,0,1,,keep
4,55741803,s46,t9,GTA,applied,1,0,1,,,,35,,,,,
4,55741803,s47,t9,GTA,applied,0,1,0,,,,0,,0,1,,keep
4,55741803,s48,t9,GTA,applied,0,1,0,,,,0,,0,1,,keep
4,55741803,s49,t9,GTA,applied,0,1,0,,,,0,,0,1,,keep
4,55741803,s50,t9,GTA,applied,0,1,0,,,,0,,0,1,,keep
4,55741803,s51,t9,GTA,applied,0,0,0,,,,0,,,,,
4,55741803,s52,t9,GTA,applied,0,0,0,,,,0,,,,,
4,55741803,s54,t9,GTA,applied,0,0,0,,,,0,,,,,
4,55741803,s56,t9,GTA,applied,0,1,0,,,,0,,0,1,,keep
4,55741803,s57,t9,GTA,applied,0,1,0,,,,0,,0,1,,keep
4,55741803,s58,t9,GTA,applied,0,0,0,,,,0,,,,,
4,55741803,s59,t9,GTA,applied,1,0,0,,,,0,,,,,
4,55741803,s60,t9,GTA,applied,0,0,0,,,,0,,,,,
4,55741803,s61,t9,GTA,applied,1,0,0,,,,0,,,,,
4,55741803,s62,t9,GTA,applied,0,1,0,,,,0,,0,1,,keep
4,55741803,s63,t9,GTA,applied,0,0,0,,,,0,3,,,,
4,55741803,s64,t9,GTA,applied,0,0,0,,,,0,,,,,
4,55741803,s65,t9,GTA,applied,0,1,0,,,,0,,0,1,,keep
4,55741803,s66,t9,GTA,applied,0,1,0,,,,0,,0,1,,keep
4,55741803,s67,t9,GTA,applied,0,1,0,,,,0,,0,1,,keep
4,55741803,s68,t9,GTA,applied,0,0,0,,,,0,,,,,
4,55741803,s69,t9,GTA,applied,0,1,0,,,,0,,0,1,,keep
4,55741803,s70,t9,GTA,applied,0,0,0,,,,0,,,,,
4,55741803,s71,t9,GTA,applied,1,0,1,,,,16,,,,,
4,55741803,s72,t9,GTA,applied,0,0,0,,,,0,3,,,,
4,55741803,s73,t9,GTA,applied,0,0,0,,,,0,,,,,
4,55741803,s74,t9,GTA,applied,0,1,0,,,,0,,0,1,,keep
4,55741803,s75,t9,GTA,applied,0,0,0,,,,0,,,,,
4,55741803,s76,t9,GTA,applied,0,1,0,,,,0,,0,1,,keep
4,55741803,s77,t9,GTA,applied,0,1,0,,,,0,,0,1,,keep
4,55741803,s78,t9,GTA,applied,1,0,0,,,,0,,,,,
4,55741803,s79,t9,GTA,applied,0,0,0,,,,0,,,,,
4,55741803,s80,t9,GTA,applied,1,1,0,,,,0,,0,1,,keep
4,55741803,s81,t9,GTA,applied,0,1,0,,,,0,,0,1,,keep
4,55741803,s82,t9,GTA,applied,1,1,1,,,,266,,1,5,1,decrease
4,55741803,s83,t9,GTA,applied,0,1,0,,,,0,,0,1,,keep
4,55741803,s84,t9,GTA,applied,0,0,0,,,,0,,,,,
4,55741803,s85,t9,GTA,applied,0,0,0,,,,0,,,,,
4,55741803,s86,t9,GTA,applied,0,1,0,,,,0,,0,1,,keep
4,55741803,s87,t9,GTA,applied,0,0,0,,,,0,,,,,
4,55741803,s88,t9,GTA,applied,0,0,0,,,,0,,,,,
4,55741805,s1,t8,GTA,conceptual,0,0,0,2.296,,,0,,,,,
4,55741805,s2,t8,GTA,conceptual,0,1,0,1.168,,,0,,0,3,,keep
4,55741805,s3,t8,GTA,conceptual,0,1,0,3.64,,,0,,0,3,,keep
4,55741805,s4,t8,GTA,conceptual,1,0,0,1.469,1.469,0.007856,187,,,,,
4,55741805,s5,t8,GTA,conceptual,0,0,0,1.126,,,0,,,,,
4,55741805,s6,t8,GTA,conceptual,0,0,0,2.204,,,0,,,,,
4,55741805,s7,t8,GTA,conceptual,0,1,0,3.775,,,0,,0,1,,keep
4,55741805,s8,t8,GTA,conceptual,0,0,0,1.449,,,0,,,,,
4,55741805,s9,t8,GTA,conceptual,0,0,0,1.157,,,0,,,,,
4,55741805,s10,t8,GTA,conceptual,0,0,0,1.21,,,0,,,,,
4,55741805,s11,t8,GTA,conceptual,0,1,0,2.272,,,0,,0,3,,keep
4,55741805,s12,t8,GTA,conceptual,0,1,0,3.123,,,0,3,0,3,,keep
4,55741805,s13,t8,GTA,conceptual,0,0,0,1.621,,,0,,,,,
4,55741805,s14,t8,GTA,conceptual,0,0,0,1.191,,,0,,,,,
4,55741805,s15,t8,GTA,conceptual,0,1,0,108.214,,,0,,0,3,,keep
4,55741805,s16,t8,GTA,conceptual,0,0,0,1.534,,,0,,,,,
4,55741805,s18,t8,GTA,conceptual,0,1,0,2.514,,,0,,0,3,,keep
4,55741805,s19,t8,GTA,conceptual,0,0,0,1.473,,,0,,,,,
4,55741805,s21,t8,GTA,conceptual,0,0,0,1.057,,,0,,,,,
4,55741805,s22,t8,GTA,conceptual,0,1,0,3.923,,,0,,0,3,,keep
4,55741805,s23,t8,GTA,conceptual,0,1,0,1.831,,,0,3,0,3,,keep
4,55741805,s25,t8,GTA,conceptual,0,1,0,1.807,,,0,,0,3,,keep
4,55741805,s26,t8,GTA,conceptual,0,1,0,3.454,,,0,3,0,3,,keep
4,55741805,s27,t8,GTA,conceptual,0,0,0,1.542,,,0,,,,,
4,55741805,s28,t8,GTA,conceptual,0,0,0,1.12,,,0,,,,,
4,55741805,s29,t8,GTA,conceptual,0,1,0,7.656,,,0,,0,1,,keep
4,55741805,s30,t8,GTA,conceptual,0,0,0,1.772,,,0,,,,,
4,55741805,s31,t8,GTA,conceptual,0,1,0,3.574,,,0,,0,3,,keep
4,55741805,s32,t8,GTA,conceptual,0,1,0,2.868,,,0,,0,1,,keep
4,55741805,s33,t8,GTA,conceptual,0,1,0,2.296,,,0,,0,4,,keep
4,55741805,s34,t8,GTA,conceptual,0,1,0,3.191,,,0,,0,3,,keep
4,55741805,s35,t8,GTA,conceptual,0,0,0,1.491,,,0,,,,,
4,55741805,s36,t8,GTA,conceptual,0,0,0,1.572,,,0,,,,,
4,55741805,s37,t8,GTA,conceptual,0,1,0,3.524,,,0,,0,3,,keep
4,55741805,s38,t8,GTA,conceptual,0,1,0,6.935,,,0,,0,4,,keep
4,55741805,s39,t8,GTA,conceptual,1,0,1,1.345,1.345,0.007116,189,,,,,
4,55741805,s40,t8,GTA,conceptual,0,0,0,1.739,,,0,,,,,
4,55741805,s41,t8,GTA,conceptual,0,1,0,2.229,,,0,4,0,3,,keep
4,55741805,s42,t8,GTA,conceptual,0,0,0,1.508,,,0,,,,,
4,55741805,s43,t8,GTA,conceptual,0,0,0,1.209,,,0,,,,,
4,55741805,s44,t8,GTA,conceptual,0,1,0,1.718,,,0,4,0,3,,keep
4,55741805,s45,t8,GTA,conceptual,0,0,0,1.228,,,0,,,,,
4,55741805,s46,t8,GTA,conceptual,0,1,0,88.616,,,0,,0,3,,keep
4,55741805,s47,t8,GTA,conceptual,0,0,0,2.154,,,0,,,,,
4,55741805,s48,t8,GTA,conceptual,0,0,0,1.412,,,0,,,,,
4,55741805,s49,t8,GTA,conceptual,1,0,1,2.053,2.053,0.013076,157,4,,,,
4,55741805,s50,t8,GTA,conceptual,0,0,0,1.591,,,0,,,,,
4,55741805,s51,t8,GTA,conceptual,0,1,0,1.794,,,0,,0,3,,keep
4,55741805,s52,t8,GTA,conceptual,0,1,0,2.74,,,0,,0,3,,keep
4,55741805,s54,t8,GTA,conceptual,0,1,0,3.972,,,0,,0,3,,keep
4,55741805,s56,t8,GTA,conceptual,0,0,0,1.666,,,0,,,,,
4,55741805,s57,t8,GTA,conceptual,0,0,0,1.277,,,0,,,,,
4,55741805,s58,t8,GTA,conceptual,0,1,0,2.113,,,0,,0,3,,keep
4,55741805,s59,t8,GTA,conceptual,1,1,1,51.09,51.09,0.12107,422,4,1,5,1,decrease
4,55741805,s60,t8,GTA,conceptual,0,1,0,4.394,,,0,,0,1,,keep
4,55741805,s61,t8,GTA,conceptual,0,1,0,1.74,,,0,,0,3,,keep
4,55741805,s62,t8,GTA,conceptual,0,0,0,1.303,,,0,,,,,
4,55741805,s63,t8,GTA,conceptual,0,1,0,1.723,,,0,3,0,3,,keep
4,55741805,s64,t8,GTA,conceptual,0,1,0,2.809,,,0,,0,3,,keep
4,55741805,s65,t8,GTA,conceptual,0,0,0,1.143,,,0,,,,,
4,55741805,s66,t8,GTA,conceptual,0,0,0,1.714,,,0,,,,,
4,55741805,s67,t8,GTA,conceptual,0,0,0,1.36,,,0,,,,,
4,55741805,s68,t8,GTA,conceptual,0,1,0,4.014,,,0,,0,1,,keep
4,55741805,s69,t8,GTA,conceptual,0,0,0,1.228,,,0,,,,,
4,55741805,s70,t8,GTA,conceptual,1,1,1,10.976,10.976,0.058695,187,,0,4,0.3716814159,keep
4,55741805,s71,t8,GTA,conceptual,0,1,0,22.283,22.283,0.04741,470,,1,4,1,keep
4,55741805,s72,t8,GTA,conceptual,0,1,0,2.836,,,0,3,0,3,,keep
4,55741805,s73,t8,GTA,conceptual,0,1,0,2.437,,,0,,0,3,,keep
4,55741805,s74,t8,GTA,conceptual,0,0,0,1.621,,,0,,,,,
4,55741805,s75,t8,GTA,conceptual,0,1,0,13.28,,,0,,0,3,,keep
4,55741805,s76,t8,GTA,conceptual,0,0,0,1.469,,,0,,,,,
4,55741805,s77,t8,GTA,conceptual,0,0,0,1.808,,,0,,,,,
4,55741805,s78,t8,GTA,conceptual,0,1,0,2.562,,,0,,0,1,,keep
4,55741805,s79,t8,GTA,conceptual,0,1,0,6.838,,,0,,0,1,,keep
4,55741805,s80,t8,GTA,conceptual,0,0,0,1.158,,,0,,,,,
4,55741805,s81,t8,GTA,conceptual,0,0,0,1.224,,,0,,,,,
4,55741805,s82,t8,GTA,conceptual,0,0,0,5.513,,,0,,,,,
4,55741805,s83,t8,GTA,conceptual,0,0,0,1.573,,,0,,,,,
4,55741805,s84,t8,GTA,conceptual,0,1,0,3.47,,,0,,0,1,,keep
4,55741805,s85,t8,GTA,conceptual,0,1,1,16.08,16.08,0.07806,206,,0,3,0.3434343434,keep
4,55741805,s86,t8,GTA,conceptual,0,0,0,1.502,,,0,,,,,
4,55741805,s87,t8,GTA,conceptual,0,1,0,2.14,,,0,,0,1,,keep
4,55741805,s88,t8,GTA,conceptual,0,1,0,13.458,,,0,,0,4,,keep
4,55741806,s1,t11,GTA,conceptual,0,1,0,1.213,,,0,,0,3,,keep
4,55741806,s2,t11,GTA,conceptual,0,0,0,0.721,,,0,,,,,
4,55741806,s3,t11,GTA,conceptual,0,0,0,0.608,,,0,,,,,
4,55741806,s4,t11,GTA,conceptual,0,1,0,0.806,,,0,,0,3,,keep
4,55741806,s5,t11,GTA,conceptual,0,1,0,1.24,,,0,,0,3,,keep
4,55741806,s6,t11,GTA,conceptual,0,1,0,0.838,,,0,,0,2,,keep
4,55741806,s7,t11,GTA,conceptual,0,0,0,1.253,,,0,,,,,
4,55741806,s8,t11,GTA,conceptual,0,1,0,1.254,,,0,,0,2,,keep
4,55741806,s9,t11,GTA,conceptual,0,1,0,1.373,,,0,,0,3,,keep
4,55741806,s10,t11,GTA,conceptual,0,1,0,2.711,,,0,,0,3,,keep
4,55741806,s11,t11,GTA,conceptual,0,0,0,1.127,,,0,,,,,
4,55741806,s12,t11,GTA,conceptual,0,0,0,1.126,,,0,3,,,,
4,55741806,s13,t11,GTA,conceptual,0,1,0,0.868,,,0,,0,3,,keep
4,55741806,s14,t11,GTA,conceptual,0,1,0,1.138,,,0,,0,3,,keep
4,55741806,s15,t11,GTA,conceptual,1,0,1,1.181,,,0,,,,,
4,55741806,s16,t11,GTA,conceptual,0,1,0,1.029,,,0,,0,2,,keep
4,55741806,s18,t11,GTA,conceptual,0,0,0,0.702,,,0,,,,,
4,55741806,s19,t11,GTA,conceptual,0,1,0,0.693,,,0,,0,2,,keep
4,55741806,s21,t11,GTA,conceptual,0,1,0,1.292,,,0,,0,3,,keep
4,55741806,s22,t11,GTA,conceptual,0,0,0,0.684,,,0,,,,,
4,55741806,s23,t11,GTA,conceptual,0,0,0,0.641,,,0,3,,,,
4,55741806,s25,t11,GTA,conceptual,0,0,0,0.65,,,0,,,,,
4,55741806,s26,t11,GTA,conceptual,0,0,0,3.41,,,0,3,,,,
4,55741806,s27,t11,GTA,conceptual,0,1,0,0.982,,,0,,0,3,,keep
4,55741806,s28,t11,GTA,conceptual,0,1,0,0.785,,,0,,0,3,,keep
4,55741806,s29,t11,GTA,conceptual,0,0,0,0.827,,,0,,,,,
4,55741806,s30,t11,GTA,conceptual,0,1,0,0.952,,,0,,0,2,,keep
4,55741806,s31,t11,GTA,conceptual,0,0,0,0.682,,,0,,,,,
4,55741806,s32,t11,GTA,conceptual,0,0,0,0.779,,,0,,,,,
4,55741806,s33,t11,GTA,conceptual,0,0,0,0.651,,,0,,,,,
4,55741806,s34,t11,GTA,conceptual,0,0,0,1.195,,,0,,,,,
4,55741806,s35,t11,GTA,conceptual,0,1,0,1.12,,,0,,0,3,,keep
4,55741806,s36,t11,GTA,conceptual,0,1,0,1.372,,,0,,0,3,,keep
4,55741806,s37,t11,GTA,conceptual,0,0,0,0.884,,,0,,,,,
4,55741806,s38,t11,GTA,conceptual,0,0,0,0.585,,,0,,,,,
4,55741806,s39,t11,GTA,conceptual,1,1,0,1.401,1.401,0.00834,168,,0,2,0.128,keep
4,55741806,s40,t11,GTA,conceptual,0,1,0,0.935,,,0,,0,3,,keep
4,55741806,s41,t11,GTA,conceptual,0,0,0,0.631,,,0,5,,,,
4,55741806,s42,t11,GTA,conceptual,0,1,0,1.378,,,0,,0,2,,keep
4,55741806,s43,t11,GTA,conceptual,0,1,0,2.212,,,0,,0,2,,keep
4,55741806,s44,t11,GTA,conceptual,1,0,0,1.296,1.296,0.04985,26,4,,,,
4,55741806,s45,t11,GTA,conceptual,0,1,0,0.726,,,0,,0,2,,keep
4,55741806,s46,t11,GTA,conceptual,1,0,1,0.979,0.979,0.02646,37,,,,,
4,55741806,s47,t11,GTA,conceptual,0,1,1,2.367,2.367,0.01989,119,,1,4,0.5434782609,increase
4,55741806,s48,t11,GTA,conceptual,0,1,0,1.721,,,0,,0,3,,keep
4,55741806,s49,t11,GTA,conceptual,0,1,0,1.227,,,0,,0,3,,keep
4,55741806,s51,t11,GTA,conceptual,0,0,0,0.824,,,0,,,,,
4,55741806,s52,t11,GTA,conceptual,0,0,0,0.644,,,0,,,,,
4,55741806,s54,t11,GTA,conceptual,0,0,0,1.678,,,0,,,,,
4,55741806,s56,t11,GTA,conceptual,0,1,0,2.769,,,0,,0,3,,keep
4,55741806,s57,t11,GTA,conceptual,0,1,0,1.834,,,0,,0,3,,keep
4,55741806,s58,t11,GTA,conceptual,0,0,0,0.824,,,0,,,,,
4,55741806,s59,t11,GTA,conceptual,0,0,0,1.555,,,0,,,,,
4,55741806,s60,t11,GTA,conceptual,0,0,1,1.486,1.486,0.0437,34,,,,,
4,55741806,s61,t11,GTA,conceptual,1,0,1,1.1,1.1,0.03,38,,,,,
4,55741806,s62,t11,GTA,conceptual,0,1,0,1.008,,,0,,0,3,,keep
4,55741806,s63,t11,GTA,conceptual,0,0,0,1.245,,,0,3,,,,
4,55741806,s64,t11,GTA,conceptual,0,0,0,0.716,,,0,,,,,
4,55741806,s65,t11,GTA,conceptual,0,1,0,1.115,,,0,,0,3,,keep
4,55741806,s66,t11,GTA,conceptual,0,1,0,0.918,,,0,,0,3,,keep
4,55741806,s67,t11,GTA,conceptual,0,1,0,1.054,,,0,,0,3,,keep
4,55741806,s68,t11,GTA,conceptual,0,0,0,1.311,,,0,,,,,
4,55741806,s69,t11,GTA,conceptual,0,1,0,0.893,,,0,,0,2,,keep
4,55741806,s70,t11,GTA,conceptual,0,0,0,0.765,,,0,,,,,
4,55741806,s71,t11,GTA,conceptual,0,0,0,1.108,,,0,,,,,
4,55741806,s72,t11,GTA,conceptual,0,0,0,0.607,,,0,3,,,,
4,55741806,s73,t11,GTA,conceptual,0,0,0,0.681,,,0,,,,,
4,55741806,s74,t11,GTA,conceptual,0,1,0,1.079,,,0,,0,3,,keep
4,55741806,s75,t11,GTA,conceptual,0,0,0,0.563,,,0,,,,,
4,55741806,s76,t11,GTA,conceptual,0,1,0,0.994,,,0,,0,3,,keep
4,55741806,s77,t11,GTA,conceptual,0,1,0,0.655,,,0,,0,3,,keep
4,55741806,s78,t11,GTA,conceptual,0,0,0,0.856,,,0,,,,,
4,55741806,s79,t11,GTA,conceptual,0,0,0,1.306,,,0,,,,,
4,55741806,s80,t11,GTA,conceptual,0,1,0,1.051,,,0,,0,3,,keep
4,55741806,s81,t11,GTA,conceptual,0,1,0,0.969,,,0,,0,3,,keep
4,55741806,s82,t11,GTA,conceptual,0,1,0,1.158,,,0,,0,3,,keep
4,55741806,s83,t11,GTA,conceptual,0,1,0,1.457,,,0,,0,2,,keep
4,55741806,s84,t11,GTA,conceptual,0,0,0,1.311,,,0,,,,,
4,55741806,s85,t11,GTA,conceptual,0,0,0,0.794,,,0,,,,,
4,55741806,s86,t11,GTA,conceptual,0,1,1,3.083,,,0,,0,1,,keep
4,55741806,s87,t11,GTA,conceptual,0,0,0,1.436,,,0,,,,,
4,55741806,s88,t11,GTA,conceptual,0,0,0,1.146,,,0,,,,,
4,55741807,s1,t1,UTA,applied,0,0,0,0.953,,,0,,,,,
4,55741807,s2,t1,UTA,applied,0,1,0,2.403,,,0,,0,4,,keep
4,55741807,s3,t1,UTA,applied,1,1,1,15.476,15.476,0.041714,371,,1,5,1,decrease
4,55741807,s4,t1,UTA,applied,0,0,0,0.589,,,0,,,,,
4,55741807,s5,t1,UTA,applied,0,0,0,1.758,,,0,,,,,
4,55741807,s6,t1,UTA,applied,0,0,0,0.665,,,0,,,,,
4,55741807,s8,t1,UTA,applied,0,0,0,0.604,,,0,,,,,
4,55741807,s9,t1,UTA,applied,0,0,0,0.684,,,0,,,,,
4,55741807,s10,t1,UTA,applied,0,0,0,0.685,,,0,,,,,
4,55741807,s11,t1,UTA,applied,0,1,0,2.134,,,0,,0,4,,keep
4,55741807,s12,t1,UTA,applied,0,1,0,4.235,,,0,3,0,4,,keep
4,55741807,s13,t1,UTA,applied,0,0,0,0.691,,,0,,,,,
4,55741807,s14,t1,UTA,applied,1,0,1,71.699,,,0,,,,,
4,55741807,s15,t1,UTA,applied,1,1,1,20.897,20.897,0.08195,255,,1,4,0.700729927,keep
4,55741807,s16,t1,UTA,applied,0,0,0,0.91,,,0,,,,,
4,55741807,s18,t1,UTA,applied,0,1,0,1.307,,,0,,0,4,,keep
4,55741807,s19,t1,UTA,applied,0,0,0,0.65,,,0,,,,,
4,55741807,s21,t1,UTA,applied,0,0,0,0.622,,,0,,,,,
4,55741807,s22,t1,UTA,applied,0,1,0,3.899,,,0,,0,4,,keep
4,55741807,s23,t1,UTA,applied,0,1,0,2.098,,,0,3,0,4,,keep
4,55741807,s25,t1,UTA,applied,0,1,0,1.001,,,0,,0,4,,keep
4,55741807,s26,t1,UTA,applied,1,1,1,6.67,6.67,0.0158,422,3,1,5,1,keep
4,55741807,s27,t1,UTA,applied,0,0,0,1.268,,,0,,,,,
4,55741807,s28,t1,UTA,applied,0,0,0,0.675,,,0,,,,,
4,55741807,s29,t1,UTA,applied,0,1,0,3.76,,,0,,0,4,,keep
4,55741807,s30,t1,UTA,applied,0,0,0,0.95,,,0,,,,,
4,55741807,s31,t1,UTA,applied,0,1,0,2.027,,,0,,0,4,,keep
4,55741807,s32,t1,UTA,applied,0,1,0,3.382,,,0,,0,4,,keep
4,55741807,s33,t1,UTA,applied,0,1,0,2.635,,,0,,0,4,,keep
4,55741807,s34,t1,UTA,applied,0,1,0,3.773,,,0,,0,4,,keep
4,55741807,s35,t1,UTA,applied,0,0,0,0.776,,,0,,,,,
4,55741807,s36,t1,UTA,applied,0,0,0,0.677,,,0,,,,,
4,55741807,s37,t1,UTA,applied,0,1,0,1.917,,,0,,0,4,,keep
4,55741807,s38,t1,UTA,applied,0,1,0,2.152,,,0,,0,4,,keep
4,55741807,s39,t1,UTA,applied,1,0,0,1.198,,,0,,,,,
4,55741807,s40,t1,UTA,applied,0,0,0,1.006,,,0,,,,,
4,55741807,s41,t1,UTA,applied,0,1,0,2.385,,,0,4,0,4,,keep
4,55741807,s42,t1,UTA,applied,0,0,0,0.804,,,0,,,,,
4,55741807,s43,t1,UTA,applied,0,0,0,21.78,,,0,,,,,
4,55741807,s44,t1,UTA,applied,1,1,0,5.47,,,0,4,0,4,,keep
4,55741807,s45,t1,UTA,applied,0,0,0,0.655,,,0,,,,,
4,55741807,s46,t1,UTA,applied,1,1,0,28.987,,,0,,0,2,,keep
4,55741807,s47,t1,UTA,applied,0,0,0,0.844,,,0,,,,,
4,55741807,s48,t1,UTA,applied,1,0,1,75.514,,,0,,,,,
4,55741807,s49,t1,UTA,applied,0,0,0,5.252,,,0,,,,,
4,55741807,s50,t1,UTA,applied,0,0,0,1.12,,,0,,,,,
4,55741807,s51,t1,UTA,applied,0,1,0,2.456,,,0,,0,4,,keep
4,55741807,s52,t1,UTA,applied,1,1,1,21.434,21.434,0.07968,269,,1,4,1,decrease
4,55741807,s54,t1,UTA,applied,1,1,1,4.398,4.398,0.01641,268,3,1,5,1,decrease
4,55741807,s56,t1,UTA,applied,0,0,0,0.669,,,0,,,,,
4,55741807,s57,t1,UTA,applied,0,0,0,0.919,,,0,,,,,
4,55741807,s58,t1,UTA,applied,0,1,0,5.646,,,0,,0,4,,keep
4,55741807,s59,t1,UTA,applied,1,1,1,39.126,39.126,0.14074,278,4,1,5,1,decrease
4,55741807,s60,t1,UTA,applied,0,1,0,62.962,,,0,,0,3,,keep
4,55741807,s61,t1,UTA,applied,1,1,0,8.512,,,0,,0,4,,keep
4,55741807,s62,t1,UTA,applied,0,0,0,1.267,,,0,,,,,
4,55741807,s63,t1,UTA,applied,0,1,0,30.872,,,0,3,0,4,,keep
4,55741807,s64,t1,UTA,applied,0,1,0,4.552,,,0,,0,4,,keep
4,55741807,s65,t1,UTA,applied,0,0,0,0.733,,,0,,,,,
4,55741807,s66,t1,UTA,applied,0,0,0,1.102,,,0,,,,,
4,55741807,s67,t1,UTA,applied,0,0,0,1.056,,,0,,,,,
4,55741807,s68,t1,UTA,applied,0,1,0,3.871,,,0,,0,4,,keep
4,55741807,s69,t1,UTA,applied,0,0,0,0.681,,,0,,,,,
4,55741807,s70,t1,UTA,applied,0,1,0,4.454,,,0,,0,4,,keep
4,55741807,s71,t1,UTA,applied,1,1,0,9.682,,,0,,0,4,,keep
4,55741807,s72,t1,UTA,applied,0,1,0,5.265,,,0,3,0,4,,keep
4,55741807,s73,t1,UTA,applied,0,1,0,6.373,,,0,,0,4,,keep
4,55741807,s74,t1,UTA,applied,0,0,0,0.672,,,0,,,,,
4,55741807,s75,t1,UTA,applied,0,1,0,1.341,1.341,0.00674,199,,0,4,1,keep
4,55741807,s76,t1,UTA,applied,1,0,0,0.963,,,0,,,,,
4,55741807,s77,t1,UTA,applied,1,0,0,0.805,,,0,,,,,
4,55741807,s78,t1,UTA,applied,0,1,0,5.01,,,0,,0,3,,keep
4,55741807,s79,t1,UTA,applied,0,1,0,1.859,,,0,,0,4,,keep
4,55741807,s80,t1,UTA,applied,0,0,0,1.006,,,0,,,,,
4,55741807,s81,t1,UTA,applied,0,0,0,1.04,,,0,,,,,
4,55741807,s82,t1,UTA,applied,0,0,0,0.893,,,0,,,,,
4,55741807,s83,t1,UTA,applied,0,0,0,1.015,,,0,,,,,
4,55741807,s84,t1,UTA,applied,0,1,0,3.048,,,0,,0,4,,keep
4,55741807,s85,t1,UTA,applied,0,1,0,501.542,,,0,,0,4,,keep
4,55741807,s86,t1,UTA,applied,0,0,0,0.63,,,0,,,,,
4,55741807,s87,t1,UTA,applied,1,1,1,67.74,67.74,0.33206,204,,1,5,0.8453608247,decrease
4,55741807,s88,t1,UTA,applied,0,1,0,1.025,,,0,,0,4,,keep
4,55741811,s1,t3,UTA,applied,0,0,0,0.87,,,0,,,,,
4,55741811,s2,t3,UTA,applied,0,1,0,1.259,,,0,,0,3,,keep
4,55741811,s3,t3,UTA,applied,0,1,0,1.876,,,0,,0,3,,keep
4,55741811,s4,t3,UTA,applied,0,0,0,0.85,,,0,,,,,
4,55741811,s5,t3,UTA,applied,0,0,0,0.721,,,0,,,,,
4,55741811,s6,t3,UTA,applied,0,0,0,0.987,,,0,,,,,
4,55741811,s7,t3,UTA,applied,0,1,1,13.226,,,0,,1,4,,keep
4,55741811,s8,t3,UTA,applied,0,0,0,0.781,,,0,,,,,
4,55741811,s9,t3,UTA,applied,0,0,0,0.716,,,0,,,,,
4,55741811,s10,t3,UTA,applied,0,0,0,0.765,,,0,,,,,
4,55741811,s11,t3,UTA,applied,0,1,0,2.043,,,0,,0,3,,keep
4,55741811,s12,t3,UTA,applied,0,1,0,4.395,,,0,4,0,3,,keep
4,55741811,s13,t3,UTA,applied,0,0,0,0.88,,,0,,,,,
4,55741811,s14,t3,UTA,applied,0,0,0,0.79,,,0,,,,,
4,55741811,s15,t3,UTA,applied,0,1,0,2.493,,,0,,0,3,,keep
4,55741811,s16,t3,UTA,applied,0,0,0,0.724,,,0,,,,,
4,55741811,s18,t3,UTA,applied,0,1,0,1.295,,,0,,0,3,,keep
4,55741811,s19,t3,UTA,applied,0,0,0,0.773,,,0,,,,,
4,55741811,s21,t3,UTA,applied,0,0,0,1.209,,,0,,,,,
4,55741811,s22,t3,UTA,applied,0,1,0,7.607,,,0,,0,3,,keep
4,55741811,s23,t3,UTA,applied,0,1,0,2.117,,,0,3,0,3,,keep
4,55741811,s25,t3,UTA,applied,0,1,0,1.799,,,0,,0,3,,keep
4,55741811,s26,t3,UTA,applied,0,1,0,0.898,,,0,3,0,3,,keep
4,55741811,s27,t3,UTA,applied,0,0,0,0.637,,,0,,,,,
4,55741811,s28,t3,UTA,applied,0,0,0,0.638,,,0,,,,,
4,55741811,s29,t3,UTA,applied,0,1,0,1.951,,,0,,0,3,,keep
4,55741811,s30,t3,UTA,applied,0,0,0,0.761,,,0,,,,,
4,55741811,s31,t3,UTA,applied,0,1,0,1.016,,,0,,0,3,,keep
4,55741811,s32,t3,UTA,applied,0,1,0,1.751,,,0,,0,3,,keep
4,55741811,s33,t3,UTA,applied,0,1,0,2.272,,,0,,0,3,,keep
4,55741811,s34,t3,UTA,applied,0,1,0,0.964,,,0,,0,3,,keep
4,55741811,s35,t3,UTA,applied,0,0,0,0.643,,,0,,,,,
4,55741811,s36,t3,UTA,applied,0,0,0,1.181,,,0,,,,,
4,55741811,s37,t3,UTA,applied,0,1,0,1.013,,,0,,0,3,,keep
4,55741811,s38,t3,UTA,applied,0,1,0,2.443,,,0,,0,3,,keep
4,55741811,s39,t3,UTA,applied,0,0,0,0.818,,,0,,,,,
4,55741811,s40,t3,UTA,applied,0,0,0,1.084,,,0,,,,,
4,55741811,s41,t3,UTA,applied,0,1,0,2.047,,,0,4,0,3,,keep
4,55741811,s42,t3,UTA,applied,0,0,0,0.71,,,0,,,,,
4,55741811,s43,t3,UTA,applied,0,0,0,0.84,,,0,,,,,
4,55741811,s44,t3,UTA,applied,0,1,0,1.121,,,0,4,0,3,,keep
4,55741811,s45,t3,UTA,applied,0,0,0,1.161,,,0,,,,,
4,55741811,s46,t3,UTA,applied,0,1,0,1.538,,,0,,0,3,,keep
4,55741811,s47,t3,UTA,applied,0,0,0,0.814,,,0,,,,,
4,55741811,s48,t3,UTA,applied,0,0,0,0.695,,,0,,,,,
4,55741811,s49,t3,UTA,applied,0,0,0,0.714,,,0,,,,,
4,55741811,s50,t3,UTA,applied,0,0,0,0.946,,,0,,,,,
4,55741811,s51,t3,UTA,applied,0,1,0,0.895,,,0,,0,3,,keep
4,55741811,s52,t3,UTA,applied,0,1,0,1.131,,,0,,0,3,,keep
4,55741811,s54,t3,UTA,applied,0,1,0,2.395,,,0,,0,3,,keep
4,55741811,s56,t3,UTA,applied,0,0,0,0.866,,,0,,,,,
4,55741811,s57,t3,UTA,applied,0,0,0,0.757,,,0,,,,,
4,55741811,s58,t3,UTA,applied,0,1,0,1.257,,,0,,0,3,,keep
4,55741811,s59,t3,UTA,applied,0,1,0,2.092,,,0,,0,3,,keep
4,55741811,s60,t3,UTA,applied,0,1,0,1.985,,,0,,0,3,,keep
4,55741811,s61,t3,UTA,applied,0,1,0,1.042,,,0,,0,3,,keep
4,55741811,s62,t3,UTA,applied,0,0,0,0.763,,,0,,,,,
4,55741811,s63,t3,UTA,applied,1,1,1,90.142,90.142,1.0605,85,3,1,4,0.2637362637,keep
4,55741811,s64,t3,UTA,applied,0,1,0,0.94,,,0,,0,3,,keep
4,55741811,s65,t3,UTA,applied,0,0,0,0.689,,,0,,,,,
4,55741811,s66,t3,UTA,applied,0,0,0,0.855,,,0,,,,,
4,55741811,s67,t3,UTA,applied,0,0,0,0.954,,,0,,,,,
4,55741811,s68,t3,UTA,applied,0,1,0,2.577,,,0,,0,3,,keep
4,55741811,s69,t3,UTA,applied,0,0,0,0.746,,,0,,,,,
4,55741811,s70,t3,UTA,applied,0,1,0,0.81,,,0,,0,3,,keep
4,55741811,s71,t3,UTA,applied,0,1,0,3.746,,,0,,0,3,,keep
4,55741811,s72,t3,UTA,applied,0,1,0,1.064,,,0,3,0,3,,keep
4,55741811,s73,t3,UTA,applied,0,1,0,1.329,,,0,,0,3,,keep
4,55741811,s74,t3,UTA,applied,0,0,0,1.197,,,0,,,,,
4,55741811,s75,t3,UTA,applied,0,1,0,0.949,,,0,,0,3,,keep
4,55741811,s76,t3,UTA,applied,0,0,0,0.721,,,0,,,,,
4,55741811,s77,t3,UTA,applied,0,0,0,0.682,,,0,,,,,
4,55741811,s78,t3,UTA,applied,0,1,0,1.935,,,0,,0,3,,keep
4,55741811,s79,t3,UTA,applied,0,1,0,1.15,,,0,,0,3,,keep
4,55741811,s80,t3,UTA,applied,0,0,0,1.124,,,0,,,,,
4,55741811,s81,t3,UTA,applied,0,0,0,1.1,,,0,,,,,
4,55741811,s82,t3,UTA,applied,0,0,0,1.41,,,0,,,,,
4,55741811,s83,t3,UTA,applied,0,0,0,0.711,,,0,,,,,
4,55741811,s84,t3,UTA,applied,0,1,0,2.395,,,0,,0,3,,keep
4,55741811,s85,t3,UTA,applied,0,1,0,2.206,,,0,,0,3,,keep
4,55741811,s86,t3,UTA,applied,0,0,0,0.895,,,0,,,,,
4,55741811,s87,t3,UTA,applied,0,1,0,1.392,,,0,,0,3,,keep
4,55741811,s88,t3,UTA,applied,0,1,0,2.532,,,0,,0,3,,keep
4,55741812,s1,t5,GTA,applied,1,1,0,11.484,,,0,,0,2,,keep
4,55741812,s2,t5,GTA,applied,0,0,0,0.827,,,0,,,,,
4,55741812,s3,t5,GTA,applied,0,0,0,1.287,,,0,,,,,
4,55741812,s4,t5,GTA,applied,1,1,1,1.014,1.014,0.00346,293,,1,4,1,decrease
4,55741812,s5,t5,GTA,applied,0,1,0,1.999,,,0,,0,4,,keep
4,55741812,s6,t5,GTA,applied,0,1,0,1.294,,,0,,0,3,,keep
4,55741812,s7,t5,GTA,applied,0,0,0,0.799,,,0,,,,,
4,55741812,s8,t5,GTA,applied,0,1,0,3.776,,,0,,0,4,,keep
4,55741812,s9,t5,GTA,applied,0,1,0,1.147,,,0,,0,4,,keep
4,55741812,s10,t5,GTA,applied,0,1,0,4.569,,,0,,0,4,,keep
4,55741812,s11,t5,GTA,applied,0,0,0,1.019,,,0,,,,,
4,55741812,s12,t5,GTA,applied,1,0,0,1.151,,,0,4,,,,
4,55741812,s13,t5,GTA,applied,0,1,0,1.614,,,0,,0,3,,keep
4,55741812,s14,t5,GTA,applied,1,1,1,5.987,5.987,0.018253,328,,1,5,1,keep
4,55741812,s15,t5,GTA,applied,0,0,0,2.323,,,0,,,,,
4,55741812,s16,t5,GTA,applied,1,1,1,10.087,10.087,0.03668,275,,1,5,1,keep
4,55741812,s18,t5,GTA,applied,0,0,0,0.83,,,0,,,,,
4,55741812,s19,t5,GTA,applied,0,1,1,31.275,31.275,0.3814,82,,1,4,0.4285714286,keep
4,55741812,s21,t5,GTA,applied,0,1,0,1.25,,,0,,0,3,,keep
4,55741812,s22,t5,GTA,applied,0,0,0,0.971,,,0,,,,,
4,55741812,s23,t5,GTA,applied,0,0,0,0.818,,,0,3,,,,
4,55741812,s25,t5,GTA,applied,0,0,0,1.061,,,0,,,,,
4,55741812,s26,t5,GTA,applied,0,0,0,0.902,,,0,3,,,,
4,55741812,s27,t5,GTA,applied,0,1,0,3.674,,,0,,0,3,,keep
4,55741812,s28,t5,GTA,applied,0,1,0,1.119,,,0,,0,3,,keep
4,55741812,s29,t5,GTA,applied,0,0,0,0.891,,,0,,,,,
4,55741812,s30,t5,GTA,applied,0,1,0,133.821,,,0,3,0,4,,keep
4,55741812,s31,t5,GTA,applied,0,0,0,1.233,,,0,,,,,
4,55741812,s32,t5,GTA,applied,1,0,0,0.759,,,0,1,,,,
4,55741812,s33,t5,GTA,applied,0,0,0,0.817,,,0,,,,,
4,55741812,s34,t5,GTA,applied,0,0,0,0.974,,,0,,,,,
4,55741812,s35,t5,GTA,applied,0,1,0,11.914,,,0,,0,2,,keep
4,55741812,s36,t5,GTA,applied,0,1,0,1.585,,,0,,0,3,,keep
4,55741812,s37,t5,GTA,applied,0,0,0,0.897,,,0,,,,,
4,55741812,s38,t5,GTA,applied,0,0,0,1.442,,,0,,,,,
4,55741812,s39,t5,GTA,applied,0,1,0,1.318,,,0,,0,3,,keep
4,55741812,s40,t5,GTA,applied,0,1,0,1.488,,,0,,0,3,,keep
4,55741812,s41,t5,GTA,applied,0,0,0,0.853,,,0,4,,,,
4,55741812,s42,t5,GTA,applied,0,1,0,2.466,,,0,,0,3,,keep
4,55741812,s43,t5,GTA,applied,1,1,1,74.518,,,0,,1,4,,decrease
4,55741812,s44,t5,GTA,applied,0,0,0,2.084,,,0,4,,,,
4,55741812,s45,t5,GTA,applied,0,1,0,46.994,,,0,,0,1,,keep
4,55741812,s46,t5,GTA,applied,0,0,0,0.846,,,0,,,,,
4,55741812,s47,t5,GTA,applied,0,1,1,3.366,3.366,0.02979,113,,1,4,0.676056338,keep
4,55741812,s48,t5,GTA,applied,0,1,0,1.471,,,0,,0,3,,keep
4,55741812,s49,t5,GTA,applied,0,1,0,1.945,,,0,,0,4,,keep
4,55741812,s50,t5,GTA,applied,0,1,1,11.541,11.541,0.03551,325,,1,4,1,keep
4,55741812,s51,t5,GTA,applied,0,0,0,0.979,,,0,,,,,
4,55741812,s52,t5,GTA,applied,0,0,0,1.027,,,0,,,,,
4,55741812,s54,t5,GTA,applied,0,0,0,1.188,,,0,,,,,
4,55741812,s56,t5,GTA,applied,0,1,0,1.2,,,0,,0,4,,keep
4,55741812,s57,t5,GTA,applied,0,1,0,1.37,,,0,,0,3,,keep
4,55741812,s58,t5,GTA,applied,0,0,0,0.712,,,0,,,,,
4,55741812,s59,t5,GTA,applied,0,0,0,2.189,,,0,,,,,
4,55741812,s60,t5,GTA,applied,0,0,0,0.779,,,0,,,,,
4,55741812,s61,t5,GTA,applied,0,0,0,0.965,,,0,,,,,
4,55741812,s62,t5,GTA,applied,0,1,0,1.144,,,0,,0,4,,keep
4,55741812,s63,t5,GTA,applied,1,0,0,1.156,,,0,3,,,,
4,55741812,s64,t5,GTA,applied,0,0,0,2.782,,,0,,,,,
4,55741812,s65,t5,GTA,applied,0,1,0,2.199,,,0,,0,3,,keep
4,55741812,s66,t5,GTA,applied,0,1,0,1.097,,,0,,0,3,,keep
4,55741812,s67,t5,GTA,applied,0,1,0,1.468,,,0,,0,3,,keep
4,55741812,s68,t5,GTA,applied,0,0,0,1.028,,,0,,,,,
4,55741812,s69,t5,GTA,applied,0,1,0,1.869,,,0,,0,3,,keep
4,55741812,s70,t5,GTA,applied,0,0,0,1.146,,,0,,,,,
4,55741812,s71,t5,GTA,applied,0,0,0,0.891,,,0,,,,,
4,55741812,s72,t5,GTA,applied,0,0,0,0.937,,,0,3,,,,
4,55741812,s73,t5,GTA,applied,0,0,0,1.319,,,0,,,,,
4,55741812,s74,t5,GTA,applied,0,1,0,1.12,,,0,,0,4,,keep
4,55741812,s75,t5,GTA,applied,0,0,0,1.266,,,0,,,,,
4,55741812,s76,t5,GTA,applied,1,1,1,10.478,10.478,0.08732,120,,1,4,0.6530612245,keep
4,55741812,s77,t5,GTA,applied,0,1,0,2.173,,,0,,0,4,,keep
4,55741812,s78,t5,GTA,applied,0,0,0,0.917,,,0,,,,,
4,55741812,s79,t5,GTA,applied,0,0,0,0.964,,,0,,,,,
4,55741812,s80,t5,GTA,applied,1,1,0,1.081,,,0,,0,2,,keep
4,55741812,s81,t5,GTA,applied,0,1,0,1.531,,,0,,0,4,,keep
4,55741812,s82,t5,GTA,applied,0,1,0,4.079,,,0,,0,4,,keep
4,55741812,s83,t5,GTA,applied,0,1,0,7.348,,,0,,0,3,,keep
4,55741812,s84,t5,GTA,applied,0,0,0,1.421,,,0,,,,,
4,55741812,s85,t5,GTA,applied,1,0,0,1.736,,,0,,,,,
4,55741812,s86,t5,GTA,applied,0,1,1,15.079,15.079,0.043206,349,,1,4,1,keep
4,55741812,s87,t5,GTA,applied,0,0,0,0.774,,,0,,,,,
4,55741812,s88,t5,GTA,applied,0,0,0,1.519,,,0,,,,,